work_year,experience_level,employment_type,job_title,salary,salary_currency,salary_in_usd,employee_residence,remote_ratio,company_location,company_size
2023,Mid-level,Full-Time,Data Analyst,165000,USD,165000,AU,On-site,Australia,M
2023,Mid-level,Full-Time,Data Analyst,70000,USD,70000,US,Fully Remote,United States,M
2024,Mid-level,Full-Time,Machine Learning Engineer,85000,EUR,94444,IE,Fully Remote,Ireland,M
2024,Senior-level,Full-Time,Data Scientist,92700,USD,92700,US,On-site,United States,M
2023,Mid-level,Full-Time,Data Researcher,150000,USD,150000,US,On-site,United States,M
2024,Mid-level,Full-Time,Data Researcher,26000,EUR,28888,PT,On-site,Portugal,M
2023,Executive-level,Full-Time,Machine Learning Engineer,145000,USD,145000,US,Fully Remote,United States,M
2022,Senior-level,Full-Time,Data Scientist,130000,USD,130000,US,Fully Remote,United States,M
2023,Senior-level,Full-Time,Data Scientist,159832,USD,159832,US,On-site,United States,M
2024,Senior-level,Full-Time,Data Engineer,160000,USD,160000,US,On-site,United States,M
2023,Senior-level,Full-Time,Machine Learning Engineer,198200,USD,198200,US,Fully Remote,United States,M
2023,Senior-level,Full-Time,Data Analyst,85000,USD,85000,US,On-site,United States,M
2023,Senior-level,Full-Time,Machine Learning Engineer,161000,GBP,198094,GB,On-site,United Kingdom,M
2023,Entry-level/Junior,Full-Time,Data Engineer,65000,USD,65000,US,On-site,United States,M
2023,Senior-level,Full-Time,Data Scientist,160000,USD,160000,US,On-site,United States,M
2023,Senior-level,Full-Time,Data Scientist,202600,USD,202600,US,Fully Remote,United States,M
2024,Mid-level,Full-Time,Data Engineer,140000,USD,140000,US,On-site,United States,M
2023,Senior-level,Full-Time,Machine Learning Engineer,220000,USD,220000,US,Fully Remote,United States,M
2023,Mid-level,Full-Time,Data Scientist,144000,USD,144000,US,Fully Remote,United States,M
2022,Senior-level,Full-Time,Data Engineer,110500,USD,110500,US,Fully Remote,United States,M
2023,Senior-level,Full-Time,Data Engineer,147500,USD,147500,US,On-site,United States,M
2022,Entry-level/Junior,Full-Time,Machine Learning Engineer,30000,GBP,36940,GB,Fully Remote,United Kingdom,L
2024,Mid-level,Full-Time,Machine Learning Engineer,174000,USD,174000,US,Fully Remote,United States,M
2024,Mid-level,Full-Time,Data Scientist,70000,USD,70000,US,On-site,United States,M
2023,Senior-level,Full-Time,Data Scientist,225000,USD,225000,US,On-site,United States,M
2023,Senior-level,Full-Time,Data Researcher,147100,USD,147100,US,On-site,United States,M
2023,Senior-level,Full-Time,Data Engineer,275300,USD,275300,US,Fully Remote,United States,M
2023,Senior-level,Full-Time,Business Intelligence,110000,USD,110000,US,On-site,United States,M
2024,Senior-level,Full-Time,Data Engineer,123700,USD,123700,US,On-site,United States,L
2023,Mid-level,Full-Time,Data Analyst,55000,EUR,59382,DE,Hybrid,Germany,L
2023,Senior-level,Full-Time,Data Scientist,158677,USD,158677,US,Fully Remote,United States,M
2021,Entry-level/Junior,Full-Time,Data Scientist,2100000,INR,28399,IN,Fully Remote,India,M
2023,Senior-level,Full-Time,Machine Learning Engineer,151600,USD,151600,US,On-site,United States,M
2024,Entry-level/Junior,Full-Time,Business Intelligence,53000,USD,53000,US,On-site,United States,M
2023,Senior-level,Full-Time,Machine Learning Engineer,170200,USD,170200,US,On-site,United States,M
2022,Senior-level,Full-Time,Data Analyst,35000,EUR,36773,ES,On-site,Spain,M
2023,Mid-level,Full-Time,Data Researcher,212800,USD,212800,US,On-site,United States,L
2023,Senior-level,Full-Time,Data Analyst,136000,USD,136000,US,Fully Remote,United States,M
2023,Senior-level,Full-Time,Data Engineer,116455,USD,116455,US,On-site,United States,M
2024,Senior-level,Full-Time,Data Scientist,199700,USD,199700,US,On-site,United States,M
2023,Mid-level,Full-Time,Data Analyst,105000,USD,105000,US,On-site,United States,M
2023,Mid-level,Full-Time,Data Engineer,140000,USD,140000,US,Fully Remote,United States,M
2024,Entry-level/Junior,Full-Time,Data Researcher,300000,USD,300000,US,On-site,United States,M
2021,Mid-level,Full-Time,Data Engineer,38400,EUR,45391,NL,Fully Remote,Netherlands,L
2023,Senior-level,Full-Time,Data Scientist,156400,USD,156400,US,Fully Remote,United States,M
2023,Mid-level,Full-Time,Machine Learning Engineer,300000,USD,300000,US,On-site,United States,M
2023,Mid-level,Full-Time,Data Scientist,220000,USD,220000,US,On-site,United States,M
2024,Mid-level,Full-Time,Data Engineer,113000,USD,113000,US,On-site,United States,M
2024,Senior-level,Full-Time,Data Analyst,165000,USD,165000,US,Fully Remote,United States,M
2023,Senior-level,Full-Time,Data Scientist,143100,USD,143100,CA,On-site,Canada,M
2023,Senior-level,Full-Time,Data Engineer,120000,USD,120000,US,On-site,United States,M
2024,Mid-level,Full-Time,Data Scientist,160000,USD,160000,US,On-site,United States,M
2024,Mid-level,Full-Time,Data Engineer,97000,USD,97000,US,On-site,United States,M
2022,Senior-level,Full-Time,Data Scientist,204100,USD,204100,US,On-site,United States,M
2022,Senior-level,Full-Time,Data Analyst,110600,USD,110600,US,On-site,United States,M
2023,Senior-level,Full-Time,Data Analyst,120000,USD,120000,US,Fully Remote,United States,M
2020,Executive-level,Full-Time,Data Analyst,15000,USD,15000,NG,On-site,Canada,M
2023,Senior-level,Full-Time,Data Engineer,185000,USD,185000,US,On-site,United States,M
2024,Senior-level,Full-Time,Data Scientist,170000,USD,170000,US,On-site,United States,M
2024,Senior-level,Full-Time,Machine Learning Engineer,229900,USD,229900,US,On-site,United States,M
2024,Senior-level,Full-Time,Data Operation,206500,USD,206500,US,On-site,United States,M
2022,Senior-level,Full-Time,Data Analyst,81666,USD,81666,US,Fully Remote,United States,M
2023,Senior-level,Full-Time,Machine Learning Engineer,145000,USD,145000,US,Fully Remote,United States,M
2022,Senior-level,Full-Time,Data Scientist,191475,USD,191475,US,Fully Remote,United States,M
2023,Senior-level,Full-Time,Data Scientist,45000,EUR,48585,ES,On-site,Spain,M
2023,Senior-level,Full-Time,Data Researcher,190400,USD,190400,US,On-site,United States,M
2023,Senior-level,Full-Time,Data Analyst,79000,USD,79000,US,On-site,United States,M
2023,Senior-level,Full-Time,Data Researcher,203000,USD,203000,US,On-site,United States,M
2023,Senior-level,Full-Time,Data Researcher,83000,USD,83000,US,Fully Remote,United States,M
2022,Senior-level,Full-Time,Data Scientist,134000,USD,134000,US,Fully Remote,United States,M
2024,Senior-level,Full-Time,Data Scientist,136000,USD,136000,US,On-site,United States,L
2023,Mid-level,Full-Time,Data Engineer,72000,USD,72000,US,On-site,United States,M
2023,Senior-level,Full-Time,Data Scientist,176000,USD,176000,US,On-site,United States,M
2024,Senior-level,Full-Time,Data Scientist,115800,USD,115800,US,On-site,United States,M
2023,Senior-level,Full-Time,Machine Learning Engineer,140100,USD,140100,US,On-site,United States,M
2024,Senior-level,Full-Time,Data Analyst,133650,USD,133650,US,Fully Remote,United States,M
2024,Senior-level,Full-Time,Data Engineer,94500,USD,94500,US,On-site,United States,M
2024,Senior-level,Full-Time,Data Researcher,176700,USD,176700,US,Fully Remote,United States,M
2023,Entry-level/Junior,Full-Time,Business Intelligence,85600,USD,85600,US,On-site,United States,M
2023,Senior-level,Full-Time,Machine Learning Engineer,176000,USD,176000,US,On-site,United States,M
2023,Senior-level,Full-Time,Data Analyst,119610,USD,119610,US,On-site,United States,M
2023,Senior-level,Full-Time,Machine Learning Engineer,264400,USD,264400,US,Fully Remote,United States,M
2022,Senior-level,Full-Time,Data Engineer,260000,USD,260000,US,On-site,United States,M
2023,Senior-level,Full-Time,Data Engineer,126000,USD,126000,US,On-site,United States,M
2024,Entry-level/Junior,Full-Time,Data Analyst,83300,USD,83300,US,On-site,United States,M
2023,Senior-level,Freelance,Data Researcher,50000,USD,50000,UA,Hybrid,Ukraine,S
2023,Senior-level,Full-Time,Data Researcher,150000,USD,150000,US,Fully Remote,United States,M
2024,Senior-level,Full-Time,Data Scientist,130300,USD,130300,US,On-site,United States,M
2023,Senior-level,Full-Time,Data Scientist,297300,USD,297300,US,Fully Remote,United States,M
2023,Mid-level,Full-Time,Data Operation,90000,USD,90000,US,Fully Remote,United States,M
2023,Mid-level,Full-Time,Data Engineer,240000,USD,240000,US,On-site,United States,M
2023,Senior-level,Full-Time,Data Engineer,73100,USD,73100,US,On-site,United States,M
2024,Senior-level,Full-Time,Machine Learning Engineer,245000,USD,245000,US,Fully Remote,United States,M
2023,Mid-level,Full-Time,Machine Learning Engineer,55000,GBP,67672,GB,Fully Remote,United Kingdom,M
2023,Senior-level,Full-Time,Data Engineer,202000,USD,202000,US,Fully Remote,United States,M
2023,Senior-level,Full-Time,Machine Learning Engineer,66200,EUR,71475,IT,Fully Remote,Italy,M
2024,Mid-level,Full-Time,Machine Learning Engineer,100000,USD,100000,US,Fully Remote,United States,L
2023,Senior-level,Full-Time,Machine Learning Engineer,207700,USD,207700,CA,On-site,Canada,M
2024,Senior-level,Full-Time,Machine Learning Engineer,146900,USD,146900,US,On-site,United States,M
2023,Mid-level,Full-Time,Data Scientist,136000,USD,136000,US,On-site,United States,L
2024,Senior-level,Full-Time,Data Engineer,190000,USD,190000,US,On-site,United States,M
2024,Mid-level,Full-Time,Data Analyst,88000,USD,88000,US,Fully Remote,United States,M
2023,Senior-level,Full-Time,Data Analyst,85000,USD,85000,US,Fully Remote,United States,M
2022,Senior-level,Full-Time,Data Engineer,170000,USD,170000,US,On-site,United States,M
2023,Senior-level,Full-Time,Machine Learning Engineer,160000,USD,160000,US,On-site,United States,M
2023,Senior-level,Full-Time,Business Intelligence,60000,GBP,73824,GB,On-site,United Kingdom,M
2023,Senior-level,Full-Time,Machine Learning Engineer,152300,USD,152300,US,On-site,United States,M
2023,Mid-level,Full-Time,Data Engineer,64300,USD,64300,US,On-site,United States,M
2021,Senior-level,Full-Time,Data Researcher,51400,EUR,60757,PT,Hybrid,Portugal,L
2024,Mid-level,Full-Time,Data Engineer,107800,USD,107800,US,On-site,United States,M
2024,Mid-level,Full-Time,Data Scientist,97060,USD,97060,US,Fully Remote,United States,M
2023,Senior-level,Full-Time,Machine Learning Engineer,172200,USD,172200,US,On-site,United States,M
2024,Senior-level,Full-Time,Data Architect,242100,USD,242100,US,On-site,United States,M
2024,Mid-level,Full-Time,Data Scientist,93900,USD,93900,US,On-site,United States,M
2023,Mid-level,Full-Time,Data Scientist,183310,USD,183310,US,On-site,United States,M
2022,Senior-level,Full-Time,Data Analyst,115934,USD,115934,US,Fully Remote,United States,M
2024,Senior-level,Full-Time,Data Engineer,144000,USD,144000,US,On-site,United States,M
2024,Senior-level,Full-Time,Machine Learning Engineer,219100,USD,219100,US,Fully Remote,United States,M
2022,Senior-level,Full-Time,Data Architect,192564,USD,192564,US,Fully Remote,United States,M
2023,Senior-level,Full-Time,Data Architect,105200,USD,105200,US,On-site,United States,M
2023,Senior-level,Full-Time,Data Scientist,155500,USD,155500,US,On-site,United States,M
2023,Senior-level,Full-Time,Data Scientist,143060,USD,143060,US,On-site,United States,M
2024,Mid-level,Full-Time,Data Engineer,130000,USD,130000,US,On-site,United States,M
2023,Mid-level,Full-Time,Machine Learning Engineer,84000,USD,84000,VN,Fully Remote,Vietnam,M
2022,Senior-level,Full-Time,Data Engineer,141300,USD,141300,US,On-site,United States,M
2023,Senior-level,Full-Time,Machine Learning Engineer,185000,USD,185000,US,On-site,United States,M
2024,Executive-level,Full-Time,Data Analyst,120000,USD,120000,US,On-site,United States,M
2023,Senior-level,Full-Time,Machine Learning Engineer,260000,USD,260000,US,On-site,United States,M
2023,Mid-level,Full-Time,Data Engineer,175000,USD,175000,US,On-site,United States,M
2024,Senior-level,Full-Time,Data Researcher,333500,USD,333500,US,On-site,United States,M
2023,Senior-level,Full-Time,Data Engineer,152000,USD,152000,US,On-site,United States,M
2024,Senior-level,Full-Time,Machine Learning Engineer,220000,USD,220000,US,Fully Remote,United States,M
2023,Senior-level,Full-Time,Data Analyst,110600,USD,110600,US,On-site,United States,M
2023,Executive-level,Full-Time,Data Engineer,225000,USD,225000,US,On-site,United States,M
2024,Executive-level,Full-Time,Data Architect,180000,USD,180000,US,Fully Remote,United States,M
2023,Senior-level,Full-Time,Data Scientist,84700,USD,84700,US,On-site,United States,M
2023,Senior-level,Full-Time,Data Scientist,225000,USD,225000,US,On-site,United States,M
2022,Senior-level,Full-Time,Data Engineer,145000,USD,145000,US,On-site,United States,M
2023,Mid-level,Full-Time,Data Engineer,128000,USD,128000,US,On-site,United States,M
2023,Entry-level/Junior,Full-Time,Data Researcher,195200,USD,195200,US,On-site,United States,L
2024,Senior-level,Full-Time,Data Engineer,45000,GBP,56250,GB,Fully Remote,United Kingdom,M
2023,Executive-level,Full-Time,Data Engineer,239000,USD,239000,US,Fully Remote,United States,M
2023,Senior-level,Full-Time,Data Engineer,90300,USD,90300,US,On-site,United States,M
2023,Mid-level,Full-Time,Data Analyst,52500,USD,52500,US,Fully Remote,United States,M
2022,Senior-level,Full-Time,Data Engineer,247500,USD,247500,US,On-site,United States,M
2024,Senior-level,Full-Time,Machine Learning Engineer,229900,USD,229900,US,On-site,United States,M
2023,Mid-level,Full-Time,Business Intelligence,35000,GBP,43064,GB,On-site,United Kingdom,M
2024,Executive-level,Full-Time,Data Scientist,300000,USD,300000,US,Fully Remote,United States,M
2023,Senior-level,Full-Time,Data Researcher,49500,EUR,53444,ES,Fully Remote,Spain,M
2024,Entry-level/Junior,Full-Time,Data Analyst,100000,USD,100000,US,On-site,United States,M
2024,Senior-level,Full-Time,Data Engineer,162000,USD,162000,US,On-site,United States,M
2023,Mid-level,Full-Time,Data Researcher,200000,USD,200000,US,On-site,United States,M
2024,Mid-level,Full-Time,Data Scientist,68975,USD,68975,CA,On-site,Canada,M
2024,Senior-level,Full-Time,Data Analyst,109000,USD,109000,US,On-site,United States,M
2023,Senior-level,Full-Time,Data Scientist,184700,USD,184700,US,On-site,United States,M
2024,Entry-level/Junior,Full-Time,Data Scientist,60800,USD,60800,US,On-site,United States,M
2023,Senior-level,Full-Time,Data Researcher,253750,USD,253750,ES,On-site,Spain,M
2023,Senior-level,Full-Time,Data Management,145000,USD,145000,US,On-site,United States,M
2023,Senior-level,Full-Time,Data Scientist,204500,USD,204500,US,On-site,United States,M
2023,Senior-level,Full-Time,Data Engineer,140000,USD,140000,US,On-site,United States,M
2023,Senior-level,Full-Time,Machine Learning Engineer,170000,USD,170000,US,On-site,United States,M
2024,Senior-level,Full-Time,Data Scientist,126600,USD,126600,US,On-site,United States,M
2023,Senior-level,Full-Time,Data Engineer,190000,USD,190000,US,Fully Remote,United States,M
2023,Senior-level,Full-Time,Data Scientist,150200,USD,150200,US,On-site,United States,M
2023,Senior-level,Full-Time,Data Analyst,135000,USD,135000,US,On-site,United States,M
2023,Senior-level,Full-Time,Business Intelligence,225000,USD,225000,US,On-site,United States,M
2023,Senior-level,Full-Time,Data Scientist,150000,USD,150000,MX,Fully Remote,Mexico,M
2024,Senior-level,Full-Time,Data Architect,174000,USD,174000,US,On-site,United States,M
2024,Senior-level,Full-Time,Data Researcher,112000,USD,112000,US,On-site,United States,M
2024,Mid-level,Full-Time,Data Researcher,210000,USD,210000,US,On-site,United States,M
2023,Mid-level,Full-Time,Business Intelligence,100000,USD,100000,US,On-site,United States,M
2023,Mid-level,Full-Time,Data Scientist,142200,USD,142200,US,On-site,United States,M
2023,Senior-level,Full-Time,Data Scientist,90700,USD,90700,US,On-site,United States,M
2023,Senior-level,Full-Time,Data Engineer,156000,USD,156000,US,Fully Remote,United States,M
2022,Senior-level,Full-Time,Machine Learning Engineer,164996,USD,164996,US,On-site,United States,M
2024,Senior-level,Full-Time,Data Scientist,154360,USD,154360,US,On-site,United States,M
2023,Executive-level,Full-Time,Data Engineer,221000,USD,221000,US,Fully Remote,United States,M
2023,Senior-level,Full-Time,Business Intelligence,104300,USD,104300,US,On-site,United States,L
2023,Executive-level,Full-Time,Data Architect,180000,USD,180000,US,On-site,United States,M
2023,Senior-level,Full-Time,Data Engineer,130000,USD,130000,US,On-site,United States,M
2023,Senior-level,Full-Time,Data Engineer,130000,USD,130000,US,On-site,United States,M
2023,Senior-level,Full-Time,Data Scientist,299500,USD,299500,US,On-site,United States,M
2024,Mid-level,Full-Time,Data Operation,88000,USD,88000,US,On-site,United States,M
2023,Senior-level,Full-Time,Data Scientist,155000,USD,155000,US,On-site,United States,M
2023,Senior-level,Full-Time,Data Engineer,140000,USD,140000,US,On-site,United States,M
2024,Mid-level,Full-Time,Data Engineer,203500,USD,203500,US,Fully Remote,United States,M
2023,Mid-level,Full-Time,Data Engineer,75000,USD,75000,US,On-site,United States,M
2023,Senior-level,Full-Time,Data Engineer,95325,USD,95325,US,On-site,United States,M
2023,Mid-level,Full-Time,Data Analyst,65000,USD,65000,US,On-site,United States,M
2023,Mid-level,Full-Time,Data Engineer,40000,EUR,43187,PL,Fully Remote,Poland,L
2023,Entry-level/Junior,Full-Time,Data Operation,100000,USD,100000,US,Fully Remote,United States,M
2023,Senior-level,Full-Time,Data Scientist,45000,EUR,48585,ES,On-site,Spain,M
2024,Entry-level/Junior,Full-Time,Machine Learning Engineer,187500,USD,187500,US,On-site,United States,M
2024,Senior-level,Full-Time,Data Management,125500,USD,125500,US,On-site,United States,M
2024,Senior-level,Full-Time,Data Architect,363000,USD,363000,US,On-site,United States,M
2024,Entry-level/Junior,Full-Time,Data Analyst,51500,USD,51500,US,On-site,United States,M
2022,Senior-level,Full-Time,Data Scientist,205000,USD,205000,US,Fully Remote,United States,M
2023,Senior-level,Full-Time,Data Engineer,190000,USD,190000,US,On-site,United States,M
2024,Senior-level,Full-Time,Data Engineer,287500,USD,287500,US,On-site,United States,M
2023,Senior-level,Full-Time,Data Analyst,175000,USD,175000,US,Fully Remote,United States,M
2022,Entry-level/Junior,Part-Time,Data Analyst,24000,EUR,25216,ES,Fully Remote,United States,L
2022,Senior-level,Full-Time,Data Engineer,146000,USD,146000,US,On-site,United States,M
2023,Mid-level,Full-Time,Data Engineer,109000,USD,109000,US,Fully Remote,United States,M
2023,Senior-level,Full-Time,Data Scientist,228045,USD,228045,US,Fully Remote,United States,M
2023,Senior-level,Full-Time,Machine Learning Engineer,128250,USD,128250,US,On-site,United States,M
2023,Senior-level,Full-Time,Machine Learning Engineer,142200,USD,142200,US,On-site,United States,M
2024,Mid-level,Full-Time,Data Management,171000,USD,171000,US,Fully Remote,United States,M
2023,Mid-level,Full-Time,Data Engineer,167500,USD,167500,US,On-site,United States,M
2023,Senior-level,Full-Time,Data Management,140000,USD,140000,US,On-site,United States,M
2023,Senior-level,Full-Time,Data Analyst,150000,USD,150000,US,Fully Remote,United States,M
2023,Senior-level,Full-Time,Data Scientist,140400,USD,140400,US,Fully Remote,United States,M
2023,Senior-level,Full-Time,Data Scientist,138900,USD,138900,US,On-site,United States,M
2024,Mid-level,Full-Time,Data Researcher,295000,USD,295000,US,On-site,United States,M
2023,Executive-level,Full-Time,Data Engineer,265000,USD,265000,US,On-site,United States,M
2023,Senior-level,Full-Time,Data Scientist,151300,USD,151300,US,Fully Remote,United States,M
2023,Senior-level,Full-Time,Data Analyst,87500,USD,87500,US,On-site,United States,M
2024,Entry-level/Junior,Full-Time,Data Analyst,40000,GBP,50000,GB,Fully Remote,United Kingdom,M
2023,Mid-level,Full-Time,Data Engineer,120000,USD,120000,US,Fully Remote,United States,M
2023,Senior-level,Full-Time,Data Analyst,227000,USD,227000,US,On-site,United States,M
2024,Senior-level,Full-Time,Data Architect,86000,USD,86000,US,On-site,United States,M
2024,Mid-level,Full-Time,Data Engineer,140000,USD,140000,US,On-site,United States,M
2023,Senior-level,Full-Time,Data Engineer,141000,USD,141000,US,On-site,United States,M
2022,Senior-level,Full-Time,Data Engineer,185900,USD,185900,US,On-site,United States,M
2023,Mid-level,Full-Time,Data Engineer,58400,USD,58400,US,On-site,United States,M
2023,Senior-level,Full-Time,Data Engineer,150000,USD,150000,US,Fully Remote,United States,M
2024,Mid-level,Full-Time,Data Engineer,115000,USD,115000,US,On-site,United States,M
2023,Executive-level,Full-Time,Data Management,200000,GBP,246080,GB,On-site,United Kingdom,M
2021,Senior-level,Full-Time,Data Engineer,200000,USD,200000,US,Fully Remote,United States,L
2023,Entry-level/Junior,Full-Time,Data Analyst,71615,USD,71615,US,On-site,United States,M
2023,Senior-level,Full-Time,Data Scientist,309400,USD,309400,US,On-site,United States,L
2023,Senior-level,Full-Time,Business Intelligence,115000,USD,115000,US,Fully Remote,United States,M
2024,Mid-level,Full-Time,Data Scientist,130000,USD,130000,US,On-site,United States,M
2024,Senior-level,Full-Time,Machine Learning Engineer,283780,USD,283780,US,On-site,United States,M
2023,Senior-level,Full-Time,Data Scientist,112500,USD,112500,US,Fully Remote,United States,M
2022,Executive-level,Full-Time,Data Engineer,116100,USD,116100,US,Fully Remote,United States,M
2024,Senior-level,Full-Time,Data Scientist,115500,USD,115500,US,Fully Remote,United States,M
2022,Senior-level,Full-Time,Data Scientist,249500,USD,249500,US,On-site,United States,M
2023,Mid-level,Full-Time,Data Scientist,45000,GBP,55368,GB,On-site,United Kingdom,M
2024,Mid-level,Full-Time,Data Engineer,90800,USD,90800,US,On-site,United States,M
2024,Entry-level/Junior,Full-Time,Data Analyst,138000,USD,138000,US,On-site,United States,M
2023,Senior-level,Full-Time,Data Scientist,200000,USD,200000,US,On-site,United States,M
2023,Senior-level,Full-Time,Machine Learning Engineer,170000,USD,170000,US,On-site,United States,M
2023,Senior-level,Full-Time,Machine Learning Engineer,204500,USD,204500,US,On-site,United States,M
2023,Senior-level,Full-Time,Data Scientist,212000,USD,212000,US,On-site,United States,M
2023,Senior-level,Full-Time,Data Researcher,73100,USD,73100,US,On-site,United States,M
2023,Senior-level,Full-Time,Data Scientist,136000,USD,136000,US,On-site,United States,L
2023,Senior-level,Full-Time,Machine Learning Engineer,168700,USD,168700,CA,On-site,Canada,M
2023,Entry-level/Junior,Full-Time,Data Analyst,30000,USD,30000,AR,Fully Remote,United States,S
2023,Mid-level,Full-Time,Data Analyst,70000,USD,70000,US,On-site,United States,M
2023,Senior-level,Full-Time,Business Intelligence,150000,USD,150000,US,On-site,United States,M
2022,Senior-level,Full-Time,Data Engineer,197430,USD,197430,US,Fully Remote,United States,M
2022,Senior-level,Full-Time,Data Engineer,210000,USD,210000,US,Fully Remote,United States,M
2023,Senior-level,Full-Time,Data Scientist,170000,USD,170000,US,On-site,United States,M
2023,Senior-level,Full-Time,Data Scientist,173000,USD,173000,US,Fully Remote,United States,M
2022,Entry-level/Junior,Full-Time,Data Engineer,120000,USD,120000,US,Fully Remote,United States,M
2023,Senior-level,Full-Time,Data Management,130000,USD,130000,US,On-site,United States,M
2024,Mid-level,Full-Time,Data Scientist,222200,USD,222200,US,On-site,United States,L
2023,Senior-level,Full-Time,Data Scientist,300240,USD,300240,US,On-site,United States,M
2024,Entry-level/Junior,Full-Time,Data Analyst,74400,USD,74400,US,Fully Remote,United States,M
2022,Senior-level,Full-Time,Data Engineer,120000,USD,120000,US,On-site,United States,M
2022,Mid-level,Full-Time,Machine Learning Engineer,129300,USD,129300,US,On-site,United States,M
2024,Entry-level/Junior,Full-Time,Machine Learning Engineer,105300,USD,105300,CA,Fully Remote,Canada,M
2022,Senior-level,Full-Time,Data Engineer,122600,USD,122600,US,On-site,United States,M
2023,Executive-level,Full-Time,Data Scientist,145000,USD,145000,US,On-site,United States,M
2021,Senior-level,Full-Time,Data Analyst,170000,USD,170000,US,Fully Remote,United States,L
2024,Mid-level,Full-Time,Data Operation,50000,EUR,55555,DE,On-site,Germany,M
2023,Senior-level,Full-Time,Data Scientist,247600,USD,247600,US,On-site,United States,L
2024,Senior-level,Full-Time,Data Engineer,78900,USD,78900,US,On-site,United States,M
2023,Mid-level,Full-Time,Data Engineer,133000,USD,133000,US,On-site,United States,M
2023,Senior-level,Full-Time,Data Scientist,176000,USD,176000,US,Fully Remote,United States,M
2023,Entry-level/Junior,Full-Time,Data Engineer,130916,USD,130916,US,On-site,United States,M
2023,Senior-level,Full-Time,Machine Learning Engineer,147000,USD,147000,US,On-site,United States,M
2023,Mid-level,Full-Time,Data Engineer,90000,USD,90000,US,Fully Remote,United States,M
2024,Mid-level,Full-Time,Machine Learning Engineer,99100,USD,99100,US,On-site,United States,M
2023,Senior-level,Full-Time,Data Engineer,85500,USD,85500,US,On-site,United States,M
2024,Mid-level,Full-Time,Machine Learning Engineer,130000,USD,130000,US,On-site,United States,M
2023,Senior-level,Full-Time,Business Intelligence,193600,USD,193600,US,On-site,United States,M
2023,Entry-level/Junior,Full-Time,Data Scientist,53000,EUR,57223,NL,Hybrid,Netherlands,L
2023,Mid-level,Full-Time,Data Engineer,95000,GBP,116888,GB,Fully Remote,United Kingdom,L
2023,Senior-level,Full-Time,Data Engineer,205000,USD,205000,US,On-site,United States,M
2023,Senior-level,Full-Time,Data Engineer,106800,USD,106800,US,Fully Remote,United States,M
2023,Mid-level,Full-Time,Data Engineer,90000,USD,90000,US,On-site,United States,M
2024,Mid-level,Full-Time,Data Scientist,231250,USD,231250,US,On-site,United States,M
2023,Senior-level,Full-Time,Data Engineer,200000,USD,200000,US,On-site,United States,M
2023,Senior-level,Full-Time,Machine Learning Engineer,233000,USD,233000,US,On-site,United States,M
2022,Entry-level/Junior,Full-Time,Machine Learning Engineer,108000,USD,108000,US,On-site,United States,S
2022,Senior-level,Full-Time,Machine Learning Engineer,168000,USD,168000,CA,Fully Remote,Canada,M
2023,Mid-level,Full-Time,Data Engineer,181500,USD,181500,US,On-site,United States,M
2024,Mid-level,Full-Time,Data Analyst,124230,USD,124230,US,On-site,United States,M
2023,Senior-level,Full-Time,Data Scientist,222200,USD,222200,US,On-site,United States,L
2022,Senior-level,Full-Time,Data Engineer,225000,USD,225000,US,On-site,United States,M
2023,Senior-level,Full-Time,Data Scientist,250000,USD,250000,US,On-site,United States,M
2023,Senior-level,Full-Time,Data Analyst,135000,USD,135000,US,Fully Remote,United States,M
2024,Senior-level,Full-Time,Machine Learning Engineer,230000,USD,230000,US,Fully Remote,United States,M
2022,Senior-level,Full-Time,Data Engineer,35000,EUR,36773,ES,On-site,Spain,M
2024,Mid-level,Full-Time,Data Engineer,73100,USD,73100,US,On-site,United States,M
2023,Senior-level,Full-Time,Data Engineer,130000,USD,130000,US,Fully Remote,United States,M
2022,Senior-level,Full-Time,Data Engineer,63000,USD,63000,US,On-site,United States,M
2024,Senior-level,Full-Time,Data Analyst,112715,USD,112715,US,On-site,United States,M
2024,Senior-level,Full-Time,Data Scientist,215000,USD,215000,US,On-site,United States,M
2023,Senior-level,Full-Time,Data Scientist,136000,USD,136000,US,On-site,United States,L
2023,Senior-level,Full-Time,Data Engineer,151000,USD,151000,CA,Fully Remote,Canada,M
2024,Senior-level,Full-Time,Data Engineer,187000,USD,187000,US,On-site,United States,M
2023,Mid-level,Full-Time,Data Researcher,220000,USD,220000,US,On-site,United States,M
2024,Mid-level,Full-Time,Data Operation,73000,USD,73000,US,On-site,United States,M
2024,Entry-level/Junior,Full-Time,Data Analyst,96800,USD,96800,US,On-site,United States,M
2023,Mid-level,Full-Time,Data Scientist,93918,USD,93918,US,Fully Remote,United States,M
2024,Entry-level/Junior,Full-Time,Data Analyst,106875,USD,106875,US,On-site,United States,M
2023,Senior-level,Full-Time,Machine Learning Engineer,152000,USD,152000,US,Fully Remote,United States,M
2023,Senior-level,Full-Time,Data Analyst,144000,USD,144000,GB,On-site,United Kingdom,M
2022,Senior-level,Full-Time,Data Scientist,177500,USD,177500,US,Fully Remote,United States,M
2024,Senior-level,Full-Time,Data Engineer,161500,USD,161500,US,On-site,United States,M
2024,Mid-level,Full-Time,Data Scientist,212000,USD,212000,EG,On-site,Egypt,M
2023,Senior-level,Full-Time,Data Scientist,160000,USD,160000,US,On-site,United States,M
2024,Senior-level,Full-Time,Data Architect,160000,USD,160000,US,On-site,United States,M
2023,Senior-level,Full-Time,Machine Learning Engineer,142200,USD,142200,US,On-site,United States,M
2024,Senior-level,Full-Time,Data Analyst,193000,USD,193000,US,Fully Remote,United States,M
2023,Senior-level,Full-Time,Business Intelligence,202800,USD,202800,US,On-site,United States,L
2023,Senior-level,Full-Time,Machine Learning Engineer,250500,USD,250500,US,On-site,United States,M
2023,Senior-level,Full-Time,Machine Learning Engineer,163200,USD,163200,US,On-site,United States,M
2023,Senior-level,Full-Time,Data Scientist,212800,USD,212800,US,On-site,United States,L
2023,Mid-level,Full-Time,Data Analyst,242100,USD,242100,US,On-site,United States,M
2024,Mid-level,Full-Time,Data Scientist,110000,USD,110000,US,Fully Remote,United States,M
2023,Mid-level,Full-Time,Data Scientist,90000,USD,90000,US,Fully Remote,United States,M
2023,Senior-level,Full-Time,Data Scientist,170186,USD,170186,US,On-site,United States,M
2024,Mid-level,Full-Time,Data Engineer,102000,USD,102000,US,On-site,United States,M
2023,Senior-level,Full-Time,Data Analyst,153300,USD,153300,US,Fully Remote,United States,M
2022,Senior-level,Full-Time,Data Analyst,150000,USD,150000,US,Fully Remote,United States,M
2024,Entry-level/Junior,Full-Time,Business Intelligence,92000,USD,92000,AU,On-site,Australia,M
2023,Senior-level,Full-Time,Data Engineer,128000,USD,128000,US,On-site,United States,M
2023,Mid-level,Full-Time,Machine Learning Engineer,50000,USD,50000,US,Fully Remote,United States,M
2023,Mid-level,Full-Time,Business Intelligence,81500,USD,81500,US,On-site,United States,M
2022,Senior-level,Full-Time,Data Engineer,216000,USD,216000,US,Fully Remote,United States,M
2024,Entry-level/Junior,Full-Time,Data Researcher,193500,USD,193500,US,On-site,United States,M
2023,Mid-level,Full-Time,Machine Learning Engineer,120000,USD,120000,US,On-site,United States,S
2023,Entry-level/Junior,Part-Time,Data Analyst,78000,PLN,18160,PL,Fully Remote,India,L
2024,Senior-level,Full-Time,Data Scientist,234700,USD,234700,US,On-site,United States,M
2023,Mid-level,Full-Time,Data Researcher,118800,USD,118800,US,Fully Remote,United States,M
2022,Senior-level,Full-Time,Data Engineer,181940,USD,181940,US,On-site,United States,M
2023,Senior-level,Full-Time,Machine Learning Engineer,125000,USD,125000,US,On-site,United States,M
2023,Entry-level/Junior,Full-Time,Data Engineer,58000,USD,58000,US,Fully Remote,United States,M
2024,Mid-level,Full-Time,Data Scientist,140400,USD,140400,US,Fully Remote,United States,M
2024,Senior-level,Full-Time,Data Architect,234000,USD,234000,US,On-site,United States,M
2022,Senior-level,Full-Time,Data Engineer,180000,USD,180000,US,Fully Remote,United States,M
2023,Senior-level,Full-Time,Data Scientist,118900,USD,118900,US,On-site,United States,M
2023,Senior-level,Full-Time,Data Scientist,190000,USD,190000,US,On-site,United States,M
2022,Senior-level,Full-Time,Data Engineer,153600,USD,153600,US,On-site,United States,M
2023,Senior-level,Full-Time,Data Engineer,139400,USD,139400,US,On-site,United States,M
2023,Senior-level,Full-Time,Data Scientist,218213,USD,218213,US,Fully Remote,United States,M
2023,Senior-level,Full-Time,Data Analyst,80000,USD,80000,US,Fully Remote,United States,M
2023,Mid-level,Full-Time,Data Analyst,100000,GBP,123040,GB,On-site,United Kingdom,M
2022,Senior-level,Full-Time,Data Engineer,120000,USD,120000,US,On-site,United States,M
2023,Senior-level,Full-Time,Machine Learning Engineer,260000,USD,260000,US,Fully Remote,United States,M
2024,Senior-level,Full-Time,Data Scientist,156000,USD,156000,US,On-site,United States,M
2023,Senior-level,Full-Time,Machine Learning Engineer,204500,USD,204500,US,On-site,United States,M
2023,Senior-level,Full-Time,Business Intelligence,102000,USD,102000,US,Fully Remote,United States,M
2023,Senior-level,Full-Time,Machine Learning Engineer,206000,USD,206000,US,On-site,United States,M
2024,Senior-level,Full-Time,Data Analyst,126480,USD,126480,US,On-site,United States,M
2023,Senior-level,Full-Time,Data Architect,186000,USD,186000,US,On-site,United States,M
2023,Senior-level,Full-Time,Data Analyst,158494,USD,158494,US,Fully Remote,United States,M
2024,Senior-level,Full-Time,Machine Learning Engineer,255800,USD,255800,US,On-site,United States,M
2022,Senior-level,Full-Time,Data Engineer,35000,EUR,36773,ES,On-site,Spain,M
2022,Senior-level,Full-Time,Machine Learning Engineer,227200,USD,227200,CA,Fully Remote,Canada,M
2023,Senior-level,Full-Time,Data Engineer,215000,USD,215000,US,On-site,United States,M
2023,Mid-level,Full-Time,Machine Learning Engineer,93300,USD,93300,US,On-site,United States,M
2024,Mid-level,Full-Time,Data Scientist,152000,USD,152000,US,On-site,United States,M
2023,Senior-level,Full-Time,Data Scientist,138000,USD,138000,US,On-site,United States,M
2023,Senior-level,Full-Time,Data Scientist,130000,USD,130000,US,On-site,United States,M
2023,Mid-level,Full-Time,Data Engineer,250000,USD,250000,US,On-site,United States,M
2024,Entry-level/Junior,Full-Time,Data Analyst,179000,USD,179000,US,On-site,United States,M
2023,Senior-level,Full-Time,Data Scientist,162000,USD,162000,US,Fully Remote,United States,M
2024,Senior-level,Full-Time,Data Scientist,165000,USD,165000,US,On-site,United States,M
2023,Senior-level,Full-Time,Data Engineer,143860,USD,143860,US,On-site,United States,M
2021,Entry-level/Junior,Part-Time,Machine Learning Engineer,180000,DKK,28609,DK,Hybrid,Denmark,S
2023,Senior-level,Full-Time,Machine Learning Engineer,255800,USD,255800,US,On-site,United States,M
2023,Entry-level/Junior,Full-Time,Data Researcher,75753,USD,75753,US,On-site,United States,M
2024,Senior-level,Full-Time,Data Analyst,135000,USD,135000,US,On-site,United States,M
2024,Senior-level,Full-Time,Data Analyst,42245,GBP,52806,GB,On-site,United Kingdom,M
2023,Senior-level,Full-Time,Data Analyst,170550,USD,170550,US,Fully Remote,United States,M
2024,Mid-level,Full-Time,Business Intelligence,165600,USD,165600,US,On-site,United States,L
2023,Senior-level,Full-Time,Data Analyst,80000,USD,80000,US,On-site,United States,M
2023,Senior-level,Full-Time,Machine Learning Engineer,204500,USD,204500,US,On-site,United States,M
2023,Senior-level,Full-Time,Data Scientist,184800,USD,184800,US,On-site,United States,M
2023,Senior-level,Full-Time,Data Architect,185000,USD,185000,US,On-site,United States,M
2023,Mid-level,Full-Time,Data Scientist,55000,USD,55000,US,On-site,United States,M
2023,Mid-level,Full-Time,Data Scientist,205000,USD,205000,US,Fully Remote,United States,M
2023,Senior-level,Full-Time,Machine Learning Engineer,205600,USD,205600,US,Fully Remote,United States,M
2024,Senior-level,Full-Time,Data Scientist,160000,USD,160000,US,On-site,United States,M
2023,Senior-level,Full-Time,Data Scientist,170000,USD,170000,US,On-site,United States,M
2024,Senior-level,Full-Time,Data Developer,121056,USD,121056,US,On-site,United States,M
2023,Senior-level,Full-Time,Data Scientist,192000,USD,192000,US,Fully Remote,United States,M
2023,Senior-level,Full-Time,Data Analyst,30000,GBP,36912,GB,Fully Remote,United Kingdom,S
2023,Executive-level,Full-Time,Data Engineer,239000,USD,239000,US,Fully Remote,United States,M
2023,Senior-level,Full-Time,Data Engineer,254000,USD,254000,US,On-site,United States,M
2023,Senior-level,Full-Time,Business Intelligence,138900,USD,138900,US,Fully Remote,United States,M
2023,Mid-level,Full-Time,Data Scientist,140000,USD,140000,US,On-site,United States,M
2023,Mid-level,Full-Time,Data Analyst,161000,USD,161000,US,Fully Remote,United States,M
2023,Senior-level,Full-Time,Data Scientist,120000,USD,120000,US,Fully Remote,United States,M
2023,Senior-level,Full-Time,Machine Learning Engineer,142200,USD,142200,US,On-site,United States,M
2024,Mid-level,Full-Time,Data Engineer,100000,USD,100000,US,On-site,United States,M
2020,Mid-level,Full-Time,Data Analyst,98000,USD,98000,US,On-site,United States,M
2022,Senior-level,Full-Time,Data Analyst,110000,USD,110000,US,On-site,United States,M
2024,Entry-level/Junior,Full-Time,Data Analyst,77265,USD,77265,US,On-site,United States,M
2023,Senior-level,Full-Time,Data Analyst,74400,USD,74400,US,Fully Remote,United States,M
2024,Senior-level,Full-Time,Machine Learning Engineer,182000,USD,182000,US,On-site,United States,M
2024,Mid-level,Full-Time,Data Engineer,185800,USD,185800,US,On-site,United States,M
2023,Mid-level,Full-Time,Machine Learning Engineer,204500,USD,204500,US,On-site,United States,M
2024,Mid-level,Full-Time,Data Engineer,75000,USD,75000,US,Fully Remote,United States,M
2023,Mid-level,Full-Time,Data Engineer,47500,GBP,58444,GB,Fully Remote,United Kingdom,M
2022,Senior-level,Full-Time,Data Scientist,249260,USD,249260,US,On-site,United States,M
2023,Mid-level,Full-Time,Machine Learning Engineer,285000,USD,285000,US,On-site,United States,L
2023,Senior-level,Full-Time,Data Engineer,123000,USD,123000,US,On-site,United States,M
2024,Senior-level,Full-Time,Data Scientist,165000,USD,165000,US,On-site,United States,M
2023,Senior-level,Full-Time,Data Researcher,248100,USD,248100,US,On-site,United States,M
2023,Senior-level,Full-Time,Data Scientist,142200,USD,142200,US,On-site,United States,M
2023,Senior-level,Full-Time,Data Researcher,133000,USD,133000,US,On-site,United States,M
2024,Senior-level,Full-Time,Machine Learning Engineer,242000,CAD,186153,CA,On-site,Canada,M
2023,Senior-level,Full-Time,Data Researcher,248100,USD,248100,US,On-site,United States,M
2023,Senior-level,Full-Time,Machine Learning Engineer,115000,USD,115000,US,Fully Remote,United States,M
2024,Mid-level,Full-Time,Business Intelligence,164700,USD,164700,US,On-site,United States,M
2023,Senior-level,Full-Time,Data Scientist,230000,USD,230000,US,Fully Remote,United States,M
2023,Senior-level,Full-Time,Data Engineer,178000,USD,178000,US,Fully Remote,United States,M
2023,Senior-level,Full-Time,Data Scientist,135000,USD,135000,US,Fully Remote,United States,M
2023,Senior-level,Full-Time,Data Engineer,250000,USD,250000,US,Fully Remote,United States,M
2023,Senior-level,Full-Time,Data Engineer,90700,USD,90700,US,On-site,United States,M
2023,Mid-level,Full-Time,Data Engineer,80000,USD,80000,ES,Fully Remote,Spain,M
2023,Senior-level,Full-Time,Data Researcher,159300,USD,159300,US,On-site,United States,M
2024,Senior-level,Full-Time,Business Intelligence,132600,USD,132600,US,On-site,United States,M
2022,Mid-level,Full-Time,Data Analyst,109000,USD,109000,US,On-site,United States,M
2023,Senior-level,Full-Time,Data Engineer,140100,USD,140100,US,On-site,United States,M
2024,Mid-level,Full-Time,Data Scientist,147800,USD,147800,US,On-site,United States,M
2023,Senior-level,Full-Time,Data Analyst,80000,USD,80000,US,Fully Remote,United States,S
2024,Senior-level,Full-Time,Machine Learning Engineer,225000,USD,225000,US,On-site,United States,M
2024,Senior-level,Full-Time,Data Scientist,117400,USD,117400,US,On-site,United States,M
2023,Mid-level,Full-Time,Data Operation,73000,USD,73000,US,Fully Remote,United States,M
2024,Senior-level,Full-Time,Data Scientist,236400,USD,236400,US,On-site,United States,M
2023,Mid-level,Full-Time,Data Scientist,166000,USD,166000,US,On-site,United States,M
2023,Senior-level,Full-Time,Data Engineer,151090,USD,151090,US,On-site,United States,M
2020,Mid-level,Full-Time,Data Analyst,20000,USD,20000,HN,On-site,Honduras,S
2023,Senior-level,Full-Time,Data Analyst,116000,USD,116000,US,Fully Remote,United States,M
2023,Entry-level/Junior,Full-Time,Business Intelligence,40000,GBP,49216,GB,On-site,United Kingdom,M
2023,Senior-level,Full-Time,Data Engineer,130000,USD,130000,CA,On-site,Canada,M
2024,Entry-level/Junior,Full-Time,Data Researcher,49452,USD,49452,US,On-site,United States,M
2024,Mid-level,Full-Time,Data Scientist,170200,USD,170200,US,On-site,United States,M
2023,Senior-level,Full-Time,Data Management,155000,USD,155000,US,On-site,United States,M
2022,Senior-level,Full-Time,Data Analyst,170000,USD,170000,US,Fully Remote,United States,M
2024,Mid-level,Full-Time,Machine Learning Engineer,140000,USD,140000,US,On-site,United States,M
2023,Mid-level,Full-Time,Data Engineer,88000,USD,88000,CO,On-site,Colombia,M
2024,Entry-level/Junior,Full-Time,Data Analyst,192500,USD,192500,US,On-site,United States,M
2022,Executive-level,Full-Time,Data Engineer,239000,USD,239000,US,Fully Remote,United States,M
2024,Senior-level,Full-Time,Data Engineer,165100,USD,165100,US,On-site,United States,M
2024,Mid-level,Full-Time,Data Scientist,115000,USD,115000,US,On-site,United States,M
2023,Senior-level,Full-Time,Business Intelligence,147000,USD,147000,US,Fully Remote,United States,M
2023,Entry-level/Junior,Full-Time,Data Engineer,80000,USD,80000,US,On-site,United States,M
2024,Senior-level,Full-Time,Data Scientist,125000,USD,125000,US,On-site,United States,M
2023,Senior-level,Full-Time,Data Scientist,222200,USD,222200,US,On-site,United States,L
2023,Senior-level,Full-Time,Data Analyst,140000,USD,140000,US,On-site,United States,M
2023,Senior-level,Full-Time,Data Scientist,190200,USD,190200,US,On-site,United States,M
2023,Entry-level/Junior,Full-Time,Data Analyst,50000,USD,50000,US,On-site,United States,M
2024,Entry-level/Junior,Full-Time,Data Analyst,50000,USD,50000,US,On-site,United States,M
2023,Mid-level,Full-Time,Machine Learning Engineer,50000,USD,50000,AM,On-site,Armenia,S
2024,Senior-level,Full-Time,Data Engineer,720000,USD,720000,US,On-site,United States,M
2023,Senior-level,Full-Time,Data Analyst,84400,USD,84400,US,On-site,United States,M
2022,Senior-level,Full-Time,Data Scientist,191475,USD,191475,US,Fully Remote,United States,M
2024,Entry-level/Junior,Full-Time,Data Scientist,104000,USD,104000,US,Fully Remote,United States,M
2023,Senior-level,Full-Time,Data Analyst,78000,USD,78000,US,Fully Remote,United States,M
2023,Senior-level,Full-Time,Business Intelligence,156400,USD,156400,US,On-site,United States,M
2024,Senior-level,Full-Time,Data Scientist,151000,USD,151000,US,On-site,United States,M
2024,Mid-level,Full-Time,Data Engineer,150000,USD,150000,US,On-site,United States,M
2023,Senior-level,Full-Time,Data Scientist,110000,USD,110000,US,Fully Remote,United States,M
2023,Senior-level,Full-Time,Data Engineer,123000,USD,123000,US,On-site,United States,M
2023,Mid-level,Full-Time,Data Analyst,143000,USD,143000,US,On-site,United States,M
2024,Mid-level,Full-Time,Data Scientist,70000,USD,70000,US,On-site,United States,M
2022,Senior-level,Full-Time,Data Engineer,75000,USD,75000,US,On-site,United States,M
2023,Senior-level,Full-Time,Machine Learning Engineer,119700,USD,119700,US,On-site,United States,M
2023,Senior-level,Full-Time,Data Engineer,146000,USD,146000,US,Fully Remote,United States,M
2023,Mid-level,Full-Time,Data Analyst,115950,USD,115950,US,On-site,United States,M
2023,Senior-level,Full-Time,Data Scientist,160000,USD,160000,US,Fully Remote,United States,M
2023,Senior-level,Full-Time,Data Scientist,222750,USD,222750,US,On-site,United States,M
2024,Mid-level,Full-Time,Data Analyst,150000,USD,150000,US,Fully Remote,United States,M
2024,Senior-level,Full-Time,Data Scientist,212000,USD,212000,US,On-site,United States,M
2024,Senior-level,Full-Time,Data Researcher,211900,USD,211900,US,On-site,United States,M
2023,Senior-level,Full-Time,Business Intelligence,112000,USD,112000,CA,On-site,Canada,M
2023,Mid-level,Full-Time,Data Analyst,101000,USD,101000,US,On-site,United States,M
2023,Senior-level,Full-Time,Machine Learning Engineer,365630,USD,365630,US,On-site,United States,M
2023,Senior-level,Full-Time,Data Engineer,178000,USD,178000,US,Fully Remote,United States,M
2024,Senior-level,Full-Time,Machine Learning Engineer,216800,USD,216800,US,Fully Remote,United States,M
2023,Mid-level,Full-Time,Data Analyst,100000,USD,100000,US,Fully Remote,United States,M
2023,Entry-level/Junior,Full-Time,Data Scientist,132200,USD,132200,GB,On-site,United Kingdom,M
2023,Mid-level,Full-Time,Data Engineer,111000,USD,111000,US,Fully Remote,United States,M
2023,Senior-level,Full-Time,Data Analyst,45000,GBP,55368,CF,Fully Remote,Central African Republic,M
2023,Senior-level,Full-Time,Data Scientist,148800,USD,148800,US,On-site,United States,M
2023,Senior-level,Full-Time,Data Scientist,104650,USD,104650,US,Fully Remote,United States,M
2023,Senior-level,Full-Time,Data Analyst,230000,USD,230000,US,On-site,United States,M
2023,Senior-level,Full-Time,Machine Learning Engineer,140100,USD,140100,US,On-site,United States,M
2023,Senior-level,Full-Time,Data Engineer,166000,USD,166000,US,On-site,United States,M
2023,Mid-level,Full-Time,Data Architect,100000,USD,100000,US,On-site,United States,M
2023,Mid-level,Full-Time,Data Analyst,130000,USD,130000,US,On-site,United States,M
2023,Senior-level,Full-Time,Data Researcher,250000,USD,250000,US,On-site,United States,M
2023,Entry-level/Junior,Full-Time,Machine Learning Engineer,130000,USD,130000,US,On-site,United States,M
2023,Mid-level,Full-Time,Data Analyst,866000,PHP,15680,PH,Hybrid,Philippines,L
2023,Senior-level,Full-Time,Machine Learning Engineer,234500,USD,234500,US,On-site,United States,M
2023,Senior-level,Full-Time,Data Scientist,170500,USD,170500,CA,Fully Remote,Canada,M
2023,Senior-level,Full-Time,Data Scientist,207900,USD,207900,US,On-site,United States,M
2023,Mid-level,Full-Time,Data Analyst,59500,USD,59500,US,On-site,United States,M
2024,Senior-level,Full-Time,Data Engineer,160000,USD,160000,US,On-site,United States,M
2021,Senior-level,Full-Time,Data Analyst,170000,USD,170000,US,Fully Remote,United States,M
2023,Senior-level,Full-Time,Data Engineer,82900,USD,82900,IN,On-site,India,M
2023,Entry-level/Junior,Full-Time,Data Scientist,156450,USD,156450,US,Fully Remote,United States,M
2024,Mid-level,Full-Time,Machine Learning Engineer,177100,USD,177100,US,On-site,United States,M
2024,Executive-level,Full-Time,Data Scientist,125000,USD,125000,US,On-site,United States,M
2023,Senior-level,Full-Time,Data Analyst,135000,USD,135000,US,Fully Remote,United States,M
2023,Senior-level,Full-Time,Data Researcher,145900,USD,145900,US,On-site,United States,M
2023,Mid-level,Full-Time,Data Engineer,179000,USD,179000,US,On-site,United States,M
2022,Senior-level,Full-Time,Data Engineer,170000,USD,170000,US,On-site,United States,M
2024,Mid-level,Full-Time,Data Scientist,111600,USD,111600,US,On-site,United States,L
2023,Senior-level,Full-Time,Data Scientist,145000,USD,145000,US,Fully Remote,United States,M
2022,Senior-level,Full-Time,Data Scientist,180000,USD,180000,US,Fully Remote,United States,L
2024,Senior-level,Full-Time,Data Researcher,127300,USD,127300,US,On-site,United States,L
2022,Senior-level,Full-Time,Data Scientist,141525,USD,141525,US,Fully Remote,United States,M
2023,Senior-level,Full-Time,Data Scientist,164000,USD,164000,US,Fully Remote,United States,M
2023,Senior-level,Full-Time,Data Scientist,257000,USD,257000,US,Fully Remote,United States,M
2023,Senior-level,Full-Time,Data Engineer,122000,USD,122000,US,On-site,United States,M
2024,Senior-level,Full-Time,Data Scientist,297000,USD,297000,US,On-site,United States,M
2022,Senior-level,Full-Time,Data Scientist,155000,USD,155000,US,Fully Remote,United States,M
2023,Senior-level,Full-Time,Data Analyst,55000,USD,55000,US,On-site,United States,M
2023,Senior-level,Full-Time,Machine Learning Engineer,200000,USD,200000,US,Fully Remote,United States,M
2023,Senior-level,Full-Time,Data Analyst,187000,USD,187000,US,On-site,United States,M
2024,Mid-level,Full-Time,Business Intelligence,100000,USD,100000,US,On-site,United States,M
2024,Senior-level,Full-Time,Data Researcher,235680,USD,235680,US,On-site,United States,M
2023,Senior-level,Full-Time,Data Scientist,192000,USD,192000,US,Fully Remote,United States,M
2023,Senior-level,Full-Time,Data Architect,175564,USD,175564,US,Fully Remote,United States,M
2023,Executive-level,Full-Time,Data Engineer,170000,USD,170000,US,On-site,United States,M
2024,Senior-level,Full-Time,Data Scientist,130000,USD,130000,US,On-site,United States,M
2023,Senior-level,Full-Time,Data Analyst,169000,USD,169000,US,On-site,United States,M
2024,Senior-level,Full-Time,Data Architect,299792,USD,299792,US,On-site,United States,M
2023,Entry-level/Junior,Full-Time,Data Scientist,70000,USD,70000,US,On-site,United States,M
2023,Senior-level,Full-Time,Data Scientist,133500,USD,133500,US,On-site,United States,M
2024,Entry-level/Junior,Full-Time,Data Researcher,116000,USD,116000,US,Fully Remote,United States,M
2023,Entry-level/Junior,Full-Time,Data Analyst,74300,USD,74300,US,Fully Remote,United States,M
2022,Senior-level,Full-Time,Data Architect,250000,USD,250000,US,On-site,United States,M
2024,Mid-level,Full-Time,Data Engineer,115000,USD,115000,US,Fully Remote,United States,M
2022,Senior-level,Full-Time,Machine Learning Engineer,129300,USD,129300,US,On-site,United States,M
2023,Executive-level,Full-Time,Data Engineer,167500,USD,167500,US,On-site,United States,M
2023,Senior-level,Full-Time,Machine Learning Engineer,197400,USD,197400,US,On-site,United States,M
2023,Senior-level,Full-Time,Data Analyst,125000,USD,125000,US,Fully Remote,United States,M
2024,Mid-level,Full-Time,Data Analyst,134400,USD,134400,US,On-site,United States,M
2023,Senior-level,Full-Time,Data Analyst,130000,USD,130000,US,On-site,United States,M
2023,Senior-level,Full-Time,Data Engineer,150000,USD,150000,US,Fully Remote,United States,M
2024,Senior-level,Full-Time,Data Engineer,160000,USD,160000,US,On-site,United States,M
2023,Senior-level,Full-Time,Machine Learning Engineer,66000,USD,66000,US,On-site,United States,M
2024,Mid-level,Full-Time,Business Intelligence,125000,USD,125000,US,On-site,United States,M
2023,Senior-level,Full-Time,Data Scientist,185900,USD,185900,US,On-site,United States,M
2023,Senior-level,Full-Time,Data Scientist,220000,USD,220000,US,On-site,United States,M
2023,Senior-level,Full-Time,Data Engineer,120000,USD,120000,US,On-site,United States,M
2022,Mid-level,Full-Time,Data Analyst,150000,USD,150000,US,On-site,United States,M
2023,Senior-level,Full-Time,Data Scientist,210000,USD,210000,US,On-site,United States,M
2024,Entry-level/Junior,Full-Time,Data Scientist,65000,EUR,72222,DE,On-site,Germany,M
2024,Senior-level,Full-Time,Data Engineer,188000,USD,188000,US,On-site,United States,M
2023,Senior-level,Full-Time,Data Researcher,145900,USD,145900,US,On-site,United States,M
2023,Senior-level,Full-Time,Data Architect,113900,USD,113900,US,Fully Remote,United States,M
2022,Senior-level,Full-Time,Data Engineer,80000,USD,80000,US,Fully Remote,United States,M
2023,Senior-level,Full-Time,Data Engineer,258700,USD,258700,US,On-site,United States,M
2023,Mid-level,Full-Time,Data Analyst,36000,USD,36000,US,Fully Remote,United States,M
2023,Senior-level,Full-Time,Data Engineer,160000,USD,160000,US,On-site,United States,M
2024,Mid-level,Full-Time,Data Analyst,135000,USD,135000,US,On-site,United States,M
2024,Mid-level,Full-Time,Data Researcher,100400,USD,100400,US,On-site,United States,L
2023,Mid-level,Full-Time,Data Engineer,130000,USD,130000,US,On-site,United States,M
2023,Senior-level,Full-Time,Data Scientist,192000,USD,192000,US,Fully Remote,United States,M
2022,Senior-level,Full-Time,Data Engineer,160395,USD,160395,US,Fully Remote,United States,M
2023,Senior-level,Full-Time,Data Scientist,136000,USD,136000,US,On-site,United States,L
2024,Senior-level,Full-Time,Data Architect,165000,USD,165000,US,Fully Remote,United States,M
2024,Mid-level,Full-Time,Data Engineer,154000,USD,154000,US,On-site,United States,M
2023,Mid-level,Full-Time,Machine Learning Engineer,125000,USD,125000,US,On-site,United States,M
2023,Mid-level,Full-Time,Data Engineer,133000,USD,133000,US,On-site,United States,M
2024,Senior-level,Full-Time,Data Scientist,145000,USD,145000,US,Fully Remote,United States,M
2023,Senior-level,Full-Time,Data Architect,330000,USD,330000,US,On-site,United States,M
2023,Senior-level,Full-Time,Machine Learning Engineer,106200,USD,106200,US,On-site,United States,M
2024,Senior-level,Full-Time,Data Engineer,153018,USD,153018,US,On-site,United States,M
2023,Senior-level,Full-Time,Data Engineer,178500,USD,178500,US,On-site,United States,M
2023,Senior-level,Full-Time,Data Engineer,194000,USD,194000,US,On-site,United States,M
2023,Senior-level,Full-Time,Data Analyst,240500,USD,240500,US,On-site,United States,M
2022,Senior-level,Full-Time,Data Analyst,110600,USD,110600,US,On-site,United States,M
2023,Senior-level,Full-Time,Data Scientist,165000,USD,165000,US,On-site,United States,M
2022,Mid-level,Full-Time,Data Engineer,120000,USD,120000,US,Fully Remote,United States,M
2023,Senior-level,Full-Time,Data Analyst,140000,USD,140000,US,Fully Remote,United States,M
2023,Senior-level,Full-Time,Data Researcher,248100,USD,248100,US,On-site,United States,M
2023,Senior-level,Full-Time,Machine Learning Engineer,130000,EUR,140358,DE,Fully Remote,Germany,M
2023,Senior-level,Full-Time,Business Intelligence,170000,USD,170000,US,On-site,United States,M
2023,Senior-level,Full-Time,Data Scientist,45000,EUR,48585,ES,On-site,Spain,M
2024,Senior-level,Full-Time,Data Architect,197500,USD,197500,US,On-site,United States,M
2023,Senior-level,Full-Time,Machine Learning Engineer,142200,USD,142200,US,On-site,United States,M
2024,Senior-level,Full-Time,Data Scientist,122000,USD,122000,US,On-site,United States,M
2024,Senior-level,Full-Time,Data Developer,99500,USD,99500,US,On-site,United States,M
2024,Mid-level,Full-Time,Business Intelligence,150000,USD,150000,US,On-site,United States,M
2023,Senior-level,Full-Time,Data Engineer,133300,USD,133300,US,On-site,United States,M
2023,Senior-level,Full-Time,Data Scientist,204500,USD,204500,US,On-site,United States,M
2023,Senior-level,Full-Time,Data Analyst,75000,GBP,92280,GB,On-site,United Kingdom,M
2023,Senior-level,Full-Time,Data Scientist,187000,USD,187000,US,Fully Remote,United States,M
2024,Mid-level,Full-Time,Data Scientist,162000,USD,162000,US,On-site,United States,M
2022,Senior-level,Full-Time,Data Architect,190000,USD,190000,US,Fully Remote,United States,M
2024,Senior-level,Full-Time,Data Management,125500,USD,125500,US,On-site,United States,M
2023,Senior-level,Full-Time,Data Engineer,235400,USD,235400,US,Fully Remote,United States,M
2023,Mid-level,Full-Time,Data Engineer,100000,USD,100000,US,On-site,United States,M
2024,Senior-level,Full-Time,Data Engineer,140000,USD,140000,CA,On-site,Canada,M
2023,Senior-level,Full-Time,Data Scientist,166000,USD,166000,CA,Fully Remote,Canada,M
2023,Senior-level,Full-Time,Data Engineer,199000,USD,199000,US,On-site,United States,M
2022,Senior-level,Full-Time,Data Engineer,120000,USD,120000,US,On-site,United States,M
2023,Senior-level,Full-Time,Data Scientist,245000,USD,245000,US,Fully Remote,United States,M
2023,Senior-level,Full-Time,Data Scientist,245000,USD,245000,US,Fully Remote,United States,M
2023,Mid-level,Full-Time,Machine Learning Engineer,225000,USD,225000,US,On-site,United States,M
2023,Senior-level,Full-Time,Data Engineer,133800,USD,133800,US,On-site,United States,M
2023,Senior-level,Full-Time,Data Engineer,84000,USD,84000,US,On-site,United States,M
2024,Entry-level/Junior,Full-Time,Data Analyst,75065,USD,75065,US,Fully Remote,United States,M
2023,Senior-level,Full-Time,Data Scientist,240000,USD,240000,US,Fully Remote,United States,M
2023,Senior-level,Full-Time,Data Architect,170000,USD,170000,US,Fully Remote,United States,M
2023,Senior-level,Full-Time,Data Scientist,295490,USD,295490,US,On-site,United States,M
2023,Mid-level,Full-Time,Machine Learning Engineer,135000,USD,135000,US,On-site,United States,M
2024,Entry-level/Junior,Full-Time,Data Analyst,153000,USD,153000,US,Fully Remote,United States,M
2023,Senior-level,Full-Time,Data Scientist,370000,USD,370000,US,On-site,United States,M
2023,Senior-level,Full-Time,Data Engineer,240000,USD,240000,US,On-site,United States,M
2023,Mid-level,Full-Time,Data Engineer,130000,USD,130000,US,Fully Remote,United States,M
2024,Senior-level,Full-Time,Machine Learning Engineer,137500,USD,137500,US,On-site,United States,M
2023,Executive-level,Full-Time,Data Management,172200,USD,172200,US,On-site,United States,M
2022,Mid-level,Full-Time,Data Engineer,120000,USD,120000,US,On-site,United States,M
2022,Mid-level,Full-Time,Data Analyst,135000,USD,135000,US,Fully Remote,United States,M
2023,Senior-level,Full-Time,Data Architect,90000,USD,90000,US,Fully Remote,United States,M
2023,Entry-level/Junior,Full-Time,Data Analyst,75000,USD,75000,US,Fully Remote,United States,M
2024,Mid-level,Full-Time,Data Scientist,68400,USD,68400,US,On-site,United States,M
2022,Senior-level,Full-Time,Data Scientist,159000,USD,159000,US,On-site,United States,L
2022,Senior-level,Full-Time,Data Scientist,80000,GBP,98506,GB,On-site,United Kingdom,M
2023,Senior-level,Full-Time,Business Intelligence,167500,USD,167500,US,On-site,United States,M
2023,Senior-level,Full-Time,Data Architect,180000,USD,180000,US,Fully Remote,United States,M
2023,Entry-level/Junior,Full-Time,Data Analyst,41419,USD,41419,US,Fully Remote,United States,M
2023,Senior-level,Full-Time,Machine Learning Engineer,176000,USD,176000,US,On-site,United States,M
2023,Senior-level,Full-Time,Data Analyst,153600,USD,153600,US,Fully Remote,United States,M
2024,Mid-level,Full-Time,Data Engineer,158000,USD,158000,US,On-site,United States,M
2023,Senior-level,Full-Time,Machine Learning Engineer,210000,USD,210000,US,On-site,United States,M
2024,Senior-level,Full-Time,Data Scientist,162000,USD,162000,US,On-site,United States,M
2023,Mid-level,Full-Time,Data Analyst,110000,USD,110000,US,Fully Remote,United States,M
2023,Senior-level,Full-Time,Data Researcher,163200,USD,163200,US,On-site,United States,M
2024,Senior-level,Full-Time,Data Engineer,100000,USD,100000,US,On-site,United States,M
2024,Mid-level,Full-Time,Data Scientist,166000,USD,166000,US,On-site,United States,M
2023,Mid-level,Full-Time,Machine Learning Engineer,75000,GBP,92280,GB,Fully Remote,United Kingdom,M
2023,Senior-level,Full-Time,Data Management,130000,USD,130000,US,On-site,United States,M
2024,Senior-level,Full-Time,Data Engineer,180000,USD,180000,US,On-site,United States,M
2023,Entry-level/Junior,Full-Time,Data Engineer,187000,USD,187000,US,On-site,United States,M
2023,Senior-level,Full-Time,Machine Learning Engineer,191400,USD,191400,US,On-site,United States,M
2023,Senior-level,Full-Time,Data Scientist,204500,USD,204500,US,On-site,United States,M
2023,Senior-level,Full-Time,Data Engineer,82920,USD,82920,US,Fully Remote,United States,M
2023,Senior-level,Full-Time,Business Intelligence,198200,USD,198200,US,On-site,United States,M
2023,Senior-level,Full-Time,Data Scientist,260000,USD,260000,US,On-site,United States,L
2023,Mid-level,Full-Time,Data Scientist,222200,USD,222200,US,On-site,United States,L
2023,Senior-level,Full-Time,Data Researcher,196000,USD,196000,US,On-site,United States,M
2024,Senior-level,Full-Time,Data Operation,55720,USD,55720,US,Fully Remote,United States,M
2022,Senior-level,Full-Time,Data Engineer,135000,USD,135000,US,On-site,United States,M
2023,Senior-level,Full-Time,Data Engineer,275300,USD,275300,US,Fully Remote,United States,M
2023,Senior-level,Full-Time,Data Scientist,121000,USD,121000,US,On-site,United States,M
2023,Senior-level,Full-Time,Data Analyst,105000,USD,105000,US,On-site,United States,M
2023,Senior-level,Full-Time,Data Analyst,127000,USD,127000,US,Fully Remote,United States,M
2023,Senior-level,Full-Time,Data Scientist,135000,USD,135000,US,On-site,United States,M
2023,Senior-level,Full-Time,Data Scientist,171000,USD,171000,US,On-site,United States,M
2023,Senior-level,Full-Time,Machine Learning Engineer,276000,USD,276000,US,On-site,United States,M
2024,Senior-level,Full-Time,Machine Learning Engineer,258800,USD,258800,US,On-site,United States,M
2024,Executive-level,Full-Time,Data Scientist,204000,USD,204000,US,On-site,United States,M
2023,Senior-level,Full-Time,Machine Learning Engineer,204500,USD,204500,US,On-site,United States,M
2022,Senior-level,Full-Time,Machine Learning Engineer,204500,USD,204500,US,On-site,United States,M
2023,Senior-level,Full-Time,Machine Learning Engineer,204600,USD,204600,US,On-site,United States,M
2024,Mid-level,Full-Time,Data Scientist,85000,USD,85000,US,On-site,United States,M
2024,Mid-level,Full-Time,Data Analyst,84000,USD,84000,US,On-site,United States,M
2022,Senior-level,Full-Time,Data Scientist,36000,EUR,37824,ES,On-site,Spain,M
2022,Senior-level,Full-Time,Machine Learning Engineer,160000,USD,160000,US,On-site,United States,M
2023,Mid-level,Full-Time,Data Engineer,169000,USD,169000,US,On-site,United States,M
2023,Entry-level/Junior,Full-Time,Data Engineer,160000,USD,160000,US,On-site,United States,M
2023,Senior-level,Full-Time,Data Researcher,205500,USD,205500,US,On-site,United States,M
2023,Senior-level,Full-Time,Data Engineer,121400,USD,121400,US,On-site,United States,M
2023,Mid-level,Full-Time,Data Researcher,125000,USD,125000,US,On-site,United States,M
2023,Senior-level,Full-Time,Data Scientist,190000,USD,190000,US,Fully Remote,United States,M
2023,Senior-level,Full-Time,Data Scientist,214872,USD,214872,US,Fully Remote,United States,M
2024,Senior-level,Full-Time,Data Engineer,140000,USD,140000,US,Fully Remote,United States,M
2023,Senior-level,Full-Time,Data Management,140000,USD,140000,US,On-site,United States,M
2024,Mid-level,Full-Time,Data Scientist,110000,USD,110000,US,On-site,United States,M
2023,Mid-level,Full-Time,Data Analyst,95000,USD,95000,US,Fully Remote,United States,M
2024,Senior-level,Full-Time,Data Engineer,96700,USD,96700,US,Fully Remote,United States,M
2024,Mid-level,Full-Time,Data Engineer,162000,USD,162000,US,Fully Remote,United States,M
2023,Senior-level,Full-Time,Data Scientist,93300,USD,93300,US,On-site,United States,M
2023,Senior-level,Full-Time,Data Analyst,155000,USD,155000,US,On-site,United States,M
2024,Mid-level,Full-Time,Machine Learning Engineer,73100,USD,73100,US,On-site,United States,M
2024,Senior-level,Full-Time,Data Engineer,130100,USD,130100,US,On-site,United States,M
2023,Entry-level/Junior,Full-Time,Data Analyst,39000,GBP,47985,US,On-site,United States,M
2022,Senior-level,Full-Time,Data Engineer,215000,USD,215000,US,On-site,United States,M
2023,Senior-level,Full-Time,Data Scientist,198200,USD,198200,US,Fully Remote,United States,M
2024,Entry-level/Junior,Full-Time,Data Analyst,64000,USD,64000,US,Fully Remote,United States,M
2023,Senior-level,Full-Time,Data Engineer,209000,USD,209000,US,On-site,United States,M
2023,Senior-level,Full-Time,Machine Learning Engineer,122700,USD,122700,US,On-site,United States,M
2023,Senior-level,Full-Time,Data Scientist,122700,USD,122700,US,On-site,United States,M
2023,Mid-level,Full-Time,Data Scientist,90000,EUR,97171,IE,On-site,Ireland,M
2023,Senior-level,Full-Time,Data Engineer,163800,USD,163800,US,On-site,United States,M
2023,Entry-level/Junior,Full-Time,Data Analyst,55000,USD,55000,US,On-site,United States,M
2024,Senior-level,Full-Time,Data Engineer,92000,USD,92000,US,Fully Remote,United States,M
2023,Senior-level,Full-Time,Machine Learning Engineer,73200,EUR,79032,LT,On-site,Lithuania,M
2023,Senior-level,Full-Time,Data Scientist,125000,USD,125000,US,Fully Remote,United States,M
2024,Senior-level,Full-Time,Data Scientist,209000,USD,209000,PL,Fully Remote,Poland,M
2023,Mid-level,Full-Time,Data Scientist,125000,USD,125000,US,On-site,United States,M
2024,Mid-level,Full-Time,Data Engineer,110000,USD,110000,US,Fully Remote,United States,M
2023,Mid-level,Full-Time,Data Engineer,149600,USD,149600,US,On-site,United States,M
2023,Mid-level,Full-Time,Data Analyst,61800,USD,61800,US,Fully Remote,United States,M
2021,Executive-level,Full-Time,Data Management,230000,USD,230000,RU,Hybrid,Russia,L
2023,Senior-level,Full-Time,Data Researcher,261500,USD,261500,US,On-site,United States,L
2023,Senior-level,Full-Time,Business Intelligence,110600,USD,110600,US,On-site,United States,M
2023,Senior-level,Full-Time,Machine Learning Engineer,200000,USD,200000,US,On-site,United States,M
2023,Senior-level,Full-Time,Data Scientist,234000,USD,234000,US,On-site,United States,M
2022,Senior-level,Full-Time,Data Engineer,180000,USD,180000,US,On-site,United States,M
2022,Mid-level,Full-Time,Data Analyst,102640,USD,102640,US,Fully Remote,United States,M
2023,Senior-level,Full-Time,Data Scientist,138000,USD,138000,US,On-site,United States,M
2024,Mid-level,Full-Time,Data Engineer,132000,USD,132000,US,Fully Remote,United States,M
2024,Entry-level/Junior,Full-Time,Data Engineer,115000,USD,115000,US,Fully Remote,United States,M
2024,Senior-level,Full-Time,Data Engineer,205000,USD,205000,US,On-site,United States,M
2020,Mid-level,Full-Time,Data Scientist,45760,USD,45760,PH,Fully Remote,United States,S
2023,Executive-level,Full-Time,Data Engineer,200000,USD,200000,US,On-site,United States,M
2023,Senior-level,Full-Time,Data Engineer,205000,USD,205000,US,On-site,United States,M
2024,Senior-level,Full-Time,Machine Learning Engineer,216700,USD,216700,CA,Fully Remote,Canada,M
2022,Senior-level,Full-Time,Data Scientist,191475,USD,191475,US,Fully Remote,United States,M
2022,Senior-level,Full-Time,Data Scientist,108000,USD,108000,US,On-site,United States,L
2023,Senior-level,Full-Time,Data Engineer,252000,USD,252000,US,Fully Remote,United States,M
2024,Senior-level,Full-Time,Data Engineer,137500,USD,137500,US,On-site,United States,M
2024,Mid-level,Full-Time,Data Engineer,123000,USD,123000,US,On-site,United States,M
2023,Senior-level,Full-Time,Data Scientist,196000,USD,196000,US,Fully Remote,United States,M
2023,Senior-level,Full-Time,Machine Learning Engineer,226600,USD,226600,US,On-site,United States,M
2023,Senior-level,Full-Time,Data Engineer,158620,USD,158620,US,On-site,United States,M
2023,Senior-level,Full-Time,Data Engineer,68637,USD,68637,US,Fully Remote,United States,M
2023,Senior-level,Full-Time,Data Researcher,235000,USD,235000,US,Fully Remote,United States,M
2023,Senior-level,Full-Time,Data Analyst,125000,USD,125000,US,Fully Remote,United States,M
2023,Mid-level,Full-Time,Data Analyst,40000,GBP,49216,GB,On-site,United Kingdom,M
2023,Senior-level,Full-Time,Data Scientist,185000,USD,185000,US,On-site,United States,M
2022,Senior-level,Full-Time,Data Scientist,81500,USD,81500,US,On-site,United States,M
2023,Mid-level,Full-Time,Data Analyst,95000,USD,95000,US,Fully Remote,United States,M
2024,Mid-level,Contract,Data Analyst,200000,NZD,125000,NZ,Hybrid,New Zealand,S
2023,Mid-level,Full-Time,Data Researcher,155000,USD,155000,US,On-site,United States,M
2023,Mid-level,Full-Time,Data Engineer,62000,EUR,66940,ES,Fully Remote,Spain,M
2023,Mid-level,Full-Time,Data Engineer,190000,USD,190000,CA,Fully Remote,Canada,M
2023,Senior-level,Full-Time,Data Scientist,167500,USD,167500,US,On-site,United States,M
2023,Mid-level,Full-Time,Data Engineer,260000,USD,260000,US,On-site,United States,M
2023,Senior-level,Full-Time,Data Scientist,86000,USD,86000,US,On-site,United States,M
2024,Mid-level,Full-Time,Machine Learning Engineer,175000,USD,175000,US,On-site,United States,M
2023,Senior-level,Full-Time,Data Engineer,128000,USD,128000,US,Fully Remote,United States,M
2023,Senior-level,Full-Time,Data Analyst,165000,USD,165000,US,Fully Remote,United States,M
2023,Senior-level,Full-Time,Business Intelligence,241300,USD,241300,US,On-site,United States,L
2021,Mid-level,Full-Time,Machine Learning Engineer,74000,USD,74000,JP,Hybrid,Japan,S
2024,Senior-level,Full-Time,Data Scientist,155600,USD,155600,US,On-site,United States,M
2023,Senior-level,Full-Time,Data Researcher,165000,USD,165000,US,On-site,United States,M
2024,Mid-level,Full-Time,Data Analyst,70000,USD,70000,US,On-site,United States,M
2023,Senior-level,Full-Time,Data Scientist,156000,USD,156000,US,Fully Remote,United States,M
2023,Senior-level,Full-Time,Data Engineer,170000,USD,170000,US,On-site,United States,M
2023,Mid-level,Full-Time,Data Scientist,134326,USD,134326,US,On-site,United States,M
2023,Senior-level,Full-Time,Data Architect,193000,USD,193000,US,Fully Remote,United States,M
2024,Senior-level,Full-Time,Data Researcher,146000,USD,146000,US,On-site,United States,M
2023,Senior-level,Full-Time,Data Scientist,186300,USD,186300,US,Fully Remote,United States,M
2024,Senior-level,Full-Time,Data Architect,115000,USD,115000,US,On-site,United States,M
2024,Senior-level,Full-Time,Data Engineer,190100,USD,190100,US,Fully Remote,United States,M
2024,Entry-level/Junior,Full-Time,Business Intelligence,50000,USD,50000,US,Fully Remote,United States,M
2023,Senior-level,Full-Time,Data Engineer,147100,USD,147100,US,On-site,United States,M
2023,Senior-level,Full-Time,Data Scientist,115000,USD,115000,US,On-site,United States,M
2022,Senior-level,Full-Time,Data Architect,131300,USD,131300,US,Fully Remote,United States,L
2023,Senior-level,Full-Time,Data Engineer,107600,USD,107600,US,On-site,United States,M
2022,Senior-level,Full-Time,Data Scientist,210000,USD,210000,US,Fully Remote,United States,M
2023,Senior-level,Full-Time,Data Analyst,100000,USD,100000,US,Fully Remote,United States,M
2023,Mid-level,Full-Time,Data Management,115500,USD,115500,US,On-site,United States,M
2024,Mid-level,Full-Time,Machine Learning Engineer,160000,USD,160000,US,On-site,United States,M
2024,Entry-level/Junior,Full-Time,Data Analyst,106960,USD,106960,US,On-site,United States,M
2024,Senior-level,Full-Time,Data Analyst,153900,USD,153900,US,On-site,United States,M
2024,Executive-level,Full-Time,Data Management,250000,USD,250000,US,Fully Remote,United States,M
2023,Senior-level,Full-Time,Data Analyst,115934,USD,115934,US,Fully Remote,United States,M
2024,Senior-level,Full-Time,Business Intelligence,100000,USD,100000,US,On-site,United States,M
2023,Senior-level,Full-Time,Data Analyst,80000,USD,80000,US,Fully Remote,United States,M
2023,Senior-level,Full-Time,Data Engineer,269100,USD,269100,US,On-site,United States,M
2023,Senior-level,Full-Time,Machine Learning Engineer,204000,USD,204000,US,On-site,United States,M
2024,Senior-level,Full-Time,Data Scientist,290000,USD,290000,US,Fully Remote,United States,M
2024,Senior-level,Full-Time,Machine Learning Engineer,250000,USD,250000,US,On-site,United States,M
2024,Senior-level,Full-Time,Data Architect,160000,USD,160000,US,On-site,United States,M
2024,Mid-level,Full-Time,Data Analyst,68637,USD,68637,US,On-site,United States,M
2023,Mid-level,Full-Time,Data Scientist,166000,USD,166000,US,On-site,United States,M
2023,Senior-level,Full-Time,Data Engineer,94000,USD,94000,US,On-site,United States,M
2024,Mid-level,Full-Time,Business Intelligence,65000,USD,65000,US,Fully Remote,United States,M
2023,Senior-level,Full-Time,Data Engineer,130000,USD,130000,US,On-site,United States,M
2022,Senior-level,Full-Time,Data Analyst,110000,USD,110000,US,Fully Remote,United States,M
2022,Senior-level,Full-Time,Data Scientist,154000,USD,154000,US,On-site,United States,M
2024,Senior-level,Full-Time,Data Scientist,162000,USD,162000,US,On-site,United States,M
2023,Senior-level,Full-Time,Data Scientist,231250,USD,231250,US,On-site,United States,M
2022,Senior-level,Full-Time,Data Scientist,104000,USD,104000,US,Fully Remote,United States,M
2023,Mid-level,Full-Time,Data Analyst,100000,USD,100000,US,On-site,United States,M
2023,Senior-level,Full-Time,Data Analyst,73500,USD,73500,US,Fully Remote,United States,M
2023,Senior-level,Full-Time,Data Analyst,93500,USD,93500,US,Fully Remote,United States,M
2023,Mid-level,Full-Time,Data Engineer,50000,GBP,61520,GB,On-site,United Kingdom,M
2022,Mid-level,Full-Time,Data Analyst,30000,GBP,36940,GB,Fully Remote,United Kingdom,M
2024,Entry-level/Junior,Full-Time,Data Analyst,101000,USD,101000,US,On-site,United States,M
2023,Senior-level,Full-Time,Data Scientist,120000,USD,120000,US,On-site,United States,M
2021,Entry-level/Junior,Full-Time,Machine Learning Engineer,20000,USD,20000,FR,Hybrid,France,M
2024,Senior-level,Full-Time,Data Engineer,118000,USD,118000,US,On-site,United States,M
2023,Mid-level,Full-Time,Machine Learning Engineer,80000,GBP,98432,GB,On-site,United Kingdom,M
2023,Senior-level,Full-Time,Data Scientist,120000,USD,120000,US,On-site,United States,M
2024,Mid-level,Full-Time,Data Analyst,145400,USD,145400,US,On-site,United States,M
2022,Senior-level,Full-Time,Data Engineer,215000,USD,215000,US,Fully Remote,United States,M
2020,Senior-level,Full-Time,Data Scientist,60000,EUR,68428,GR,Fully Remote,United States,L
2023,Senior-level,Full-Time,Data Developer,113000,USD,113000,US,Fully Remote,United States,M
2024,Senior-level,Full-Time,Business Intelligence,108500,USD,108500,US,Fully Remote,United States,M
2023,Senior-level,Full-Time,Machine Learning Engineer,150000,USD,150000,US,On-site,United States,M
2023,Executive-level,Full-Time,Data Engineer,130000,USD,130000,US,On-site,United States,M
2023,Senior-level,Full-Time,Machine Learning Engineer,142200,USD,142200,US,On-site,United States,M
2022,Senior-level,Full-Time,Data Scientist,129300,USD,129300,US,On-site,United States,M
2022,Mid-level,Full-Time,Data Engineer,175000,USD,175000,US,On-site,United States,M
2024,Senior-level,Full-Time,Data Engineer,247300,USD,247300,US,On-site,United States,M
2023,Executive-level,Full-Time,Data Scientist,140100,USD,140100,US,On-site,United States,L
2024,Senior-level,Full-Time,Data Scientist,225000,USD,225000,CA,On-site,Canada,M
2023,Mid-level,Full-Time,Data Scientist,123740,USD,123740,US,On-site,United States,M
2024,Mid-level,Full-Time,Data Scientist,240000,USD,240000,US,On-site,United States,M
2024,Mid-level,Full-Time,Data Engineer,40000,GBP,50000,GB,On-site,United Kingdom,M
2024,Senior-level,Full-Time,Data Scientist,184800,USD,184800,US,On-site,United States,M
2024,Senior-level,Full-Time,Data Analyst,207300,USD,207300,US,On-site,United States,M
2024,Mid-level,Full-Time,Business Intelligence,120672,USD,120672,US,On-site,United States,M
2023,Senior-level,Full-Time,Data Scientist,157550,USD,157550,US,On-site,United States,M
2024,Senior-level,Full-Time,Data Researcher,245000,USD,245000,US,On-site,United States,M
2023,Mid-level,Full-Time,Data Management,100000,USD,100000,US,On-site,United States,M
2023,Senior-level,Full-Time,Data Management,168400,USD,168400,US,On-site,United States,M
2023,Senior-level,Full-Time,Data Scientist,182250,USD,182250,US,On-site,United States,M
2023,Senior-level,Full-Time,Data Scientist,210000,USD,210000,US,On-site,United States,M
2022,Senior-level,Full-Time,Data Scientist,122000,USD,122000,US,On-site,United States,M
2023,Senior-level,Full-Time,Data Scientist,126500,USD,126500,US,On-site,United States,M
2024,Senior-level,Full-Time,Data Scientist,174500,USD,174500,US,Fully Remote,United States,M
2023,Senior-level,Full-Time,Machine Learning Engineer,139500,USD,139500,US,On-site,United States,M
2023,Senior-level,Full-Time,Data Engineer,221000,USD,221000,US,On-site,United States,M
2023,Senior-level,Full-Time,Data Scientist,201450,USD,201450,US,Fully Remote,United States,M
2024,Senior-level,Full-Time,Data Engineer,127000,USD,127000,CA,On-site,Canada,M
2023,Mid-level,Full-Time,Data Engineer,48000,EUR,51824,FR,Fully Remote,France,M
2024,Senior-level,Full-Time,Data Scientist,123000,USD,123000,US,On-site,United States,M
2023,Mid-level,Full-Time,Data Analyst,65000,USD,65000,US,On-site,United States,M
2024,Senior-level,Full-Time,Business Intelligence,150000,USD,150000,US,On-site,United States,M
2024,Mid-level,Full-Time,Data Engineer,92000,USD,92000,US,On-site,United States,M
2024,Senior-level,Full-Time,Data Analyst,239300,USD,239300,US,On-site,United States,M
2023,Mid-level,Full-Time,Data Engineer,167500,USD,167500,US,On-site,United States,M
2024,Mid-level,Full-Time,Data Engineer,98000,USD,98000,US,On-site,United States,M
2024,Senior-level,Full-Time,Data Researcher,150000,USD,150000,US,On-site,United States,M
2023,Senior-level,Full-Time,Machine Learning Engineer,208000,USD,208000,US,Fully Remote,United States,M
2023,Senior-level,Full-Time,Data Scientist,157500,USD,157500,US,Fully Remote,United States,M
2020,Entry-level/Junior,Full-Time,Data Researcher,42000,USD,42000,NL,Hybrid,Netherlands,L
2023,Senior-level,Full-Time,Data Engineer,180000,USD,180000,US,On-site,United States,M
2023,Senior-level,Full-Time,Machine Learning Engineer,127876,USD,127876,US,On-site,United States,M
2022,Senior-level,Full-Time,Data Scientist,99360,USD,99360,US,Fully Remote,United States,M
2023,Mid-level,Full-Time,Data Scientist,111024,CAD,82254,CA,Fully Remote,Canada,L
2022,Mid-level,Full-Time,Data Engineer,90000,GBP,110820,GB,On-site,United Kingdom,M
2024,Senior-level,Full-Time,Business Intelligence,175000,USD,175000,US,On-site,United States,M
2023,Senior-level,Full-Time,Data Engineer,140000,USD,140000,US,On-site,United States,M
2022,Executive-level,Full-Time,Data Engineer,157000,USD,157000,US,Fully Remote,United States,M
2023,Senior-level,Full-Time,Data Scientist,136000,USD,136000,US,Fully Remote,United States,M
2023,Mid-level,Full-Time,Data Analyst,53000,USD,53000,US,Fully Remote,United States,M
2023,Senior-level,Full-Time,Data Engineer,76050,USD,76050,ZA,On-site,South Africa,M
2023,Senior-level,Full-Time,Data Scientist,260000,USD,260000,US,On-site,United States,L
2023,Senior-level,Full-Time,Data Researcher,127300,USD,127300,US,On-site,United States,L
2024,Mid-level,Full-Time,Data Engineer,90000,USD,90000,US,On-site,United States,M
2022,Entry-level/Junior,Full-Time,Data Analyst,46000,USD,46000,US,Fully Remote,United States,L
2023,Senior-level,Full-Time,Data Scientist,135000,USD,135000,US,On-site,United States,M
2024,Senior-level,Full-Time,Data Analyst,155000,USD,155000,CA,On-site,Canada,M
2023,Senior-level,Full-Time,Data Analyst,51962,USD,51962,US,Fully Remote,United States,M
2023,Senior-level,Full-Time,Data Engineer,138750,USD,138750,US,Fully Remote,United States,M
2024,Senior-level,Full-Time,Machine Learning Engineer,93300,USD,93300,EG,On-site,Egypt,M
2023,Senior-level,Full-Time,Data Researcher,115607,USD,115607,US,On-site,United States,M
2024,Entry-level/Junior,Full-Time,Data Researcher,250000,USD,250000,US,On-site,United States,M
2023,Senior-level,Full-Time,Data Scientist,131100,USD,131100,US,On-site,United States,M
2023,Senior-level,Full-Time,Data Engineer,130000,USD,130000,US,Fully Remote,United States,M
2023,Senior-level,Full-Time,Machine Learning Engineer,212500,USD,212500,US,On-site,United States,M
2022,Senior-level,Full-Time,Data Analyst,69000,USD,69000,US,Fully Remote,United States,M
2024,Senior-level,Full-Time,Data Scientist,132000,USD,132000,US,On-site,United States,M
2023,Senior-level,Full-Time,Data Analyst,108000,USD,108000,US,Fully Remote,United States,M
2023,Senior-level,Full-Time,Machine Learning Engineer,127300,USD,127300,US,On-site,United States,M
2023,Senior-level,Full-Time,Business Intelligence,185000,USD,185000,US,On-site,United States,L
2023,Entry-level/Junior,Full-Time,Data Scientist,150000,PLN,34924,TR,On-site,Poland,M
2024,Senior-level,Full-Time,Data Scientist,185400,USD,185400,US,On-site,United States,M
2022,Entry-level/Junior,Full-Time,Data Analyst,48000,USD,48000,US,On-site,United States,M
2022,Mid-level,Full-Time,Data Engineer,60000,GBP,73880,GB,On-site,United Kingdom,M
2023,Mid-level,Full-Time,Data Engineer,120000,USD,120000,US,On-site,United States,M
2022,Senior-level,Full-Time,Data Analyst,145000,USD,145000,US,Fully Remote,United States,M
2023,Senior-level,Full-Time,Data Scientist,211000,USD,211000,US,Fully Remote,United States,M
2023,Senior-level,Full-Time,Data Researcher,165500,USD,165500,US,Fully Remote,United States,M
2023,Senior-level,Full-Time,Machine Learning Engineer,176300,USD,176300,US,Fully Remote,United States,M
2023,Senior-level,Full-Time,Data Architect,193000,USD,193000,US,On-site,United States,M
2024,Senior-level,Full-Time,Data Analyst,105000,USD,105000,US,On-site,United States,M
2024,Senior-level,Full-Time,Machine Learning Engineer,225000,USD,225000,US,On-site,United States,M
2023,Senior-level,Full-Time,Data Scientist,155000,USD,155000,US,On-site,United States,M
2023,Senior-level,Full-Time,Data Engineer,146115,USD,146115,US,Fully Remote,United States,M
2024,Senior-level,Full-Time,Data Scientist,220000,USD,220000,US,On-site,United States,M
2023,Senior-level,Full-Time,Machine Learning Engineer,220000,USD,220000,US,On-site,United States,M
2024,Mid-level,Full-Time,Data Analyst,57500,USD,57500,US,Fully Remote,United States,M
2024,Senior-level,Full-Time,Data Architect,64200,USD,64200,US,On-site,United States,M
2023,Mid-level,Full-Time,Data Engineer,112000,USD,112000,US,On-site,United States,M
2023,Senior-level,Full-Time,Data Analyst,106020,USD,106020,US,On-site,United States,M
2023,Senior-level,Full-Time,Data Management,233500,USD,233500,US,On-site,United States,M
2023,Senior-level,Full-Time,Machine Learning Engineer,194100,USD,194100,US,On-site,United States,M
2023,Mid-level,Full-Time,Business Intelligence,166500,USD,166500,US,On-site,United States,M
2024,Mid-level,Full-Time,Business Intelligence,70000,USD,70000,US,Fully Remote,United States,M
2022,Senior-level,Full-Time,Data Engineer,138750,USD,138750,US,Fully Remote,United States,M
2022,Mid-level,Full-Time,Data Analyst,40000,GBP,49253,GB,Fully Remote,United Kingdom,M
2023,Senior-level,Full-Time,Business Intelligence,79600,USD,79600,US,On-site,United States,L
2023,Senior-level,Full-Time,Business Intelligence,169000,USD,169000,US,On-site,United States,M
2024,Senior-level,Full-Time,Data Engineer,50000,GBP,62500,GB,On-site,United Kingdom,M
2023,Mid-level,Full-Time,Data Engineer,185000,USD,185000,US,Fully Remote,United States,M
2023,Mid-level,Full-Time,Data Engineer,184000,USD,184000,US,On-site,United States,M
2023,Senior-level,Full-Time,Data Scientist,260000,USD,260000,US,On-site,United States,L
2023,Senior-level,Full-Time,Data Management,145000,USD,145000,US,On-site,United States,M
2023,Executive-level,Full-Time,Data Engineer,123471,USD,123471,GB,Fully Remote,United Kingdom,M
2023,Senior-level,Full-Time,Machine Learning Engineer,323300,USD,323300,US,On-site,United States,M
2024,Mid-level,Full-Time,Machine Learning Engineer,110000,USD,110000,US,On-site,United States,M
2023,Mid-level,Full-Time,Data Scientist,116990,USD,116990,US,Fully Remote,United States,M
2024,Senior-level,Full-Time,Data Scientist,147500,USD,147500,US,Fully Remote,United States,M
2023,Senior-level,Full-Time,Data Engineer,132624,USD,132624,US,Fully Remote,United States,M
2023,Senior-level,Full-Time,Data Engineer,145000,USD,145000,US,On-site,United States,M
2023,Senior-level,Full-Time,Machine Learning Engineer,351000,USD,351000,US,On-site,United States,M
2023,Senior-level,Full-Time,Data Engineer,124740,USD,124740,US,On-site,United States,M
2022,Entry-level/Junior,Freelance,Data Analyst,50000,USD,50000,BE,Fully Remote,United States,S
2023,Senior-level,Full-Time,Data Engineer,186000,USD,186000,US,On-site,United States,M
2023,Senior-level,Full-Time,Data Engineer,252000,USD,252000,US,On-site,United States,M
2023,Senior-level,Full-Time,Data Scientist,136000,USD,136000,US,On-site,United States,L
2024,Senior-level,Full-Time,Machine Learning Engineer,180000,USD,180000,US,On-site,United States,M
2023,Senior-level,Full-Time,Data Scientist,170000,USD,170000,US,Fully Remote,United States,M
2022,Senior-level,Full-Time,Data Scientist,170000,USD,170000,US,Fully Remote,United States,M
2022,Senior-level,Full-Time,Data Engineer,60000,USD,60000,AR,Fully Remote,Mexico,L
2024,Entry-level/Junior,Full-Time,Data Researcher,84068,USD,84068,US,On-site,United States,M
2023,Senior-level,Full-Time,Data Engineer,81500,USD,81500,US,On-site,United States,M
2023,Senior-level,Full-Time,Business Intelligence,185000,USD,185000,US,On-site,United States,L
2023,Senior-level,Full-Time,Machine Learning Engineer,240000,USD,240000,US,On-site,United States,M
2023,Senior-level,Full-Time,Data Researcher,202350,USD,202350,US,On-site,United States,M
2023,Entry-level/Junior,Full-Time,Data Engineer,120000,USD,120000,US,On-site,United States,M
2024,Senior-level,Full-Time,Data Engineer,173000,USD,173000,US,Fully Remote,United States,M
2023,Senior-level,Full-Time,Data Scientist,36000,EUR,38868,ES,On-site,Spain,M
2023,Mid-level,Full-Time,Data Analyst,39000,EUR,42107,DE,Hybrid,Germany,M
2024,Senior-level,Full-Time,Data Scientist,170000,USD,170000,US,On-site,United States,M
2023,Senior-level,Full-Time,Data Researcher,200000,USD,200000,US,On-site,United States,M
2023,Entry-level/Junior,Full-Time,Data Analyst,85000,USD,85000,US,Fully Remote,United States,M
2023,Senior-level,Full-Time,Data Scientist,190000,USD,190000,US,On-site,United States,M
2024,Mid-level,Full-Time,Data Engineer,106800,USD,106800,US,On-site,United States,M
2024,Senior-level,Full-Time,Business Intelligence,108500,USD,108500,US,Fully Remote,United States,M
2023,Senior-level,Full-Time,Business Intelligence,108500,USD,108500,US,Fully Remote,United States,M
2024,Mid-level,Full-Time,Data Scientist,180000,USD,180000,US,On-site,United States,M
2024,Senior-level,Full-Time,Business Intelligence,78800,USD,78800,US,Fully Remote,United States,M
2023,Senior-level,Full-Time,Data Engineer,171250,USD,171250,US,On-site,United States,M
2023,Senior-level,Full-Time,Data Scientist,136000,USD,136000,US,On-site,United States,L
2024,Senior-level,Full-Time,Data Scientist,215000,USD,215000,US,On-site,United States,M
2024,Senior-level,Full-Time,Data Engineer,132100,USD,132100,US,Fully Remote,United States,M
2024,Mid-level,Full-Time,Data Engineer,143000,USD,143000,US,On-site,United States,M
2023,Mid-level,Full-Time,Data Researcher,100000,USD,100000,US,On-site,United States,M
2023,Entry-level/Junior,Full-Time,Data Researcher,252990,USD,252990,US,Fully Remote,United States,M
2024,Senior-level,Full-Time,Data Scientist,109000,USD,109000,US,On-site,United States,M
2024,Mid-level,Full-Time,Data Researcher,120000,USD,120000,US,On-site,United States,M
2024,Senior-level,Full-Time,Data Scientist,200000,USD,200000,US,On-site,United States,M
2023,Senior-level,Full-Time,Machine Learning Engineer,140000,USD,140000,US,On-site,United States,M
2024,Senior-level,Full-Time,Data Analyst,145000,USD,145000,US,Fully Remote,United States,M
2023,Senior-level,Full-Time,Data Analyst,100000,USD,100000,US,Fully Remote,United States,M
2023,Mid-level,Full-Time,Data Analyst,123000,USD,123000,US,Fully Remote,United States,M
2024,Entry-level/Junior,Full-Time,Data Analyst,180700,USD,180700,US,On-site,United States,M
2023,Senior-level,Full-Time,Machine Learning Engineer,148594,USD,148594,US,On-site,United States,M
2024,Senior-level,Full-Time,Data Engineer,140000,USD,140000,US,Fully Remote,United States,M
2023,Senior-level,Full-Time,Data Architect,175000,USD,175000,US,Fully Remote,United States,M
2023,Senior-level,Full-Time,Machine Learning Engineer,165000,USD,165000,US,Fully Remote,United States,M
2023,Senior-level,Full-Time,Machine Learning Engineer,189000,USD,189000,US,On-site,United States,M
2023,Senior-level,Full-Time,Machine Learning Engineer,136800,USD,136800,US,On-site,United States,M
2022,Senior-level,Full-Time,Data Analyst,93700,USD,93700,US,Fully Remote,United States,M
2023,Senior-level,Full-Time,Data Engineer,175000,USD,175000,US,Fully Remote,United States,M
2024,Entry-level/Junior,Full-Time,Data Scientist,86900,USD,86900,US,On-site,United States,M
2023,Senior-level,Full-Time,Data Engineer,81500,USD,81500,US,Fully Remote,United States,M
2023,Mid-level,Full-Time,Data Engineer,123000,USD,123000,US,On-site,United States,M
2024,Senior-level,Full-Time,Machine Learning Engineer,215000,USD,215000,US,On-site,United States,M
2023,Mid-level,Full-Time,Machine Learning Engineer,150000,USD,150000,US,On-site,United States,M
2023,Senior-level,Full-Time,Machine Learning Engineer,238000,USD,238000,US,On-site,United States,M
2024,Senior-level,Full-Time,Data Scientist,161500,USD,161500,US,On-site,United States,M
2023,Mid-level,Full-Time,Data Analyst,98873,USD,98873,US,On-site,United States,M
2023,Senior-level,Full-Time,Business Intelligence,156400,USD,156400,US,On-site,United States,M
2023,Senior-level,Full-Time,Data Scientist,194500,USD,194500,US,On-site,United States,M
2023,Senior-level,Full-Time,Data Engineer,161000,USD,161000,US,On-site,United States,M
2023,Senior-level,Full-Time,Data Analyst,67000,EUR,72338,DE,Fully Remote,Germany,M
2021,Mid-level,Full-Time,Data Architect,150000,USD,150000,US,Fully Remote,United States,L
2023,Senior-level,Full-Time,Data Engineer,105200,USD,105200,US,On-site,United States,M
2022,Senior-level,Full-Time,Data Engineer,300000,USD,300000,US,On-site,United States,M
2023,Senior-level,Full-Time,Data Analyst,115920,USD,115920,US,On-site,United States,M
2023,Senior-level,Full-Time,Data Engineer,120000,USD,120000,US,On-site,United States,M
2024,Mid-level,Full-Time,Data Analyst,134400,USD,134400,US,On-site,United States,M
2023,Senior-level,Full-Time,Machine Learning Engineer,180514,USD,180514,US,Fully Remote,United States,M
2023,Mid-level,Full-Time,Data Management,120000,USD,120000,US,On-site,United States,M
2021,Senior-level,Full-Time,Data Operation,165000,USD,165000,US,Fully Remote,United States,L
2024,Senior-level,Full-Time,Data Engineer,190000,USD,190000,US,On-site,United States,M
2024,Senior-level,Full-Time,Machine Learning Engineer,267900,USD,267900,US,On-site,United States,M
2024,Senior-level,Full-Time,Data Scientist,175000,USD,175000,US,Fully Remote,United States,M
2023,Senior-level,Full-Time,Data Analyst,150000,USD,150000,US,Fully Remote,United States,M
2023,Senior-level,Full-Time,Machine Learning Engineer,226600,USD,226600,US,On-site,United States,M
2023,Senior-level,Full-Time,Data Engineer,146000,USD,146000,US,On-site,United States,M
2024,Senior-level,Full-Time,Data Engineer,113000,USD,113000,US,On-site,United States,M
2024,Senior-level,Full-Time,Data Scientist,111500,USD,111500,US,On-site,United States,M
2023,Senior-level,Full-Time,Data Engineer,129300,USD,129300,US,On-site,United States,M
2023,Mid-level,Full-Time,Data Scientist,130410,USD,130410,US,On-site,United States,M
2024,Mid-level,Full-Time,Data Engineer,70000,USD,70000,US,On-site,United States,M
2022,Mid-level,Full-Time,Data Analyst,50000,GBP,61566,GB,On-site,United Kingdom,M
2023,Mid-level,Full-Time,Data Scientist,250000,USD,250000,US,On-site,United States,M
2023,Senior-level,Full-Time,Data Analyst,206000,USD,206000,US,On-site,United States,M
2023,Senior-level,Full-Time,Data Analyst,122000,USD,122000,US,On-site,United States,M
2022,Senior-level,Full-Time,Data Scientist,140000,USD,140000,US,Fully Remote,United States,M
2023,Senior-level,Full-Time,Data Analyst,143520,USD,143520,US,On-site,United States,M
2024,Senior-level,Full-Time,Machine Learning Engineer,220000,USD,220000,US,On-site,United States,M
2023,Senior-level,Full-Time,Data Management,100000,USD,100000,US,On-site,United States,M
2023,Senior-level,Full-Time,Machine Learning Engineer,165400,USD,165400,US,On-site,United States,M
2023,Executive-level,Full-Time,Data Scientist,185000,USD,185000,US,On-site,United States,M
2023,Entry-level/Junior,Full-Time,Data Analyst,50000,USD,50000,US,Fully Remote,United States,M
2024,Mid-level,Full-Time,Data Engineer,198000,USD,198000,US,On-site,United States,M
2023,Mid-level,Full-Time,Data Engineer,700000,USD,700000,US,Fully Remote,United States,M
2022,Senior-level,Full-Time,Data Architect,63000,USD,63000,US,On-site,United States,M
2021,Senior-level,Full-Time,Data Analyst,54000,EUR,63831,DE,Hybrid,Germany,L
2023,Senior-level,Full-Time,Data Engineer,178500,USD,178500,US,Fully Remote,United States,M
2023,Executive-level,Full-Time,Data Scientist,228856,USD,228856,GB,Fully Remote,United Kingdom,M
2023,Mid-level,Full-Time,Data Scientist,185900,USD,185900,US,On-site,United States,M
2023,Senior-level,Full-Time,Data Scientist,139000,USD,139000,US,On-site,United States,M
2022,Senior-level,Full-Time,Data Engineer,105700,USD,105700,US,On-site,United States,L
2023,Mid-level,Full-Time,Data Scientist,128750,USD,128750,US,On-site,United States,M
2024,Senior-level,Full-Time,Data Engineer,115000,USD,115000,US,On-site,United States,M
2024,Senior-level,Full-Time,Data Researcher,151900,USD,151900,US,On-site,United States,M
2024,Mid-level,Full-Time,Data Engineer,221500,USD,221500,US,On-site,United States,M
2023,Mid-level,Full-Time,Machine Learning Engineer,124000,USD,124000,US,Fully Remote,United States,M
2023,Senior-level,Full-Time,Data Engineer,204500,USD,204500,US,On-site,United States,M
2023,Senior-level,Full-Time,Data Engineer,167200,USD,167200,US,Fully Remote,United States,M
2023,Senior-level,Full-Time,Data Engineer,204500,USD,204500,US,On-site,United States,M
2024,Executive-level,Full-Time,Data Analyst,50000,GBP,62500,GB,On-site,United Kingdom,M
2022,Senior-level,Full-Time,Data Engineer,120000,USD,120000,US,On-site,United States,M
2023,Mid-level,Full-Time,Data Engineer,69000,USD,69000,US,On-site,United States,M
2022,Senior-level,Full-Time,Data Analyst,81666,USD,81666,US,On-site,United States,M
2023,Executive-level,Full-Time,Data Scientist,201900,USD,201900,US,On-site,United States,M
2023,Senior-level,Full-Time,Business Intelligence,110600,USD,110600,US,On-site,United States,M
2023,Senior-level,Full-Time,Data Scientist,106800,USD,106800,US,On-site,United States,M
2024,Mid-level,Full-Time,Data Scientist,66000,USD,66000,US,On-site,United States,M
2022,Senior-level,Full-Time,Data Scientist,141525,USD,141525,US,Fully Remote,United States,M
2024,Senior-level,Full-Time,Data Engineer,240500,USD,240500,US,On-site,United States,L
2023,Mid-level,Full-Time,Data Engineer,116480,USD,116480,US,On-site,United States,M
2022,Senior-level,Full-Time,Data Engineer,105200,USD,105200,US,On-site,United States,M
2022,Senior-level,Full-Time,Data Scientist,153000,USD,153000,US,Fully Remote,United States,M
2023,Mid-level,Full-Time,Machine Learning Engineer,106720,USD,106720,US,On-site,United States,M
2022,Senior-level,Full-Time,Data Analyst,99450,USD,99450,US,Fully Remote,United States,M
2023,Mid-level,Full-Time,Data Engineer,110000,USD,110000,FR,Fully Remote,France,M
2022,Senior-level,Full-Time,Machine Learning Engineer,164000,USD,164000,US,Fully Remote,United States,M
2023,Senior-level,Full-Time,Data Analyst,95000,USD,95000,US,On-site,United States,M
2024,Senior-level,Full-Time,Data Management,60860,GBP,76075,US,On-site,United States,M
2023,Senior-level,Full-Time,Data Analyst,52000,EUR,56143,ES,Fully Remote,Spain,M
2024,Mid-level,Full-Time,Data Analyst,149000,USD,149000,US,Fully Remote,United States,M
2023,Senior-level,Full-Time,Data Analyst,106020,USD,106020,US,On-site,United States,M
2023,Senior-level,Full-Time,Data Engineer,290000,USD,290000,US,Fully Remote,United States,M
2024,Senior-level,Full-Time,Data Architect,400000,USD,400000,US,Fully Remote,United States,M
2024,Mid-level,Full-Time,Data Scientist,106500,USD,106500,US,Fully Remote,United States,M
2023,Senior-level,Full-Time,Machine Learning Engineer,300000,USD,300000,US,On-site,United States,M
2023,Entry-level/Junior,Full-Time,Data Analyst,105000,USD,105000,US,On-site,United States,M
2023,Senior-level,Full-Time,Data Scientist,236160,USD,236160,US,Fully Remote,United States,M
2023,Senior-level,Full-Time,Data Engineer,121000,USD,121000,US,On-site,United States,M
2022,Senior-level,Full-Time,Data Engineer,130000,USD,130000,US,On-site,United States,M
2024,Executive-level,Full-Time,Data Engineer,168854,USD,168854,US,On-site,United States,M
2023,Senior-level,Full-Time,Data Engineer,250000,USD,250000,US,On-site,United States,M
2023,Mid-level,Full-Time,Data Scientist,137500,USD,137500,US,On-site,United States,M
2023,Senior-level,Full-Time,Data Engineer,140000,USD,140000,US,On-site,United States,M
2023,Senior-level,Full-Time,Machine Learning Engineer,262000,USD,262000,US,On-site,United States,M
2023,Mid-level,Full-Time,Machine Learning Engineer,217600,USD,217600,US,On-site,United States,M
2023,Mid-level,Full-Time,Data Engineer,70000,USD,70000,US,Fully Remote,United States,M
2023,Mid-level,Full-Time,Data Scientist,147400,USD,147400,US,On-site,United States,M
2023,Senior-level,Full-Time,Data Scientist,136000,USD,136000,US,On-site,United States,L
2023,Senior-level,Full-Time,Data Scientist,164000,USD,164000,US,Fully Remote,United States,M
2023,Mid-level,Full-Time,Business Intelligence,120000,USD,120000,US,Fully Remote,United States,M
2023,Senior-level,Full-Time,Data Researcher,189110,USD,189110,US,On-site,United States,M
2023,Senior-level,Full-Time,Data Scientist,167310,USD,167310,US,On-site,United States,M
2023,Senior-level,Full-Time,Data Scientist,167200,USD,167200,US,Fully Remote,United States,M
2023,Senior-level,Full-Time,Data Engineer,139700,USD,139700,US,On-site,United States,M
2023,Senior-level,Full-Time,Data Scientist,70000,USD,70000,US,On-site,United States,M
2024,Executive-level,Full-Time,Machine Learning Engineer,438000,USD,438000,US,On-site,United States,M
2023,Mid-level,Full-Time,Data Analyst,155000,USD,155000,US,On-site,United States,M
2024,Mid-level,Full-Time,Data Analyst,73100,USD,73100,US,On-site,United States,M
2023,Senior-level,Full-Time,Data Scientist,185000,USD,185000,US,Fully Remote,United States,M
2024,Mid-level,Full-Time,Data Engineer,61600,USD,61600,US,On-site,United States,M
2024,Executive-level,Full-Time,Data Scientist,97254,USD,97254,US,On-site,United States,M
2020,Senior-level,Full-Time,Data Engineer,720000,MXN,33511,MX,On-site,Mexico,S
2023,Senior-level,Full-Time,Data Engineer,130000,USD,130000,US,On-site,United States,M
2023,Mid-level,Full-Time,Data Analyst,43000,EUR,46426,SI,On-site,Slovenia,M
2024,Senior-level,Full-Time,Business Intelligence,78800,USD,78800,US,Fully Remote,United States,M
2023,Mid-level,Full-Time,Data Engineer,170000,USD,170000,US,Fully Remote,United States,M
2023,Senior-level,Full-Time,Data Engineer,142200,USD,142200,US,On-site,United States,M
2024,Mid-level,Full-Time,Data Scientist,120000,USD,120000,US,Fully Remote,United States,M
2023,Senior-level,Full-Time,Machine Learning Engineer,212800,USD,212800,US,On-site,United States,M
2023,Senior-level,Full-Time,Data Scientist,150000,USD,150000,US,On-site,United States,M
2023,Senior-level,Full-Time,Data Engineer,245000,USD,245000,US,On-site,United States,M
2022,Mid-level,Full-Time,Data Scientist,2500000,INR,31795,IN,Fully Remote,United States,M
2023,Senior-level,Full-Time,Data Engineer,225000,USD,225000,US,Fully Remote,United States,M
2024,Mid-level,Full-Time,Data Scientist,106000,USD,106000,US,On-site,United States,M
2024,Senior-level,Full-Time,Machine Learning Engineer,250000,USD,250000,US,On-site,United States,M
2024,Senior-level,Full-Time,Data Scientist,168600,USD,168600,US,Fully Remote,United States,M
2023,Senior-level,Full-Time,Data Scientist,359170,USD,359170,US,On-site,United States,M
2023,Entry-level/Junior,Full-Time,Data Researcher,47423,USD,47423,US,On-site,United States,M
2024,Mid-level,Full-Time,Data Scientist,180000,USD,180000,US,On-site,United States,M
2023,Senior-level,Full-Time,Data Scientist,128000,USD,128000,US,On-site,United States,M
2023,Senior-level,Full-Time,Data Engineer,126800,USD,126800,US,On-site,United States,M
2022,Senior-level,Full-Time,Data Scientist,100000,USD,100000,BR,Fully Remote,United States,M
2023,Senior-level,Full-Time,Data Researcher,278700,USD,278700,US,On-site,United States,M
2023,Senior-level,Full-Time,Data Engineer,255000,USD,255000,US,On-site,United States,M
2022,Mid-level,Full-Time,Machine Learning Engineer,53000,EUR,55685,PT,Hybrid,Portugal,L
2024,Senior-level,Full-Time,Data Scientist,155000,USD,155000,US,On-site,United States,M
2022,Mid-level,Full-Time,Data Scientist,30000,USD,30000,MX,Fully Remote,Mexico,L
2022,Senior-level,Full-Time,Data Scientist,200000,USD,200000,US,Fully Remote,United States,M
2023,Senior-level,Full-Time,Data Engineer,129300,USD,129300,US,On-site,United States,M
2023,Senior-level,Full-Time,Data Scientist,111600,USD,111600,US,On-site,United States,L
2023,Senior-level,Full-Time,Data Analyst,100000,USD,100000,US,On-site,United States,M
2024,Entry-level/Junior,Full-Time,Data Analyst,92000,USD,92000,US,Fully Remote,United States,M
2023,Executive-level,Full-Time,Data Engineer,115500,USD,115500,US,On-site,United States,M
2023,Senior-level,Full-Time,Data Engineer,174350,USD,174350,US,On-site,United States,M
2023,Senior-level,Full-Time,Machine Learning Engineer,207700,USD,207700,CA,On-site,Canada,M
2024,Senior-level,Full-Time,Data Scientist,152000,USD,152000,US,Fully Remote,United States,M
2022,Senior-level,Full-Time,Data Engineer,110000,USD,110000,US,Fully Remote,United States,M
2024,Mid-level,Full-Time,Data Scientist,136000,USD,136000,US,On-site,United States,L
2022,Mid-level,Full-Time,Data Analyst,136000,USD,136000,US,Fully Remote,United States,M
2023,Senior-level,Full-Time,Data Analyst,105000,USD,105000,US,On-site,United States,M
2022,Senior-level,Full-Time,Machine Learning Engineer,110000,EUR,115573,FR,Fully Remote,France,M
2023,Mid-level,Full-Time,Machine Learning Engineer,116800,USD,116800,US,On-site,United States,M
2024,Mid-level,Full-Time,Data Scientist,222200,USD,222200,US,On-site,United States,L
2023,Senior-level,Full-Time,Machine Learning Engineer,193600,USD,193600,US,On-site,United States,M
2022,Senior-level,Full-Time,Data Engineer,180000,USD,180000,US,Fully Remote,United States,M
2022,Senior-level,Full-Time,Data Engineer,191200,USD,191200,US,On-site,United States,M
2024,Mid-level,Full-Time,Data Scientist,188500,USD,188500,US,On-site,United States,M
2024,Senior-level,Full-Time,Data Analyst,150000,USD,150000,US,On-site,United States,M
2023,Senior-level,Full-Time,Data Analyst,130000,USD,130000,US,Fully Remote,United States,M
2024,Senior-level,Full-Time,Machine Learning Engineer,324000,USD,324000,US,On-site,United States,M
2023,Senior-level,Full-Time,Data Scientist,84000,USD,84000,US,Fully Remote,United States,M
2023,Entry-level/Junior,Full-Time,Data Analyst,105000,USD,105000,US,On-site,United States,M
2023,Senior-level,Full-Time,Business Intelligence,125000,USD,125000,US,Fully Remote,United States,M
2023,Mid-level,Full-Time,Data Operation,65000,USD,65000,US,On-site,United States,M
2023,Mid-level,Full-Time,Data Researcher,220000,USD,220000,US,Fully Remote,United States,M
2022,Senior-level,Full-Time,Data Scientist,212800,USD,212800,US,Fully Remote,United States,M
2024,Senior-level,Full-Time,Machine Learning Engineer,310000,USD,310000,US,On-site,United States,M
2023,Senior-level,Full-Time,Machine Learning Engineer,132600,USD,132600,US,On-site,United States,M
2023,Senior-level,Full-Time,Business Intelligence,79600,USD,79600,US,On-site,United States,L
2023,Entry-level/Junior,Full-Time,Data Analyst,75065,USD,75065,US,Fully Remote,United States,M
2022,Senior-level,Full-Time,Data Engineer,168400,USD,168400,US,On-site,United States,M
2024,Entry-level/Junior,Full-Time,Data Analyst,109700,USD,109700,US,On-site,United States,M
2023,Mid-level,Full-Time,Data Scientist,94400,USD,94400,US,Fully Remote,United States,M
2024,Senior-level,Full-Time,Data Scientist,58800,EUR,65333,LT,On-site,Lithuania,M
2024,Entry-level/Junior,Full-Time,Data Researcher,58400,USD,58400,US,On-site,United States,M
2024,Mid-level,Full-Time,Data Scientist,110000,USD,110000,US,On-site,United States,M
2023,Senior-level,Full-Time,Data Scientist,114080,USD,114080,US,On-site,United States,M
2024,Mid-level,Full-Time,Data Engineer,385000,USD,385000,US,On-site,United States,M
2023,Senior-level,Full-Time,Machine Learning Engineer,241000,USD,241000,US,On-site,United States,M
2024,Senior-level,Full-Time,Data Analyst,164000,USD,164000,US,On-site,United States,M
2024,Senior-level,Full-Time,Data Researcher,54395,GBP,67993,ZA,On-site,South Africa,M
2023,Senior-level,Full-Time,Data Scientist,142200,USD,142200,US,On-site,United States,M
2022,Mid-level,Full-Time,Data Scientist,58000,EUR,60938,DE,Fully Remote,Germany,S
2023,Senior-level,Full-Time,Data Scientist,185900,USD,185900,US,On-site,United States,M
2023,Executive-level,Full-Time,Data Scientist,336400,USD,336400,US,On-site,United States,M
2023,Senior-level,Full-Time,Data Engineer,146000,USD,146000,US,On-site,United States,M
2023,Senior-level,Full-Time,Data Management,169000,USD,169000,US,On-site,United States,M
2024,Senior-level,Full-Time,Data Engineer,123700,USD,123700,US,On-site,United States,L
2023,Senior-level,Full-Time,Data Researcher,308000,USD,308000,US,On-site,United States,M
2023,Senior-level,Full-Time,Machine Learning Engineer,210000,USD,210000,GB,On-site,United Kingdom,M
2022,Senior-level,Full-Time,Data Scientist,129300,USD,129300,US,On-site,United States,M
2022,Mid-level,Full-Time,Data Scientist,159000,USD,159000,US,Fully Remote,United States,M
2024,Entry-level/Junior,Full-Time,Data Analyst,100000,USD,100000,US,On-site,United States,M
2023,Entry-level/Junior,Full-Time,Data Engineer,135000,USD,135000,US,On-site,United States,M
2024,Senior-level,Full-Time,Data Engineer,145000,USD,145000,US,On-site,United States,M
2023,Mid-level,Full-Time,Machine Learning Engineer,200000,USD,200000,GB,On-site,United Kingdom,M
2022,Senior-level,Full-Time,Data Analyst,169000,USD,169000,US,On-site,United States,M
2023,Mid-level,Full-Time,Data Scientist,105000,USD,105000,US,On-site,United States,M
2023,Mid-level,Full-Time,Data Engineer,95000,USD,95000,ES,Fully Remote,Spain,M
2024,Mid-level,Full-Time,Data Engineer,205600,USD,205600,US,On-site,United States,L
2023,Senior-level,Full-Time,Data Scientist,192000,USD,192000,US,Fully Remote,United States,M
2022,Senior-level,Full-Time,Data Engineer,110000,USD,110000,US,Fully Remote,United States,M
2023,Senior-level,Full-Time,Machine Learning Engineer,123800,USD,123800,US,Fully Remote,United States,M
2023,Mid-level,Full-Time,Data Operation,85000,USD,85000,US,On-site,United States,M
2023,Senior-level,Full-Time,Data Analyst,153600,USD,153600,US,Fully Remote,United States,M
2023,Senior-level,Full-Time,Data Architect,110000,USD,110000,US,Fully Remote,United States,M
2021,Mid-level,Full-Time,Data Analyst,135000,USD,135000,US,Fully Remote,United States,L
2023,Senior-level,Full-Time,Machine Learning Engineer,247500,USD,247500,US,On-site,United States,M
2024,Entry-level/Junior,Full-Time,Data Analyst,120000,USD,120000,US,On-site,United States,M
2022,Senior-level,Full-Time,Data Analyst,164000,USD,164000,US,On-site,United States,M
2023,Senior-level,Full-Time,Machine Learning Engineer,166600,USD,166600,US,On-site,United States,M
2023,Senior-level,Full-Time,Data Scientist,184700,USD,184700,US,On-site,United States,M
2023,Senior-level,Full-Time,Data Scientist,350000,USD,350000,US,On-site,United States,L
2023,Senior-level,Full-Time,Data Management,48000,USD,48000,CO,On-site,Colombia,M
2024,Senior-level,Full-Time,Data Scientist,96750,USD,96750,US,On-site,United States,M
2024,Senior-level,Full-Time,Data Engineer,95325,USD,95325,US,On-site,United States,M
2023,Senior-level,Full-Time,Data Scientist,110000,USD,110000,US,Fully Remote,United States,M
2023,Mid-level,Full-Time,Data Scientist,136000,USD,136000,US,On-site,United States,L
2024,Senior-level,Full-Time,Business Intelligence,130000,USD,130000,US,On-site,United States,M
2024,Mid-level,Full-Time,Business Intelligence,185000,USD,185000,US,On-site,United States,L
2023,Mid-level,Full-Time,Data Engineer,106500,USD,106500,US,On-site,United States,M
2024,Senior-level,Full-Time,Data Analyst,140000,USD,140000,US,On-site,United States,M
2023,Mid-level,Full-Time,Data Analyst,75000,USD,75000,US,On-site,United States,M
2023,Senior-level,Full-Time,Machine Learning Engineer,200000,USD,200000,US,Fully Remote,United States,M
2023,Senior-level,Full-Time,Machine Learning Engineer,145000,USD,145000,US,Fully Remote,United States,M
2023,Entry-level/Junior,Full-Time,Data Scientist,73100,USD,73100,US,Fully Remote,United States,M
2024,Senior-level,Full-Time,Data Scientist,140000,USD,140000,US,On-site,United States,M
2024,Mid-level,Full-Time,Data Operation,112500,USD,112500,US,Fully Remote,United States,M
2023,Senior-level,Full-Time,Machine Learning Engineer,296400,USD,296400,US,On-site,United States,M
2024,Senior-level,Full-Time,Data Scientist,226500,USD,226500,US,Fully Remote,United States,M
2024,Senior-level,Full-Time,Business Intelligence,144138,USD,144138,US,On-site,United States,M
2022,Mid-level,Full-Time,Data Engineer,80000,USD,80000,US,On-site,United States,M
2023,Senior-level,Full-Time,Data Engineer,225000,USD,225000,US,On-site,United States,M
2023,Senior-level,Full-Time,Data Scientist,156560,USD,156560,US,On-site,United States,M
2023,Entry-level/Junior,Full-Time,Data Analyst,25000,EUR,26992,GR,Fully Remote,United Kingdom,S
2023,Senior-level,Full-Time,Machine Learning Engineer,125000,USD,125000,US,On-site,United States,M
2023,Senior-level,Full-Time,Machine Learning Engineer,225000,USD,225000,FR,On-site,France,M
2023,Mid-level,Full-Time,Data Operation,90300,USD,90300,US,On-site,United States,M
2023,Senior-level,Full-Time,Data Management,130000,USD,130000,US,On-site,United States,M
2023,Senior-level,Full-Time,Machine Learning Engineer,270000,USD,270000,US,Fully Remote,United States,M
2024,Senior-level,Full-Time,Machine Learning Engineer,414000,USD,414000,US,On-site,United States,M
2023,Senior-level,Full-Time,Machine Learning Engineer,142352,USD,142352,US,On-site,United States,M
2022,Senior-level,Full-Time,Machine Learning Engineer,248700,USD,248700,US,On-site,United States,M
2023,Entry-level/Junior,Full-Time,Business Intelligence,85000,USD,85000,US,On-site,United States,M
2024,Senior-level,Full-Time,Data Scientist,155000,USD,155000,US,Fully Remote,United States,M
2023,Mid-level,Full-Time,Data Analyst,60000,USD,60000,US,Fully Remote,United States,M
2023,Mid-level,Full-Time,Data Analyst,105000,USD,105000,US,On-site,United States,M
2023,Senior-level,Full-Time,Business Intelligence,202800,USD,202800,US,On-site,United States,L
2024,Senior-level,Full-Time,Data Engineer,140000,USD,140000,US,On-site,United States,M
2024,Senior-level,Full-Time,Data Scientist,168000,USD,168000,US,On-site,United States,M
2023,Senior-level,Full-Time,Data Engineer,125000,USD,125000,US,On-site,United States,M
2024,Mid-level,Full-Time,Data Scientist,68400,USD,68400,US,On-site,United States,M
2023,Senior-level,Full-Time,Machine Learning Engineer,200000,USD,200000,US,On-site,United States,M
2024,Mid-level,Full-Time,Data Engineer,80000,USD,80000,US,On-site,United States,M
2022,Senior-level,Full-Time,Data Scientist,184000,USD,184000,US,Fully Remote,United States,M
2023,Mid-level,Full-Time,Data Engineer,128000,USD,128000,US,On-site,United States,M
2023,Senior-level,Full-Time,Data Scientist,114080,USD,114080,US,On-site,United States,M
2022,Senior-level,Full-Time,Data Analyst,70000,USD,70000,US,On-site,United States,M
2023,Mid-level,Full-Time,Data Analyst,166000,USD,166000,US,On-site,United States,M
2022,Senior-level,Contract,Data Analyst,90000,USD,90000,US,Fully Remote,United States,M
2023,Senior-level,Full-Time,Data Scientist,130000,USD,130000,US,On-site,United States,M
2024,Senior-level,Full-Time,Data Engineer,55000,GBP,68750,GB,On-site,United Kingdom,M
2023,Senior-level,Full-Time,Data Scientist,245000,USD,245000,US,On-site,United States,M
2023,Mid-level,Full-Time,Data Analyst,100000,USD,100000,US,On-site,United States,M
2022,Mid-level,Full-Time,Data Analyst,100000,USD,100000,US,On-site,United States,M
2023,Senior-level,Full-Time,Data Analyst,137500,USD,137500,US,On-site,United States,M
2022,Executive-level,Full-Time,Data Engineer,210000,USD,210000,US,Fully Remote,United States,M
2023,Senior-level,Full-Time,Data Engineer,80000,USD,80000,US,On-site,United States,M
2024,Mid-level,Full-Time,Data Scientist,120000,USD,120000,US,On-site,United States,M
2024,Entry-level/Junior,Full-Time,Data Analyst,64000,USD,64000,US,On-site,United States,M
2024,Executive-level,Full-Time,Data Scientist,225000,USD,225000,US,On-site,United States,M
2023,Senior-level,Full-Time,Data Analyst,138860,USD,138860,US,On-site,United States,M
2022,Senior-level,Full-Time,Data Engineer,63000,USD,63000,US,Fully Remote,United States,M
2021,Senior-level,Full-Time,Data Scientist,4000000,INR,54094,IN,Fully Remote,India,L
2023,Mid-level,Full-Time,Data Engineer,162500,USD,162500,US,On-site,United States,M
2024,Senior-level,Full-Time,Data Engineer,74300,USD,74300,US,On-site,United States,M
2021,Mid-level,Full-Time,Data Scientist,21600,EUR,25532,RS,Fully Remote,Germany,S
2023,Senior-level,Full-Time,Machine Learning Engineer,190000,USD,190000,US,Fully Remote,United States,M
2024,Senior-level,Full-Time,Data Engineer,136000,USD,136000,US,Fully Remote,United States,M
2023,Senior-level,Full-Time,Machine Learning Engineer,235000,USD,235000,US,Fully Remote,United States,M
2023,Senior-level,Full-Time,Data Engineer,205600,USD,205600,US,On-site,United States,L
2024,Mid-level,Full-Time,Data Engineer,270250,USD,270250,US,On-site,United States,M
2022,Senior-level,Full-Time,Data Scientist,141525,USD,141525,US,Fully Remote,United States,M
2024,Mid-level,Full-Time,Data Researcher,245000,USD,245000,US,On-site,United States,M
2023,Senior-level,Full-Time,Data Engineer,167500,USD,167500,US,On-site,United States,M
2024,Senior-level,Full-Time,Data Scientist,174000,USD,174000,US,On-site,United States,M
2024,Senior-level,Full-Time,Data Analyst,115000,USD,115000,US,On-site,United States,M
2024,Senior-level,Full-Time,Data Engineer,136675,USD,136675,US,Fully Remote,United States,M
2024,Mid-level,Full-Time,Data Researcher,295000,USD,295000,US,On-site,United States,M
2023,Senior-level,Full-Time,Data Engineer,163625,USD,163625,US,Fully Remote,United States,M
2024,Senior-level,Full-Time,Data Engineer,146266,USD,146266,US,On-site,United States,M
2023,Senior-level,Full-Time,Data Scientist,220000,USD,220000,US,Fully Remote,United States,M
2024,Senior-level,Full-Time,Machine Learning Engineer,146900,USD,146900,US,On-site,United States,M
2023,Mid-level,Full-Time,Data Architect,258000,USD,258000,US,Fully Remote,United States,L
2022,Senior-level,Full-Time,Data Engineer,229998,USD,229998,US,On-site,United States,L
2023,Senior-level,Full-Time,Data Architect,125600,USD,125600,US,On-site,United States,M
2023,Entry-level/Junior,Full-Time,Data Engineer,60000,USD,60000,US,Fully Remote,United States,M
2023,Senior-level,Full-Time,Data Scientist,118000,USD,118000,US,Fully Remote,United States,M
2023,Senior-level,Full-Time,Data Engineer,40800,EUR,44051,EE,On-site,Estonia,M
2023,Senior-level,Full-Time,Data Engineer,200000,PLN,46565,PL,Fully Remote,Poland,L
2023,Senior-level,Full-Time,Data Engineer,155000,USD,155000,US,On-site,United States,M
2023,Senior-level,Full-Time,Data Engineer,160000,USD,160000,US,Fully Remote,United States,M
2024,Executive-level,Full-Time,Business Intelligence,155000,USD,155000,CA,On-site,Canada,M
2022,Senior-level,Full-Time,Data Engineer,130000,USD,130000,US,On-site,United States,M
2024,Entry-level/Junior,Full-Time,Data Analyst,80000,USD,80000,US,Fully Remote,United States,M
2024,Mid-level,Full-Time,Data Engineer,75000,USD,75000,US,Fully Remote,United States,M
2024,Mid-level,Full-Time,Data Scientist,135000,USD,135000,US,On-site,United States,M
2024,Senior-level,Full-Time,Data Engineer,49500,GBP,61875,GB,On-site,United Kingdom,M
2024,Entry-level/Junior,Full-Time,Data Analyst,85500,USD,85500,US,Fully Remote,United States,M
2023,Senior-level,Full-Time,Data Scientist,198800,USD,198800,US,On-site,United States,M
2023,Mid-level,Full-Time,Data Engineer,99000,USD,99000,US,On-site,United States,M
2023,Senior-level,Full-Time,Data Scientist,70000,USD,70000,US,On-site,United States,M
2023,Senior-level,Full-Time,Data Scientist,224250,USD,224250,US,On-site,United States,M
2023,Senior-level,Full-Time,Data Engineer,78000,USD,78000,US,On-site,United States,M
2024,Senior-level,Full-Time,Data Scientist,195000,USD,195000,US,On-site,United States,M
2023,Mid-level,Full-Time,Data Analyst,65000,USD,65000,US,Fully Remote,United States,M
2023,Senior-level,Full-Time,Data Scientist,210000,USD,210000,US,Fully Remote,United States,M
2023,Senior-level,Full-Time,Data Scientist,160000,USD,160000,US,Fully Remote,United States,M
2023,Senior-level,Full-Time,Machine Learning Engineer,176000,USD,176000,US,On-site,United States,M
2023,Senior-level,Full-Time,Data Analyst,145000,USD,145000,US,On-site,United States,M
2023,Senior-level,Full-Time,Data Engineer,226700,USD,226700,US,On-site,United States,M
2022,Mid-level,Full-Time,Data Analyst,100000,USD,100000,US,On-site,United States,M
2023,Mid-level,Full-Time,Data Analyst,177000,USD,177000,US,On-site,United States,M
2023,Senior-level,Full-Time,Data Researcher,130000,USD,130000,US,On-site,United States,M
2023,Senior-level,Full-Time,Data Engineer,136994,USD,136994,US,Fully Remote,United States,M
2024,Senior-level,Full-Time,Machine Learning Engineer,125000,USD,125000,US,On-site,United States,M
2023,Senior-level,Full-Time,Machine Learning Engineer,108308,USD,108308,US,Fully Remote,United States,M
2023,Senior-level,Full-Time,Data Scientist,109000,USD,109000,US,On-site,United States,M
2023,Senior-level,Full-Time,Machine Learning Engineer,165000,USD,165000,US,Fully Remote,United States,M
2023,Senior-level,Full-Time,Data Researcher,266450,USD,266450,US,On-site,United States,M
2024,Mid-level,Full-Time,Data Scientist,73100,USD,73100,US,On-site,United States,M
2024,Senior-level,Full-Time,Machine Learning Engineer,240200,USD,240200,GB,Fully Remote,United Kingdom,M
2023,Senior-level,Full-Time,Data Scientist,136000,USD,136000,US,On-site,United States,L
2023,Senior-level,Full-Time,Data Scientist,208500,USD,208500,US,On-site,United States,M
2023,Senior-level,Full-Time,Data Scientist,156400,USD,156400,US,On-site,United States,M
2023,Senior-level,Full-Time,Data Analyst,90000,USD,90000,US,Fully Remote,United States,M
2022,Mid-level,Full-Time,Data Engineer,80000,EUR,84053,GR,Fully Remote,Greece,M
2023,Senior-level,Full-Time,Data Scientist,182500,USD,182500,US,Fully Remote,United States,M
2022,Mid-level,Full-Time,Machine Learning Engineer,80000,EUR,84053,FR,Fully Remote,Germany,M
2024,Executive-level,Full-Time,Data Engineer,268500,USD,268500,CA,On-site,Canada,M
2023,Senior-level,Full-Time,Data Engineer,172800,USD,172800,US,On-site,United States,M
2023,Senior-level,Full-Time,Data Engineer,176000,USD,176000,US,On-site,United States,M
2022,Senior-level,Full-Time,Data Engineer,167500,USD,167500,US,On-site,United States,M
2023,Senior-level,Full-Time,Machine Learning Engineer,297300,USD,297300,US,Fully Remote,United States,M
2022,Senior-level,Full-Time,Data Engineer,129300,USD,129300,US,On-site,United States,M
2023,Mid-level,Full-Time,Data Analyst,55000,GBP,67672,GB,On-site,United Kingdom,M
2024,Senior-level,Full-Time,Data Analyst,164000,USD,164000,US,On-site,United States,M
2023,Mid-level,Full-Time,Data Analyst,65000,USD,65000,US,Fully Remote,United States,M
2024,Senior-level,Full-Time,Data Scientist,187000,USD,187000,US,On-site,United States,M
2023,Entry-level/Junior,Full-Time,Data Engineer,85000,USD,85000,US,On-site,United States,M
2023,Senior-level,Full-Time,Data Researcher,204500,USD,204500,US,On-site,United States,M
2023,Senior-level,Full-Time,Machine Learning Engineer,95325,USD,95325,US,On-site,United States,M
2023,Senior-level,Full-Time,Data Analyst,186600,USD,186600,US,Fully Remote,United States,M
2023,Senior-level,Full-Time,Business Intelligence,79600,USD,79600,US,On-site,United States,L
2022,Mid-level,Full-Time,Data Analyst,58000,USD,58000,US,On-site,United States,S
2022,Senior-level,Full-Time,Data Scientist,141525,USD,141525,US,Fully Remote,United States,M
2024,Senior-level,Full-Time,Machine Learning Engineer,140000,USD,140000,US,Fully Remote,United States,M
2023,Senior-level,Full-Time,Data Engineer,129000,USD,129000,US,On-site,United States,M
2023,Senior-level,Full-Time,Data Engineer,145000,USD,145000,US,Fully Remote,United States,M
2024,Senior-level,Full-Time,Data Engineer,53000,GBP,66250,GB,On-site,United Kingdom,M
2022,Entry-level/Junior,Full-Time,Data Engineer,65000,USD,65000,US,On-site,United States,M
2023,Mid-level,Full-Time,Data Scientist,90000,USD,90000,US,On-site,United States,M
2023,Senior-level,Full-Time,Data Scientist,130000,USD,130000,US,On-site,United States,M
2024,Mid-level,Full-Time,Data Scientist,250000,USD,250000,US,On-site,United States,M
2021,Mid-level,Contract,Machine Learning Engineer,270000,USD,270000,US,Fully Remote,United States,L
2024,Senior-level,Full-Time,Machine Learning Engineer,119786,USD,119786,CA,Fully Remote,Canada,M
2023,Entry-level/Junior,Full-Time,Data Analyst,83000,USD,83000,US,On-site,United States,M
2024,Senior-level,Full-Time,Data Engineer,195000,USD,195000,US,Fully Remote,United States,M
2023,Executive-level,Full-Time,Data Management,70000,USD,70000,US,On-site,United States,M
2023,Mid-level,Full-Time,Data Scientist,90000,USD,90000,US,Fully Remote,United States,M
2023,Senior-level,Full-Time,Machine Learning Engineer,200000,USD,200000,US,On-site,United States,M
2023,Entry-level/Junior,Full-Time,Data Researcher,150000,USD,150000,US,On-site,United States,M
2023,Senior-level,Full-Time,Data Engineer,60000,USD,60000,BR,Fully Remote,Brazil,M
2023,Senior-level,Full-Time,Data Engineer,245000,USD,245000,US,Fully Remote,United States,M
2022,Mid-level,Full-Time,Data Management,98000,USD,98000,US,On-site,United States,M
2023,Senior-level,Full-Time,Data Engineer,115000,USD,115000,US,On-site,United States,M
2024,Mid-level,Full-Time,Data Scientist,73100,USD,73100,US,On-site,United States,M
2024,Mid-level,Full-Time,Data Engineer,60000,EUR,66666,DE,On-site,Germany,L
2022,Entry-level/Junior,Full-Time,Machine Learning Engineer,125000,USD,125000,US,On-site,United States,M
2023,Entry-level/Junior,Full-Time,Data Engineer,95000,CHF,104024,CH,Hybrid,Switzerland,S
2023,Mid-level,Full-Time,Data Engineer,57700,USD,57700,US,On-site,United States,M
2024,Senior-level,Full-Time,Data Scientist,135000,USD,135000,US,Fully Remote,United States,M
2023,Senior-level,Full-Time,Data Scientist,73100,USD,73100,US,On-site,United States,M
2023,Senior-level,Full-Time,Machine Learning Engineer,221000,USD,221000,US,On-site,United States,M
2022,Senior-level,Full-Time,Data Engineer,188100,USD,188100,US,On-site,United States,M
2023,Mid-level,Full-Time,Data Scientist,115360,USD,115360,US,Fully Remote,United States,M
2023,Entry-level/Junior,Full-Time,Data Analyst,55000,GBP,67672,GB,On-site,United Kingdom,M
2023,Senior-level,Full-Time,Data Analyst,192500,USD,192500,US,Fully Remote,United States,M
2024,Entry-level/Junior,Full-Time,Data Analyst,71000,USD,71000,US,On-site,United States,M
2023,Senior-level,Full-Time,Business Intelligence,110200,USD,110200,US,Fully Remote,United States,M
2024,Senior-level,Full-Time,Data Researcher,303050,USD,303050,US,On-site,United States,M
2023,Mid-level,Full-Time,Data Management,63000,USD,63000,US,On-site,United States,L
2023,Senior-level,Full-Time,Data Engineer,123000,USD,123000,US,On-site,United States,M
2021,Mid-level,Full-Time,Data Scientist,52000,EUR,61467,DE,Hybrid,Austria,M
2023,Senior-level,Full-Time,Business Intelligence,155000,USD,155000,US,Fully Remote,United States,M
2023,Senior-level,Full-Time,Data Engineer,145000,USD,145000,CA,Fully Remote,Canada,M
2023,Senior-level,Full-Time,Data Management,145000,USD,145000,US,On-site,United States,M
2023,Senior-level,Full-Time,Data Engineer,221300,USD,221300,US,Fully Remote,United States,M
2024,Mid-level,Full-Time,Data Engineer,58300,USD,58300,US,On-site,United States,M
2022,Senior-level,Full-Time,Data Architect,235000,USD,235000,US,Fully Remote,United States,M
2023,Senior-level,Full-Time,Data Engineer,132300,USD,132300,US,On-site,United States,M
2024,Mid-level,Full-Time,Data Engineer,100000,USD,100000,US,On-site,United States,M
2024,Mid-level,Full-Time,Machine Learning Engineer,84000,EUR,93333,DE,Fully Remote,Germany,M
2023,Mid-level,Full-Time,Data Management,115500,USD,115500,US,On-site,United States,M
2024,Senior-level,Full-Time,Machine Learning Engineer,210000,USD,210000,US,On-site,United States,M
2023,Senior-level,Full-Time,Data Scientist,161000,USD,161000,US,On-site,United States,M
2022,Senior-level,Full-Time,Data Analyst,100000,USD,100000,US,Fully Remote,United States,L
2024,Entry-level/Junior,Full-Time,Data Analyst,120000,USD,120000,US,Fully Remote,United States,M
2023,Senior-level,Full-Time,Data Engineer,133300,USD,133300,US,On-site,United States,M
2024,Senior-level,Full-Time,Machine Learning Engineer,142000,USD,142000,US,On-site,United States,M
2024,Senior-level,Full-Time,Data Engineer,316900,USD,316900,US,On-site,United States,M
2024,Entry-level/Junior,Full-Time,Data Scientist,132000,USD,132000,US,On-site,United States,M
2022,Mid-level,Full-Time,Data Analyst,155000,USD,155000,US,On-site,United States,M
2024,Senior-level,Full-Time,Data Scientist,84500,USD,84500,US,On-site,United States,M
2023,Senior-level,Full-Time,Data Scientist,181500,USD,181500,US,On-site,United States,M
2023,Mid-level,Full-Time,Data Analyst,150000,USD,150000,US,On-site,United States,M
2024,Senior-level,Full-Time,Data Engineer,150000,USD,150000,US,Fully Remote,United States,M
2023,Senior-level,Full-Time,Business Intelligence,79600,USD,79600,US,On-site,United States,L
2023,Senior-level,Full-Time,Data Management,120000,USD,120000,US,On-site,United States,M
2024,Entry-level/Junior,Full-Time,Data Analyst,57300,USD,57300,US,On-site,United States,M
2023,Senior-level,Full-Time,Data Engineer,175000,USD,175000,US,On-site,United States,M
2023,Senior-level,Full-Time,Data Scientist,105000,USD,105000,US,On-site,United States,M
2023,Senior-level,Full-Time,Data Scientist,223800,USD,223800,US,On-site,United States,M
2020,Mid-level,Full-Time,Data Scientist,3000000,INR,40481,IN,On-site,India,L
2023,Mid-level,Full-Time,Data Scientist,70000,GBP,86128,GB,On-site,United Kingdom,M
2023,Entry-level/Junior,Full-Time,Data Engineer,38000,EUR,41027,ES,Fully Remote,Spain,L
2022,Senior-level,Full-Time,Data Engineer,178800,USD,178800,US,Fully Remote,United States,L
2023,Senior-level,Full-Time,Machine Learning Engineer,142200,USD,142200,US,On-site,United States,M
2022,Senior-level,Full-Time,Data Engineer,210000,USD,210000,US,Fully Remote,United States,M
2023,Senior-level,Full-Time,Data Management,80000,USD,80000,US,On-site,United States,M
2023,Senior-level,Full-Time,Data Scientist,192000,USD,192000,US,On-site,United States,M
2023,Senior-level,Full-Time,Data Scientist,191765,USD,191765,US,On-site,United States,M
2024,Senior-level,Full-Time,Data Engineer,260000,USD,260000,US,On-site,United States,M
2023,Entry-level/Junior,Full-Time,Data Researcher,167200,USD,167200,US,On-site,United States,M
2023,Senior-level,Full-Time,Data Researcher,80000,USD,80000,US,On-site,United States,M
2023,Senior-level,Full-Time,Machine Learning Engineer,208450,USD,208450,US,On-site,United States,M
2022,Senior-level,Full-Time,Machine Learning Engineer,243000,USD,243000,US,Fully Remote,United States,M
2023,Executive-level,Full-Time,Data Management,115000,USD,115000,BR,Fully Remote,Brazil,M
2024,Mid-level,Full-Time,Data Analyst,178250,USD,178250,US,Fully Remote,United States,M
2023,Mid-level,Full-Time,Data Engineer,105000,USD,105000,US,On-site,United States,M
2022,Senior-level,Full-Time,Data Analyst,120000,USD,120000,US,On-site,United States,M
2022,Mid-level,Full-Time,Data Engineer,187000,USD,187000,US,Fully Remote,United States,M
2024,Entry-level/Junior,Full-Time,Data Researcher,150000,USD,150000,US,On-site,United States,M
2023,Mid-level,Full-Time,Data Engineer,214300,USD,214300,US,On-site,United States,M
2023,Mid-level,Full-Time,Machine Learning Engineer,220000,USD,220000,US,On-site,United States,M
2023,Mid-level,Full-Time,Data Analyst,70000,USD,70000,EG,Fully Remote,United States,M
2021,Senior-level,Full-Time,Data Scientist,55000,USD,55000,ES,Fully Remote,Spain,L
2022,Senior-level,Full-Time,Data Scientist,140000,USD,140000,US,On-site,United States,M
2023,Senior-level,Full-Time,Machine Learning Engineer,291500,USD,291500,US,On-site,United States,M
2023,Mid-level,Full-Time,Data Engineer,185900,USD,185900,US,On-site,United States,M
2023,Senior-level,Full-Time,Data Analyst,138900,USD,138900,US,On-site,United States,M
2024,Mid-level,Full-Time,Data Scientist,145580,USD,145580,US,Fully Remote,United States,M
2023,Senior-level,Full-Time,Machine Learning Engineer,57000,EUR,61541,IT,Fully Remote,Italy,M
2024,Mid-level,Full-Time,Data Engineer,58400,USD,58400,US,On-site,United States,M
2023,Senior-level,Full-Time,Data Researcher,176000,USD,176000,US,Fully Remote,United States,M
2022,Senior-level,Full-Time,Machine Learning Engineer,189650,USD,189650,US,On-site,United States,M
2022,Senior-level,Full-Time,Data Analyst,110925,USD,110925,US,Fully Remote,United States,M
2023,Mid-level,Full-Time,Data Analyst,61200,USD,61200,US,On-site,United States,M
2023,Senior-level,Full-Time,Data Scientist,129300,USD,129300,US,On-site,United States,M
2023,Senior-level,Full-Time,Data Scientist,120160,USD,120160,US,Fully Remote,United States,M
2024,Senior-level,Full-Time,Business Intelligence,106300,USD,106300,US,On-site,United States,M
2023,Senior-level,Full-Time,Data Analyst,90000,USD,90000,CA,On-site,Canada,M
2023,Senior-level,Full-Time,Business Intelligence,175000,USD,175000,US,On-site,United States,M
2023,Senior-level,Full-Time,Data Engineer,185000,USD,185000,US,On-site,United States,M
2024,Mid-level,Full-Time,Machine Learning Engineer,96411,USD,96411,US,Fully Remote,United States,M
2022,Entry-level/Junior,Full-Time,Data Scientist,40000,USD,40000,JP,Fully Remote,Malaysia,L
2024,Entry-level/Junior,Full-Time,Data Analyst,90000,USD,90000,US,Fully Remote,United States,M
2023,Senior-level,Full-Time,Data Researcher,151800,USD,151800,US,On-site,United States,M
2023,Senior-level,Full-Time,Data Engineer,95000,USD,95000,US,Fully Remote,United States,M
2024,Senior-level,Full-Time,Data Engineer,52000,GBP,65000,GB,Fully Remote,United Kingdom,M
2022,Senior-level,Full-Time,Data Scientist,150000,USD,150000,US,Fully Remote,United States,M
2023,Mid-level,Full-Time,Data Engineer,180000,USD,180000,US,Fully Remote,United States,M
2023,Senior-level,Full-Time,Data Analyst,100000,GBP,123040,GB,On-site,United Kingdom,M
2023,Senior-level,Full-Time,Data Analyst,95000,USD,95000,US,Fully Remote,United States,M
2024,Senior-level,Full-Time,Data Engineer,274965,CAD,211511,CA,On-site,Canada,M
2023,Mid-level,Full-Time,Data Analyst,250000,USD,250000,US,On-site,United States,M
2023,Senior-level,Full-Time,Data Researcher,152000,USD,152000,US,On-site,United States,M
2023,Senior-level,Full-Time,Data Analyst,75000,USD,75000,US,Fully Remote,United States,M
2023,Senior-level,Full-Time,Machine Learning Engineer,324000,USD,324000,US,On-site,United States,M
2023,Senior-level,Full-Time,Machine Learning Engineer,250000,USD,250000,US,Fully Remote,United States,M
2023,Mid-level,Full-Time,Data Engineer,65000,EUR,70179,FR,Fully Remote,France,M
2023,Senior-level,Full-Time,Machine Learning Engineer,267720,USD,267720,US,On-site,United States,M
2023,Senior-level,Full-Time,Data Engineer,140000,USD,140000,US,On-site,United States,M
2023,Senior-level,Full-Time,Data Analyst,118000,USD,118000,US,Fully Remote,United States,M
2023,Senior-level,Full-Time,Data Analyst,102000,USD,102000,US,Fully Remote,United States,M
2021,Mid-level,Full-Time,Data Researcher,48000,EUR,56738,FR,Hybrid,France,S
2023,Senior-level,Full-Time,Data Analyst,112000,USD,112000,US,Fully Remote,United States,M
2023,Senior-level,Full-Time,Data Engineer,125000,USD,125000,US,On-site,United States,M
2024,Senior-level,Full-Time,Data Scientist,267900,USD,267900,US,On-site,United States,M
2024,Mid-level,Full-Time,Machine Learning Engineer,210100,USD,210100,US,On-site,United States,M
2023,Senior-level,Full-Time,Data Scientist,136000,USD,136000,US,On-site,United States,L
2024,Senior-level,Full-Time,Business Intelligence,130000,USD,130000,US,On-site,United States,M
2023,Mid-level,Full-Time,Data Scientist,95490,USD,95490,US,On-site,United States,M
2023,Entry-level/Junior,Full-Time,Data Engineer,90000,USD,90000,US,Hybrid,Canada,L
2022,Senior-level,Full-Time,Data Analyst,120600,USD,120600,US,Fully Remote,United States,M
2022,Entry-level/Junior,Full-Time,Data Analyst,58000,EUR,60938,DE,On-site,Germany,L
2022,Senior-level,Full-Time,Data Scientist,260000,USD,260000,US,Fully Remote,United States,M
2024,Mid-level,Full-Time,Data Scientist,144200,USD,144200,US,Fully Remote,United States,M
2023,Senior-level,Full-Time,Data Engineer,171500,USD,171500,US,On-site,United States,M
2023,Mid-level,Full-Time,Business Intelligence,79600,USD,79600,US,On-site,United States,L
2023,Senior-level,Full-Time,Machine Learning Engineer,226600,USD,226600,US,On-site,United States,M
2023,Senior-level,Full-Time,Data Analyst,51962,USD,51962,US,On-site,United States,M
2023,Senior-level,Full-Time,Data Analyst,95000,USD,95000,US,On-site,United States,M
2023,Senior-level,Full-Time,Data Engineer,185000,USD,185000,US,Fully Remote,United States,M
2023,Senior-level,Full-Time,Data Engineer,131000,USD,131000,US,On-site,United States,M
2022,Entry-level/Junior,Full-Time,Data Analyst,100000,USD,100000,US,Fully Remote,United States,M
2023,Senior-level,Full-Time,Data Analyst,126500,USD,126500,US,On-site,United States,M
2024,Senior-level,Full-Time,Data Scientist,136000,USD,136000,US,On-site,United States,L
2024,Mid-level,Full-Time,Data Scientist,111600,USD,111600,US,On-site,United States,L
2024,Entry-level/Junior,Full-Time,Data Analyst,83300,USD,83300,US,On-site,United States,M
2024,Senior-level,Full-Time,Data Engineer,94000,USD,94000,US,On-site,United States,M
2024,Senior-level,Full-Time,Data Engineer,140000,USD,140000,US,Fully Remote,United States,M
2023,Senior-level,Full-Time,Machine Learning Engineer,300000,USD,300000,US,On-site,United States,M
2024,Mid-level,Full-Time,Data Scientist,90700,USD,90700,US,On-site,United States,M
2024,Senior-level,Full-Time,Machine Learning Engineer,283780,USD,283780,US,On-site,United States,M
2023,Senior-level,Full-Time,Data Analyst,180400,USD,180400,US,On-site,United States,M
2023,Mid-level,Full-Time,Data Engineer,105700,USD,105700,US,On-site,United States,L
2023,Senior-level,Full-Time,Data Scientist,59000,EUR,63701,CY,Hybrid,Estonia,L
2023,Senior-level,Full-Time,Machine Learning Engineer,150000,USD,150000,US,On-site,United States,M
2023,Mid-level,Full-Time,Data Engineer,130000,USD,130000,US,On-site,United States,M
2023,Mid-level,Full-Time,Data Analyst,57800,USD,57800,US,Fully Remote,United States,M
2024,Senior-level,Full-Time,Data Scientist,72500,USD,72500,US,On-site,United States,M
2023,Senior-level,Full-Time,Data Engineer,116000,USD,116000,US,Fully Remote,United States,M
2023,Senior-level,Full-Time,Data Scientist,309400,USD,309400,US,On-site,United States,L
2023,Senior-level,Full-Time,Data Engineer,81500,USD,81500,US,On-site,United States,M
2023,Executive-level,Full-Time,Data Management,90000,GBP,110736,GB,Fully Remote,United Kingdom,M
2024,Senior-level,Full-Time,Machine Learning Engineer,170000,USD,170000,US,Fully Remote,United States,M
2023,Senior-level,Full-Time,Data Analyst,86600,USD,86600,US,Fully Remote,United States,M
2024,Senior-level,Full-Time,Data Scientist,94400,USD,94400,US,Fully Remote,United States,M
2023,Senior-level,Full-Time,Machine Learning Engineer,150000,USD,150000,US,Fully Remote,United States,M
2023,Mid-level,Full-Time,Data Engineer,120000,USD,120000,US,Fully Remote,United States,M
2024,Senior-level,Full-Time,Data Engineer,100000,USD,100000,US,Fully Remote,United States,M
2024,Mid-level,Full-Time,Data Analyst,77000,USD,77000,US,On-site,United States,M
2023,Senior-level,Full-Time,Data Scientist,287500,USD,287500,US,On-site,United States,M
2024,Mid-level,Full-Time,Data Scientist,188500,USD,188500,US,On-site,United States,M
2023,Mid-level,Full-Time,Data Management,65000,USD,65000,US,Fully Remote,United States,M
2024,Senior-level,Full-Time,Data Researcher,600000,USD,600000,US,On-site,United States,M
2024,Senior-level,Full-Time,Data Scientist,260000,USD,260000,US,On-site,United States,L
2024,Senior-level,Full-Time,Data Engineer,190000,USD,190000,US,Fully Remote,United States,M
2024,Senior-level,Full-Time,Machine Learning Engineer,85000,USD,85000,US,Fully Remote,United States,M
2023,Senior-level,Full-Time,Data Engineer,288000,USD,288000,US,Fully Remote,United States,M
2024,Entry-level/Junior,Full-Time,Data Scientist,37120,USD,37120,US,On-site,United States,M
2023,Mid-level,Full-Time,Data Engineer,70000,USD,70000,US,Fully Remote,United States,M
2023,Senior-level,Full-Time,Machine Learning Engineer,98500,USD,98500,US,On-site,United States,M
2024,Senior-level,Full-Time,Data Scientist,180000,USD,180000,US,On-site,United States,M
2024,Mid-level,Full-Time,Business Intelligence,154800,USD,154800,US,On-site,United States,M
2023,Senior-level,Full-Time,Data Scientist,316000,USD,316000,US,On-site,United States,M
2023,Senior-level,Full-Time,Machine Learning Engineer,142200,USD,142200,US,On-site,United States,M
2023,Senior-level,Full-Time,Data Engineer,132192,USD,132192,US,Fully Remote,United States,M
2023,Senior-level,Full-Time,Data Engineer,190000,USD,190000,US,On-site,United States,M
2022,Senior-level,Full-Time,Data Engineer,190000,USD,190000,US,Fully Remote,United States,M
2023,Senior-level,Full-Time,Machine Learning Engineer,205000,USD,205000,US,On-site,United States,M
2023,Senior-level,Full-Time,Data Scientist,118500,USD,118500,US,On-site,United States,M
2023,Entry-level/Junior,Full-Time,Data Engineer,130000,USD,130000,SE,Fully Remote,Sweden,S
2023,Senior-level,Full-Time,Data Analyst,75000,GBP,92280,GB,On-site,United Kingdom,M
2023,Mid-level,Full-Time,Data Analyst,128000,USD,128000,US,On-site,United States,M
2024,Mid-level,Full-Time,Data Scientist,243800,USD,243800,US,Fully Remote,United States,M
2023,Mid-level,Full-Time,Data Analyst,50000,GBP,61520,GB,On-site,United Kingdom,M
2023,Senior-level,Full-Time,Data Engineer,57826,EUR,62433,IT,Fully Remote,Italy,M
2023,Senior-level,Full-Time,Data Scientist,120000,USD,120000,US,On-site,United States,M
2023,Senior-level,Full-Time,Data Engineer,178600,USD,178600,US,On-site,United States,M
2023,Senior-level,Full-Time,Data Engineer,75000,USD,75000,US,On-site,United States,M
2023,Senior-level,Full-Time,Data Analyst,120000,USD,120000,US,Fully Remote,United States,M
2024,Senior-level,Full-Time,Data Analyst,80000,USD,80000,US,On-site,United States,M
2022,Mid-level,Full-Time,Data Engineer,60000,EUR,63040,ES,Fully Remote,Spain,M
2024,Mid-level,Full-Time,Data Scientist,125000,USD,125000,US,On-site,United States,M
2023,Senior-level,Full-Time,Data Scientist,203920,USD,203920,US,On-site,United States,M
2023,Senior-level,Full-Time,Data Engineer,87570,USD,87570,US,On-site,United States,M
2023,Senior-level,Full-Time,Data Scientist,150000,USD,150000,US,On-site,United States,M
2024,Entry-level/Junior,Full-Time,Data Scientist,47840,USD,47840,US,On-site,United States,M
2024,Senior-level,Full-Time,Data Scientist,231000,USD,231000,US,Fully Remote,United States,M
2023,Executive-level,Full-Time,Data Scientist,375500,USD,375500,US,Fully Remote,United States,M
2023,Mid-level,Full-Time,Data Scientist,90000,USD,90000,US,On-site,United States,M
2023,Senior-level,Full-Time,Machine Learning Engineer,164000,USD,164000,US,Fully Remote,United States,M
2023,Senior-level,Full-Time,Machine Learning Engineer,324000,USD,324000,US,On-site,United States,M
2023,Senior-level,Full-Time,Machine Learning Engineer,275000,USD,275000,US,On-site,United States,M
2024,Entry-level/Junior,Full-Time,Business Intelligence,92000,USD,92000,AU,On-site,Australia,M
2023,Senior-level,Full-Time,Data Researcher,157250,USD,157250,US,Fully Remote,United States,M
2022,Senior-level,Full-Time,Data Operation,148700,USD,148700,US,Fully Remote,United States,L
2024,Mid-level,Full-Time,Data Scientist,160000,USD,160000,US,Fully Remote,United States,M
2023,Mid-level,Full-Time,Data Researcher,155000,USD,155000,US,On-site,United States,M
2024,Mid-level,Full-Time,Data Engineer,102000,USD,102000,US,On-site,United States,M
2023,Mid-level,Full-Time,Machine Learning Engineer,200000,USD,200000,US,On-site,United States,M
2023,Senior-level,Full-Time,Data Analyst,75000,USD,75000,US,Fully Remote,United States,M
2022,Mid-level,Contract,Data Scientist,93000,EUR,97712,IT,Fully Remote,Netherlands,L
2023,Senior-level,Full-Time,Data Scientist,197000,USD,197000,US,Fully Remote,United States,M
2024,Senior-level,Full-Time,Data Scientist,106605,USD,106605,US,On-site,United States,M
2024,Mid-level,Full-Time,Data Scientist,171240,USD,171240,US,On-site,United States,M
2022,Senior-level,Full-Time,Data Engineer,175000,USD,175000,US,On-site,United States,M
2023,Mid-level,Full-Time,Machine Learning Engineer,125000,USD,125000,US,Fully Remote,United States,M
2024,Mid-level,Full-Time,Data Management,71500,USD,71500,US,Fully Remote,United States,M
2023,Entry-level/Junior,Full-Time,Data Engineer,35000,GBP,43064,GB,Fully Remote,United Kingdom,M
2022,Mid-level,Full-Time,Data Developer,100000,CAD,76814,CA,Fully Remote,Canada,M
2024,Senior-level,Full-Time,Machine Learning Engineer,212500,USD,212500,US,On-site,United States,M
2023,Mid-level,Full-Time,Data Engineer,120000,USD,120000,US,On-site,United States,M
2023,Senior-level,Full-Time,Data Researcher,273400,USD,273400,US,On-site,United States,M
2023,Senior-level,Full-Time,Data Scientist,275500,USD,275500,US,On-site,United States,M
2023,Mid-level,Full-Time,Data Engineer,100000,USD,100000,US,On-site,United States,M
2023,Mid-level,Full-Time,Data Analyst,111000,USD,111000,US,On-site,United States,M
2022,Senior-level,Full-Time,Data Analyst,90320,USD,90320,US,Fully Remote,United States,M
2023,Executive-level,Full-Time,Data Scientist,230000,USD,230000,US,On-site,United States,M
2023,Mid-level,Full-Time,Business Intelligence,34160,GBP,42030,GB,On-site,United Kingdom,M
2023,Mid-level,Full-Time,Business Intelligence,140000,USD,140000,US,Fully Remote,United States,M
2022,Mid-level,Full-Time,Machine Learning Engineer,124000,USD,124000,US,Fully Remote,United States,M
2022,Senior-level,Full-Time,Data Engineer,95000,USD,95000,US,On-site,United States,M
2024,Senior-level,Full-Time,Data Analyst,102000,USD,102000,US,On-site,United States,M
2023,Senior-level,Full-Time,Data Engineer,224500,USD,224500,US,On-site,United States,M
2024,Senior-level,Full-Time,Data Scientist,150000,USD,150000,US,Fully Remote,United States,M
2024,Senior-level,Full-Time,Data Engineer,145000,USD,145000,US,Fully Remote,United States,M
2023,Entry-level/Junior,Full-Time,Data Analyst,80000,USD,80000,US,On-site,United States,M
2023,Senior-level,Full-Time,Data Engineer,126800,USD,126800,US,Fully Remote,United States,M
2024,Senior-level,Full-Time,Data Architect,173000,USD,173000,US,On-site,United States,M
2023,Senior-level,Full-Time,Data Engineer,170000,USD,170000,US,On-site,United States,M
2023,Senior-level,Full-Time,Data Architect,67200,USD,67200,US,On-site,United States,M
2023,Senior-level,Full-Time,Data Engineer,180000,USD,180000,US,On-site,United States,M
2024,Executive-level,Full-Time,Data Analyst,55000,GBP,68750,GB,On-site,United Kingdom,M
2023,Senior-level,Full-Time,Data Analyst,133300,USD,133300,US,Fully Remote,United States,M
2023,Senior-level,Full-Time,Data Scientist,160000,USD,160000,US,Fully Remote,United States,M
2023,Senior-level,Full-Time,Machine Learning Engineer,142200,USD,142200,US,On-site,United States,M
2024,Entry-level/Junior,Full-Time,Data Analyst,90000,USD,90000,US,On-site,United States,M
2023,Senior-level,Full-Time,Data Scientist,146000,USD,146000,US,On-site,United States,M
2023,Mid-level,Full-Time,Data Architect,90000,USD,90000,US,Fully Remote,United States,M
2024,Senior-level,Full-Time,Machine Learning Engineer,172200,USD,172200,US,On-site,United States,M
2023,Mid-level,Full-Time,Data Analyst,130000,USD,130000,US,Fully Remote,United States,L
2022,Senior-level,Full-Time,Data Scientist,179400,USD,179400,US,Fully Remote,United States,M
2022,Senior-level,Full-Time,Data Engineer,154600,USD,154600,US,Fully Remote,United States,L
2024,Senior-level,Full-Time,Data Researcher,159300,USD,159300,US,On-site,United States,M
2022,Entry-level/Junior,Full-Time,Machine Learning Engineer,45000,GBP,55410,GB,Fully Remote,United Kingdom,S
2023,Senior-level,Full-Time,Data Analyst,112000,USD,112000,US,Fully Remote,United States,M
2023,Senior-level,Full-Time,Data Scientist,142200,USD,142200,US,On-site,United States,M
2023,Senior-level,Full-Time,Data Analyst,145000,USD,145000,US,On-site,United States,M
2023,Senior-level,Full-Time,Data Analyst,128000,USD,128000,US,On-site,United States,M
2023,Senior-level,Full-Time,Data Analyst,113600,USD,113600,US,On-site,United States,M
2024,Senior-level,Full-Time,Data Scientist,93400,USD,93400,US,On-site,United States,M
2024,Senior-level,Full-Time,Data Scientist,165000,USD,165000,US,On-site,United States,M
2023,Senior-level,Full-Time,Data Scientist,156400,USD,156400,US,On-site,United States,M
2024,Mid-level,Full-Time,Data Scientist,150000,USD,150000,US,Fully Remote,United States,M
2024,Senior-level,Full-Time,Data Engineer,165000,USD,165000,US,Fully Remote,United States,M
2023,Senior-level,Full-Time,Business Intelligence,124400,USD,124400,US,Fully Remote,United States,M
2024,Mid-level,Full-Time,Business Intelligence,89500,USD,89500,US,Fully Remote,United States,M
2023,Senior-level,Full-Time,Business Intelligence,130800,USD,130800,US,Fully Remote,United States,M
2024,Senior-level,Full-Time,Machine Learning Engineer,183000,USD,183000,US,Fully Remote,United States,M
2022,Senior-level,Full-Time,Data Engineer,126000,USD,126000,US,Fully Remote,United States,M
2023,Senior-level,Full-Time,Machine Learning Engineer,172200,USD,172200,US,On-site,United States,M
2023,Entry-level/Junior,Full-Time,Data Analyst,58400,USD,58400,US,On-site,United States,M
2023,Senior-level,Full-Time,Machine Learning Engineer,247500,USD,247500,US,On-site,United States,M
2023,Mid-level,Full-Time,Data Scientist,204500,USD,204500,US,On-site,United States,M
2022,Senior-level,Full-Time,Data Scientist,191475,USD,191475,US,Fully Remote,United States,M
2024,Entry-level/Junior,Full-Time,Data Analyst,100000,USD,100000,US,On-site,United States,M
2023,Mid-level,Full-Time,Data Analyst,110000,USD,110000,US,Fully Remote,United States,M
2024,Mid-level,Full-Time,Data Engineer,150000,USD,150000,US,On-site,United States,M
2023,Senior-level,Full-Time,Data Analyst,210000,USD,210000,US,Fully Remote,United States,M
2023,Senior-level,Full-Time,Machine Learning Engineer,142200,USD,142200,US,On-site,United States,M
2023,Senior-level,Full-Time,Data Engineer,143000,USD,143000,US,Fully Remote,United States,M
2024,Entry-level/Junior,Full-Time,Data Analyst,68000,USD,68000,US,On-site,United States,M
2023,Entry-level/Junior,Full-Time,Data Analyst,75000,USD,75000,US,On-site,United States,M
2023,Senior-level,Full-Time,Data Scientist,136000,USD,136000,US,On-site,United States,L
2023,Senior-level,Full-Time,Machine Learning Engineer,135000,USD,135000,US,On-site,United States,M
2024,Entry-level/Junior,Full-Time,Data Analyst,179000,USD,179000,US,On-site,United States,M
2023,Senior-level,Full-Time,Machine Learning Engineer,237400,USD,237400,GB,On-site,United Kingdom,M
2023,Senior-level,Full-Time,Business Intelligence,185000,USD,185000,US,On-site,United States,L
2023,Mid-level,Full-Time,Data Engineer,181700,USD,181700,US,On-site,United States,M
2023,Senior-level,Full-Time,Data Developer,108000,USD,108000,UA,On-site,Ukraine,M
2024,Senior-level,Full-Time,Machine Learning Engineer,200070,USD,200070,CA,On-site,Canada,M
2023,Senior-level,Full-Time,Business Intelligence,115000,USD,115000,US,Fully Remote,United States,M
2022,Senior-level,Full-Time,Data Analyst,144000,USD,144000,US,Fully Remote,United States,M
2023,Entry-level/Junior,Full-Time,Data Analyst,60000,USD,60000,US,On-site,United States,M
2024,Mid-level,Full-Time,Data Analyst,120000,USD,120000,US,Fully Remote,United States,M
2023,Senior-level,Full-Time,Data Engineer,105700,USD,105700,US,Fully Remote,United States,M
2024,Senior-level,Full-Time,Business Intelligence,185000,USD,185000,US,On-site,United States,L
2023,Executive-level,Full-Time,Data Engineer,239000,USD,239000,US,Fully Remote,United States,M
2023,Senior-level,Full-Time,Data Analyst,280000,USD,280000,US,On-site,United States,M
2022,Senior-level,Full-Time,Data Operation,110000,USD,110000,US,On-site,United States,M
2020,Senior-level,Full-Time,Machine Learning Engineer,157000,CAD,117104,CA,Hybrid,Canada,L
2023,Executive-level,Full-Time,Data Management,204500,USD,204500,US,On-site,United States,M
2023,Entry-level/Junior,Full-Time,Data Scientist,65000,USD,65000,US,On-site,United States,M
2023,Senior-level,Full-Time,Data Scientist,168000,USD,168000,US,Fully Remote,United States,M
2023,Senior-level,Full-Time,Machine Learning Engineer,152000,USD,152000,US,On-site,United States,M
2023,Senior-level,Full-Time,Data Engineer,238000,USD,238000,US,On-site,United States,M
2024,Senior-level,Full-Time,Data Scientist,128000,USD,128000,US,On-site,United States,M
2024,Senior-level,Full-Time,Machine Learning Engineer,189400,USD,189400,US,On-site,United States,M
2023,Mid-level,Full-Time,Data Management,167000,USD,167000,US,On-site,United States,M
2023,Senior-level,Full-Time,Data Management,226500,USD,226500,US,Fully Remote,United States,M
2023,Senior-level,Full-Time,Data Engineer,139700,USD,139700,US,On-site,United States,M
2022,Senior-level,Full-Time,Data Engineer,85000,USD,85000,US,Fully Remote,United States,M
2023,Senior-level,Full-Time,Data Engineer,60000,GBP,73824,GB,On-site,United Kingdom,M
2024,Mid-level,Full-Time,Data Management,250000,USD,250000,US,On-site,United States,M
2023,Senior-level,Full-Time,Machine Learning Engineer,233500,USD,233500,US,On-site,United States,M
2022,Senior-level,Full-Time,Data Scientist,38000,USD,38000,US,Fully Remote,United States,M
2023,Senior-level,Full-Time,Data Analyst,110600,USD,110600,US,On-site,United States,M
2023,Senior-level,Full-Time,Data Engineer,184800,USD,184800,US,On-site,United States,M
2023,Senior-level,Full-Time,Data Scientist,129300,USD,129300,US,On-site,United States,M
2023,Mid-level,Full-Time,Data Scientist,222200,USD,222200,US,On-site,United States,L
2023,Entry-level/Junior,Full-Time,Data Analyst,131600,USD,131600,US,Fully Remote,United States,M
2023,Mid-level,Full-Time,Data Analyst,131000,USD,131000,US,On-site,United States,M
2024,Mid-level,Full-Time,Data Analyst,85000,USD,85000,US,Fully Remote,United States,M
2024,Senior-level,Full-Time,Machine Learning Engineer,201400,USD,201400,US,On-site,United States,M
2023,Senior-level,Full-Time,Data Analyst,166500,USD,166500,US,On-site,United States,M
2023,Entry-level/Junior,Full-Time,Business Intelligence,78800,USD,78800,US,On-site,United States,M
2023,Senior-level,Full-Time,Data Architect,228000,USD,228000,US,On-site,United States,M
2023,Senior-level,Full-Time,Data Scientist,136000,USD,136000,US,On-site,United States,L
2024,Senior-level,Full-Time,Machine Learning Engineer,216000,USD,216000,US,On-site,United States,M
2023,Senior-level,Full-Time,Data Analyst,98000,USD,98000,US,On-site,United States,M
2024,Mid-level,Full-Time,Business Intelligence,78300,USD,78300,US,On-site,United States,M
2023,Senior-level,Full-Time,Data Engineer,101570,USD,101570,US,Fully Remote,United States,M
2023,Senior-level,Full-Time,Data Architect,306000,USD,306000,US,Fully Remote,United States,M
2023,Senior-level,Full-Time,Data Developer,120000,USD,120000,CA,Fully Remote,France,M
2023,Senior-level,Full-Time,Data Analyst,70000,USD,70000,US,On-site,United States,M
2023,Senior-level,Full-Time,Data Engineer,139700,USD,139700,US,On-site,United States,M
2024,Mid-level,Full-Time,Data Engineer,133000,USD,133000,AU,On-site,Australia,M
2023,Senior-level,Full-Time,Data Architect,92000,USD,92000,GB,Fully Remote,United Kingdom,M
2024,Senior-level,Full-Time,Data Engineer,139810,USD,139810,US,On-site,United States,M
2022,Mid-level,Full-Time,Data Engineer,95000,USD,95000,US,On-site,United States,M
2023,Senior-level,Full-Time,Data Engineer,225500,USD,225500,US,On-site,United States,M
2023,Senior-level,Full-Time,Data Analyst,80000,USD,80000,US,On-site,United States,M
2024,Senior-level,Full-Time,Data Architect,120000,GBP,150000,GB,On-site,United Kingdom,M
2022,Mid-level,Full-Time,Data Scientist,70000,GBP,86193,GB,On-site,United Kingdom,M
2024,Mid-level,Full-Time,Data Scientist,90000,USD,90000,US,Fully Remote,United States,M
2023,Senior-level,Full-Time,Data Scientist,210000,USD,210000,US,On-site,United States,M
2023,Entry-level/Junior,Full-Time,Data Analyst,80000,USD,80000,US,Fully Remote,United States,M
2023,Mid-level,Full-Time,Data Scientist,35000,GBP,43064,GB,On-site,United Kingdom,M
2024,Mid-level,Full-Time,Data Engineer,200000,USD,200000,US,On-site,United States,M
2023,Senior-level,Full-Time,Data Engineer,145000,USD,145000,US,Fully Remote,United States,M
2023,Mid-level,Full-Time,Data Analyst,1350000,INR,16417,IN,Fully Remote,India,L
2022,Mid-level,Full-Time,Data Engineer,160000,USD,160000,US,Fully Remote,United States,M
2023,Entry-level/Junior,Full-Time,Data Scientist,74540,USD,74540,US,On-site,United States,M
2023,Senior-level,Full-Time,Machine Learning Engineer,126500,USD,126500,US,On-site,United States,M
2024,Senior-level,Full-Time,Data Scientist,212000,USD,212000,US,On-site,United States,M
2024,Mid-level,Full-Time,Machine Learning Engineer,170000,USD,170000,US,On-site,United States,M
2023,Senior-level,Full-Time,Data Scientist,146000,USD,146000,US,On-site,United States,M
2023,Senior-level,Full-Time,Data Analyst,35000,GBP,43064,CF,Fully Remote,Central African Republic,M
2022,Senior-level,Full-Time,Data Engineer,210000,USD,210000,US,Fully Remote,United States,M
2023,Senior-level,Full-Time,Machine Learning Engineer,169000,USD,169000,US,On-site,United States,M
2023,Senior-level,Full-Time,Data Engineer,170000,USD,170000,US,Fully Remote,United States,M
2023,Senior-level,Full-Time,Machine Learning Engineer,189000,USD,189000,US,Fully Remote,United States,M
2024,Senior-level,Full-Time,Business Intelligence,72600,USD,72600,US,On-site,United States,M
2024,Senior-level,Full-Time,Data Engineer,191311,USD,191311,US,Fully Remote,United States,M
2023,Senior-level,Full-Time,Machine Learning Engineer,350000,USD,350000,US,On-site,United States,M
2023,Entry-level/Junior,Full-Time,Data Engineer,85000,USD,85000,US,On-site,United States,M
2023,Mid-level,Full-Time,Data Researcher,193500,USD,193500,US,On-site,United States,M
2024,Mid-level,Full-Time,Data Engineer,129600,USD,129600,US,Fully Remote,United States,M
2023,Mid-level,Full-Time,Data Engineer,130000,USD,130000,US,On-site,United States,M
2023,Senior-level,Full-Time,Data Scientist,115000,USD,115000,US,Fully Remote,United States,M
2022,Executive-level,Full-Time,Data Engineer,310000,USD,310000,US,Fully Remote,United States,M
2024,Mid-level,Full-Time,Data Scientist,90000,USD,90000,US,Fully Remote,United States,M
2022,Senior-level,Full-Time,Data Scientist,90000,GBP,110820,GB,On-site,United Kingdom,M
2023,Senior-level,Full-Time,Machine Learning Engineer,153088,USD,153088,US,Fully Remote,United States,M
2023,Mid-level,Full-Time,Data Scientist,183200,USD,183200,US,On-site,United States,M
2023,Senior-level,Full-Time,Machine Learning Engineer,305000,USD,305000,US,On-site,United States,M
2023,Senior-level,Full-Time,Data Engineer,165000,USD,165000,US,Fully Remote,United States,M
2024,Mid-level,Full-Time,Data Engineer,150000,USD,150000,US,Fully Remote,United States,M
2023,Senior-level,Full-Time,Data Engineer,200000,USD,200000,US,On-site,United States,M
2024,Senior-level,Full-Time,Data Scientist,136000,USD,136000,US,On-site,United States,L
2024,Mid-level,Full-Time,Data Scientist,70000,USD,70000,US,Fully Remote,United States,M
2023,Senior-level,Full-Time,Data Analyst,82500,USD,82500,US,On-site,United States,M
2024,Mid-level,Full-Time,Data Analyst,100000,USD,100000,US,On-site,United States,M
2024,Mid-level,Full-Time,Data Analyst,40000,GBP,50000,GB,On-site,United Kingdom,M
2023,Senior-level,Full-Time,Data Analyst,82000,USD,82000,US,On-site,United States,M
2023,Mid-level,Full-Time,Data Management,132300,USD,132300,US,On-site,United States,M
2023,Mid-level,Full-Time,Data Scientist,129300,USD,129300,US,On-site,United States,M
2024,Senior-level,Full-Time,Data Scientist,144500,USD,144500,US,On-site,United States,M
2023,Mid-level,Full-Time,Data Engineer,165000,USD,165000,US,On-site,United States,M
2024,Mid-level,Full-Time,Machine Learning Engineer,135200,USD,135200,US,On-site,United States,M
2023,Senior-level,Full-Time,Data Scientist,168000,USD,168000,US,On-site,United States,M
2024,Senior-level,Full-Time,Data Architect,90000,GBP,112500,GB,On-site,United Kingdom,M
2024,Mid-level,Full-Time,Data Engineer,240960,USD,240960,US,On-site,United States,M
2024,Entry-level/Junior,Full-Time,Data Analyst,92700,USD,92700,US,Fully Remote,United States,M
2023,Senior-level,Full-Time,Data Engineer,181500,USD,181500,US,On-site,United States,M
2023,Senior-level,Full-Time,Data Scientist,176000,USD,176000,US,Fully Remote,United States,M
2023,Senior-level,Full-Time,Data Engineer,122000,USD,122000,US,On-site,United States,M
2024,Mid-level,Full-Time,Data Analyst,100000,USD,100000,US,On-site,United States,M
2023,Senior-level,Full-Time,Data Engineer,95000,USD,95000,US,On-site,United States,M
2023,Mid-level,Full-Time,Data Analyst,60000,GBP,73824,GB,On-site,United Kingdom,M
2024,Senior-level,Full-Time,Machine Learning Engineer,175000,USD,175000,US,On-site,United States,M
2023,Senior-level,Full-Time,Data Scientist,245000,USD,245000,US,On-site,United States,M
2023,Senior-level,Full-Time,Data Operation,60000,USD,60000,US,On-site,United States,M
2023,Senior-level,Full-Time,Data Architect,166375,USD,166375,US,On-site,United States,M
2023,Senior-level,Full-Time,Data Scientist,104000,USD,104000,US,On-site,United States,M
2024,Mid-level,Full-Time,Data Engineer,89000,USD,89000,US,On-site,United States,M
2024,Senior-level,Full-Time,Data Scientist,60000,EUR,66666,ES,On-site,Spain,M
2024,Senior-level,Full-Time,Data Scientist,172500,USD,172500,US,On-site,United States,M
2022,Senior-level,Full-Time,Data Architect,147800,USD,147800,US,Fully Remote,United States,M
2023,Senior-level,Full-Time,Data Scientist,105000,USD,105000,CA,On-site,Canada,M
2023,Senior-level,Full-Time,Data Engineer,150000,USD,150000,US,Fully Remote,United States,M
2024,Mid-level,Full-Time,Business Intelligence,207600,USD,207600,US,On-site,United States,M
2023,Senior-level,Full-Time,Data Scientist,150000,USD,150000,US,On-site,United States,M
2023,Senior-level,Full-Time,Business Intelligence,142000,USD,142000,US,On-site,United States,M
2022,Senior-level,Full-Time,Data Analyst,119000,USD,119000,US,Fully Remote,United States,M
2023,Senior-level,Full-Time,Data Scientist,80000,EUR,86374,ES,Fully Remote,Spain,L
2024,Senior-level,Full-Time,Data Engineer,282000,USD,282000,US,On-site,United States,M
2023,Senior-level,Full-Time,Data Researcher,200000,USD,200000,US,On-site,United States,M
2024,Mid-level,Full-Time,Data Scientist,75705,USD,75705,US,On-site,United States,M
2023,Senior-level,Full-Time,Machine Learning Engineer,124000,USD,124000,CA,On-site,Canada,M
2024,Senior-level,Full-Time,Data Engineer,147500,USD,147500,US,Fully Remote,United States,M
2023,Senior-level,Full-Time,Data Architect,150000,USD,150000,US,On-site,United States,M
2023,Mid-level,Full-Time,Data Scientist,157000,USD,157000,US,Fully Remote,United States,M
2023,Mid-level,Full-Time,Data Scientist,235000,USD,235000,US,Fully Remote,United States,M
2023,Senior-level,Full-Time,Business Intelligence,105000,USD,105000,US,On-site,United States,M
2023,Senior-level,Full-Time,Data Scientist,185000,USD,185000,US,Fully Remote,United States,M
2024,Mid-level,Full-Time,Data Management,128000,USD,128000,US,On-site,United States,M
2023,Senior-level,Full-Time,Data Scientist,182000,USD,182000,US,On-site,United States,M
2023,Senior-level,Full-Time,Data Engineer,181500,USD,181500,US,On-site,United States,M
2024,Senior-level,Full-Time,Data Scientist,170700,USD,170700,US,On-site,United States,M
2023,Senior-level,Full-Time,Business Intelligence,194521,USD,194521,US,On-site,United States,M
2024,Senior-level,Full-Time,Data Engineer,295000,USD,295000,US,On-site,United States,M
2024,Senior-level,Full-Time,Data Scientist,144200,USD,144200,US,On-site,United States,M
2023,Senior-level,Full-Time,Data Scientist,230000,USD,230000,US,Fully Remote,United States,M
2024,Entry-level/Junior,Full-Time,Business Intelligence,166000,USD,166000,US,Fully Remote,United States,M
2023,Mid-level,Full-Time,Data Analyst,110000,USD,110000,US,Fully Remote,United States,M
2023,Senior-level,Full-Time,Data Engineer,197400,USD,197400,US,On-site,United States,M
2023,Senior-level,Full-Time,Data Scientist,160000,USD,160000,US,Fully Remote,United States,M
2023,Senior-level,Full-Time,Machine Learning Engineer,145000,USD,145000,US,On-site,United States,M
2023,Senior-level,Full-Time,Data Analyst,100000,USD,100000,GB,Fully Remote,United Kingdom,M
2023,Senior-level,Full-Time,Business Intelligence,197000,USD,197000,US,On-site,United States,M
2023,Mid-level,Full-Time,Data Analyst,70000,GBP,86128,GB,On-site,United Kingdom,M
2023,Senior-level,Full-Time,Data Engineer,174350,USD,174350,US,Fully Remote,United States,M
2023,Senior-level,Full-Time,Data Scientist,45000,EUR,48585,ES,On-site,Spain,M
2023,Mid-level,Full-Time,Data Engineer,115300,USD,115300,US,Fully Remote,United States,M
2022,Senior-level,Full-Time,Data Scientist,185000,USD,185000,US,Fully Remote,United States,M
2021,Senior-level,Full-Time,Data Scientist,147000,EUR,173762,DE,Fully Remote,Germany,M
2023,Mid-level,Full-Time,Data Analyst,72000,USD,72000,US,On-site,United States,M
2024,Entry-level/Junior,Full-Time,Data Scientist,144650,USD,144650,US,On-site,United States,M
2024,Executive-level,Full-Time,Data Scientist,96000,EUR,106666,ES,Fully Remote,Spain,L
2023,Senior-level,Full-Time,Machine Learning Engineer,276000,USD,276000,US,On-site,United States,M
2023,Senior-level,Full-Time,Data Engineer,385000,USD,385000,US,On-site,United States,M
2023,Senior-level,Full-Time,Data Scientist,155000,USD,155000,US,On-site,United States,M
2023,Mid-level,Full-Time,Data Analyst,110000,USD,110000,US,On-site,United States,M
2023,Mid-level,Full-Time,Data Scientist,250000,USD,250000,US,On-site,United States,M
2023,Mid-level,Full-Time,Data Analyst,128000,USD,128000,US,On-site,United States,M
2023,Senior-level,Full-Time,Data Engineer,280000,USD,280000,US,On-site,United States,M
2024,Mid-level,Full-Time,Data Scientist,120000,USD,120000,US,On-site,United States,M
2023,Senior-level,Full-Time,Data Scientist,172100,USD,172100,US,On-site,United States,M
2024,Mid-level,Full-Time,Data Scientist,135000,USD,135000,US,On-site,United States,M
2022,Senior-level,Full-Time,Data Engineer,116250,USD,116250,US,Fully Remote,United States,M
2022,Executive-level,Full-Time,Data Management,160000,USD,160000,US,On-site,United States,M
2023,Mid-level,Full-Time,Machine Learning Engineer,150450,USD,150450,US,Fully Remote,United States,M
2023,Mid-level,Full-Time,Data Engineer,59000,GBP,72593,GB,On-site,United Kingdom,M
2023,Senior-level,Full-Time,Data Scientist,156400,USD,156400,US,Fully Remote,United States,M
2023,Senior-level,Full-Time,Data Scientist,123000,USD,123000,US,On-site,United States,M
2023,Senior-level,Full-Time,Data Scientist,253430,USD,253430,US,On-site,United States,M
2023,Senior-level,Full-Time,Data Scientist,275300,USD,275300,US,Fully Remote,United States,M
2024,Entry-level/Junior,Full-Time,Data Scientist,58400,USD,58400,US,On-site,United States,M
2023,Mid-level,Full-Time,Data Engineer,99000,USD,99000,CA,Fully Remote,Canada,M
2023,Mid-level,Full-Time,Data Scientist,225300,USD,225300,US,On-site,United States,M
2022,Senior-level,Full-Time,Data Scientist,45000,EUR,47280,ES,On-site,Spain,M
2023,Senior-level,Full-Time,Business Intelligence,192000,USD,192000,US,On-site,United States,M
2024,Executive-level,Full-Time,Data Architect,210000,USD,210000,US,Fully Remote,United States,M
2023,Senior-level,Full-Time,Data Scientist,177300,USD,177300,US,On-site,United States,M
2023,Senior-level,Full-Time,Machine Learning Engineer,176000,USD,176000,US,On-site,United States,M
2023,Senior-level,Full-Time,Data Engineer,181500,USD,181500,US,On-site,United States,M
2023,Mid-level,Full-Time,Data Management,73500,USD,73500,US,On-site,United States,M
2023,Senior-level,Full-Time,Data Engineer,90000,USD,90000,US,On-site,United States,M
2024,Mid-level,Full-Time,Data Engineer,194000,USD,194000,US,On-site,United States,M
2024,Senior-level,Full-Time,Data Scientist,170000,USD,170000,US,Fully Remote,United States,M
2024,Entry-level/Junior,Full-Time,Data Analyst,105000,USD,105000,US,On-site,United States,M
2023,Senior-level,Full-Time,Data Engineer,177500,USD,177500,US,On-site,United States,M
2023,Senior-level,Full-Time,Machine Learning Engineer,172200,USD,172200,US,On-site,United States,M
2023,Mid-level,Full-Time,Machine Learning Engineer,155000,USD,155000,US,On-site,United States,M
2024,Mid-level,Full-Time,Data Scientist,220000,USD,220000,US,On-site,United States,M
2023,Mid-level,Full-Time,Data Scientist,55000,EUR,59382,ES,On-site,Spain,M
2022,Mid-level,Full-Time,Data Analyst,100000,USD,100000,US,Fully Remote,United States,M
2023,Senior-level,Full-Time,Machine Learning Engineer,121000,USD,121000,US,On-site,United States,M
2024,Entry-level/Junior,Full-Time,Data Researcher,90000,USD,90000,US,On-site,United States,M
2023,Senior-level,Full-Time,Data Researcher,184800,USD,184800,US,On-site,United States,M
2024,Entry-level/Junior,Full-Time,Data Researcher,124000,USD,124000,US,On-site,United States,M
2023,Senior-level,Full-Time,Data Analyst,82200,USD,82200,US,Fully Remote,United States,M
2023,Senior-level,Full-Time,Machine Learning Engineer,60000,EUR,64781,ES,Fully Remote,Spain,M
2023,Senior-level,Full-Time,Data Architect,138000,USD,138000,GB,Fully Remote,United Kingdom,M
2021,Mid-level,Full-Time,Data Scientist,39600,EUR,46809,ES,Fully Remote,Spain,M
2024,Senior-level,Full-Time,Data Analyst,134500,USD,134500,US,On-site,United States,M
2023,Entry-level/Junior,Full-Time,Data Engineer,135000,USD,135000,US,On-site,United States,M
2024,Mid-level,Full-Time,Data Operation,111000,USD,111000,US,On-site,United States,M
2023,Senior-level,Full-Time,Data Engineer,370000,USD,370000,US,On-site,United States,M
2023,Senior-level,Full-Time,Data Scientist,230000,USD,230000,US,Fully Remote,United States,M
2024,Executive-level,Full-Time,Data Management,182000,USD,182000,US,On-site,United States,M
2024,Senior-level,Full-Time,Data Engineer,233200,USD,233200,US,On-site,United States,M
2023,Senior-level,Full-Time,Machine Learning Engineer,204500,USD,204500,US,On-site,United States,M
2023,Senior-level,Full-Time,Data Scientist,120000,USD,120000,US,On-site,United States,M
2024,Mid-level,Full-Time,Data Engineer,97935,USD,97935,US,On-site,United States,M
2023,Senior-level,Full-Time,Data Scientist,155600,USD,155600,US,On-site,United States,M
2023,Senior-level,Full-Time,Data Scientist,95100,USD,95100,US,Fully Remote,United States,M
2023,Senior-level,Full-Time,Data Analyst,206500,USD,206500,US,Fully Remote,United States,M
2023,Entry-level/Junior,Full-Time,Data Analyst,75000,USD,75000,US,On-site,United States,M
2023,Senior-level,Full-Time,Data Scientist,222000,USD,222000,US,On-site,United States,M
2023,Mid-level,Full-Time,Data Analyst,70000,USD,70000,US,On-site,United States,M
2023,Senior-level,Full-Time,Data Scientist,130500,USD,130500,US,On-site,United States,M
2024,Mid-level,Full-Time,Machine Learning Engineer,160000,USD,160000,US,On-site,United States,M
2024,Mid-level,Full-Time,Data Analyst,70000,USD,70000,US,On-site,United States,M
2023,Mid-level,Full-Time,Data Engineer,180000,USD,180000,US,On-site,United States,M
2024,Entry-level/Junior,Full-Time,Data Analyst,145000,USD,145000,US,On-site,United States,M
2024,Mid-level,Full-Time,Data Scientist,190000,USD,190000,US,Fully Remote,United States,M
2023,Senior-level,Full-Time,Data Scientist,209450,USD,209450,US,Fully Remote,United States,M
2023,Executive-level,Full-Time,Data Management,269600,USD,269600,US,On-site,United States,M
2023,Senior-level,Full-Time,Data Architect,80000,USD,80000,US,On-site,United States,M
2023,Senior-level,Full-Time,Machine Learning Engineer,165500,USD,165500,US,Fully Remote,United States,M
2024,Senior-level,Full-Time,Data Engineer,130000,USD,130000,US,Fully Remote,United States,M
2023,Senior-level,Full-Time,Data Scientist,233300,USD,233300,US,On-site,United States,M
2024,Senior-level,Full-Time,Data Architect,175000,USD,175000,US,On-site,United States,M
2024,Mid-level,Full-Time,Data Scientist,60000,USD,60000,US,On-site,United States,M
2023,Senior-level,Full-Time,Data Analyst,120250,USD,120250,US,Fully Remote,United States,M
2023,Senior-level,Full-Time,Data Analyst,110600,USD,110600,US,On-site,United States,M
2024,Senior-level,Full-Time,Machine Learning Engineer,208000,USD,208000,US,Fully Remote,United States,M
2023,Mid-level,Full-Time,Data Engineer,116500,USD,116500,US,Fully Remote,United States,M
2024,Senior-level,Full-Time,Machine Learning Engineer,255800,USD,255800,US,On-site,United States,M
2021,Mid-level,Full-Time,Data Scientist,150000,USD,150000,US,Fully Remote,United States,M
2023,Senior-level,Full-Time,Data Analyst,126000,USD,126000,US,On-site,United States,M
2023,Mid-level,Full-Time,Data Analyst,140000,USD,140000,US,On-site,United States,M
2023,Senior-level,Full-Time,Machine Learning Engineer,200000,USD,200000,US,On-site,United States,M
2024,Senior-level,Full-Time,Machine Learning Engineer,277000,USD,277000,US,On-site,United States,M
2021,Mid-level,Full-Time,Data Engineer,24000,EUR,28369,MT,Hybrid,Malta,L
2023,Senior-level,Full-Time,Data Engineer,108308,USD,108308,GB,Fully Remote,United Kingdom,M
2023,Senior-level,Full-Time,Data Analyst,95000,USD,95000,US,On-site,United States,M
2024,Senior-level,Full-Time,Data Architect,117000,USD,117000,US,On-site,United States,M
2023,Mid-level,Full-Time,Data Researcher,102000,USD,102000,US,On-site,United States,M
2024,Entry-level/Junior,Full-Time,Data Analyst,94600,USD,94600,US,On-site,United States,M
2023,Mid-level,Contract,Machine Learning Engineer,105000,USD,105000,US,Fully Remote,United States,S
2023,Senior-level,Full-Time,Data Scientist,285800,USD,285800,US,Fully Remote,United States,M
2024,Mid-level,Full-Time,Data Operation,170200,USD,170200,US,On-site,United States,M
2024,Executive-level,Full-Time,Business Intelligence,130000,USD,130000,US,On-site,United States,M
2024,Senior-level,Full-Time,Data Scientist,65000,GBP,81250,GB,On-site,United Kingdom,M
2023,Senior-level,Full-Time,Data Analyst,155000,USD,155000,US,On-site,United States,M
2023,Mid-level,Freelance,Data Scientist,21000,USD,21000,PK,Fully Remote,Luxembourg,S
2024,Senior-level,Full-Time,Data Engineer,137871,USD,137871,US,Fully Remote,United States,M
2023,Senior-level,Full-Time,Data Architect,115000,USD,115000,US,Fully Remote,United States,M
2023,Senior-level,Full-Time,Data Engineer,178560,USD,178560,US,On-site,United States,M
2023,Senior-level,Full-Time,Data Scientist,299500,USD,299500,US,On-site,United States,M
2024,Entry-level/Junior,Full-Time,Data Researcher,120000,USD,120000,US,Fully Remote,United States,M
2023,Senior-level,Full-Time,Data Researcher,107000,USD,107000,US,On-site,United States,M
2021,Senior-level,Full-Time,Machine Learning Engineer,80000,EUR,94564,DE,Hybrid,Germany,L
2023,Senior-level,Full-Time,Data Researcher,202350,USD,202350,US,On-site,United States,M
2022,Senior-level,Full-Time,Data Scientist,141525,USD,141525,US,Fully Remote,United States,M
2023,Senior-level,Full-Time,Data Scientist,159100,USD,159100,US,On-site,United States,L
2023,Mid-level,Full-Time,Machine Learning Engineer,180000,USD,180000,US,Fully Remote,United States,M
2024,Senior-level,Full-Time,Machine Learning Engineer,132300,USD,132300,US,On-site,United States,M
2023,Senior-level,Full-Time,Data Analyst,185000,USD,185000,US,Fully Remote,United States,M
2024,Senior-level,Full-Time,Machine Learning Engineer,230000,USD,230000,US,Fully Remote,United States,M
2023,Mid-level,Full-Time,Data Engineer,105000,GBP,129192,GB,On-site,United Kingdom,M
2023,Executive-level,Full-Time,Data Management,142200,USD,142200,US,On-site,United States,M
2023,Senior-level,Full-Time,Data Scientist,164000,USD,164000,US,Fully Remote,United States,M
2022,Senior-level,Full-Time,Data Analyst,130000,USD,130000,US,On-site,United States,M
2023,Senior-level,Full-Time,Machine Learning Engineer,200000,USD,200000,US,On-site,United States,M
2024,Senior-level,Full-Time,Machine Learning Engineer,170000,USD,170000,US,On-site,United States,M
2023,Mid-level,Full-Time,Data Scientist,212000,USD,212000,US,On-site,United States,M
2023,Senior-level,Full-Time,Data Engineer,165000,USD,165000,US,Fully Remote,United States,M
2023,Senior-level,Full-Time,Data Analyst,138000,USD,138000,US,Fully Remote,United States,M
2023,Senior-level,Full-Time,Data Scientist,127950,USD,127950,US,On-site,United States,M
2023,Senior-level,Full-Time,Data Scientist,197500,USD,197500,US,On-site,United States,M
2023,Senior-level,Full-Time,Data Engineer,108000,USD,108000,US,Fully Remote,United States,M
2023,Senior-level,Full-Time,Data Scientist,162000,USD,162000,US,Fully Remote,United States,M
2023,Senior-level,Full-Time,Machine Learning Engineer,222000,USD,222000,US,On-site,United States,M
2023,Senior-level,Full-Time,Data Analyst,75000,USD,75000,US,On-site,United States,M
2023,Senior-level,Full-Time,Data Scientist,210000,USD,210000,US,On-site,United States,M
2023,Senior-level,Full-Time,Data Engineer,160000,USD,160000,US,Fully Remote,United States,M
2023,Senior-level,Full-Time,Data Scientist,132500,USD,132500,US,On-site,United States,M
2023,Senior-level,Full-Time,Data Architect,330000,USD,330000,US,On-site,United States,M
2024,Entry-level/Junior,Freelance,Data Scientist,30000,USD,30000,GB,Fully Remote,United Kingdom,M
2024,Senior-level,Full-Time,Business Intelligence,54395,GBP,67993,ZA,On-site,South Africa,M
2023,Senior-level,Full-Time,Data Scientist,180000,USD,180000,US,On-site,United States,M
2023,Senior-level,Full-Time,Data Scientist,212800,USD,212800,US,On-site,United States,L
2023,Senior-level,Full-Time,Data Architect,204000,USD,204000,US,Fully Remote,United States,M
2023,Senior-level,Full-Time,Data Engineer,210000,USD,210000,US,Fully Remote,United States,M
2024,Entry-level/Junior,Full-Time,Data Analyst,61700,USD,61700,US,Fully Remote,United States,M
2024,Senior-level,Full-Time,Data Researcher,144600,USD,144600,US,On-site,United States,M
2023,Mid-level,Full-Time,Data Scientist,135000,USD,135000,US,Fully Remote,United States,M
2023,Mid-level,Full-Time,Data Researcher,130000,USD,130000,US,Fully Remote,United States,M
2023,Senior-level,Full-Time,Data Scientist,299500,USD,299500,US,On-site,United States,M
2023,Senior-level,Full-Time,Data Analyst,81666,USD,81666,US,Fully Remote,United States,M
2024,Senior-level,Full-Time,Data Scientist,130000,USD,130000,US,Fully Remote,United States,M
2023,Senior-level,Full-Time,Data Scientist,150000,USD,150000,US,On-site,United States,M
2023,Senior-level,Full-Time,Data Engineer,90000,USD,90000,US,On-site,United States,M
2023,Senior-level,Full-Time,Data Analyst,70000,USD,70000,US,On-site,United States,M
2023,Senior-level,Full-Time,Data Scientist,190000,USD,190000,US,Fully Remote,United States,M
2024,Senior-level,Full-Time,Data Engineer,135000,USD,135000,US,On-site,United States,M
2024,Senior-level,Full-Time,Data Architect,289000,USD,289000,US,Fully Remote,United States,L
2023,Senior-level,Full-Time,Data Analyst,185900,USD,185900,US,On-site,United States,M
2023,Senior-level,Full-Time,Data Engineer,250000,USD,250000,US,On-site,United States,M
2024,Senior-level,Full-Time,Data Analyst,60000,EUR,66666,DE,Hybrid,Germany,S
2022,Mid-level,Full-Time,Data Engineer,80000,GBP,98506,GB,Fully Remote,United Kingdom,M
2023,Senior-level,Full-Time,Data Scientist,135200,USD,135200,US,On-site,United States,M
2024,Senior-level,Full-Time,Data Engineer,120000,USD,120000,CA,Fully Remote,Canada,M
2024,Senior-level,Full-Time,Machine Learning Engineer,258800,USD,258800,US,On-site,United States,M
2022,Entry-level/Junior,Full-Time,Data Analyst,100000,USD,100000,US,Hybrid,United States,L
2023,Senior-level,Full-Time,Data Architect,280100,USD,280100,US,Fully Remote,United States,M
2023,Mid-level,Full-Time,Data Engineer,130400,USD,130400,US,On-site,United States,M
2023,Senior-level,Full-Time,Data Researcher,200000,USD,200000,US,On-site,United States,M
2024,Senior-level,Full-Time,Data Analyst,86026,EUR,95584,DE,Fully Remote,Germany,M
2023,Senior-level,Full-Time,Business Intelligence,185000,USD,185000,US,On-site,United States,L
2024,Senior-level,Full-Time,Data Scientist,180000,USD,180000,US,Fully Remote,United States,M
2022,Senior-level,Full-Time,Data Operation,70000,USD,70000,US,On-site,United States,M
2024,Senior-level,Full-Time,Data Analyst,136000,USD,136000,US,On-site,United States,M
2023,Mid-level,Full-Time,Data Researcher,340000,USD,340000,US,Fully Remote,United States,M
2022,Entry-level/Junior,Full-Time,Data Scientist,100000,USD,100000,US,Fully Remote,United States,M
2023,Senior-level,Full-Time,Data Engineer,109400,USD,109400,US,On-site,United States,M
2022,Senior-level,Full-Time,Data Scientist,36000,EUR,37824,ES,On-site,Spain,M
2023,Senior-level,Full-Time,Data Researcher,185000,USD,185000,US,On-site,United States,M
2022,Executive-level,Full-Time,Machine Learning Engineer,180000,USD,180000,US,Fully Remote,United States,S
2023,Senior-level,Full-Time,Data Scientist,166000,USD,166000,US,On-site,United States,M
2024,Senior-level,Full-Time,Machine Learning Engineer,263500,USD,263500,US,Fully Remote,United States,M
2024,Senior-level,Full-Time,Data Analyst,110000,USD,110000,US,On-site,United States,M
2021,Senior-level,Full-Time,Data Analyst,50000,USD,50000,VN,Fully Remote,United Kingdom,M
2023,Mid-level,Full-Time,Data Analyst,80000,USD,80000,US,Fully Remote,United States,M
2023,Senior-level,Full-Time,Data Scientist,179000,USD,179000,US,On-site,United States,M
2024,Senior-level,Full-Time,Machine Learning Engineer,255000,USD,255000,US,Fully Remote,United States,M
2023,Senior-level,Full-Time,Data Analyst,106800,USD,106800,US,On-site,United States,M
2020,Entry-level/Junior,Part-Time,Data Scientist,19000,EUR,21669,IT,Hybrid,Italy,S
2024,Mid-level,Full-Time,Data Engineer,200800,USD,200800,US,On-site,United States,M
2024,Mid-level,Full-Time,Data Engineer,180000,USD,180000,US,On-site,United States,M
2023,Senior-level,Full-Time,Data Management,137500,USD,137500,US,On-site,United States,M
2023,Senior-level,Full-Time,Data Engineer,140000,USD,140000,US,On-site,United States,M
2023,Mid-level,Full-Time,Data Analyst,116700,USD,116700,US,On-site,United States,M
2023,Senior-level,Full-Time,Data Scientist,295490,USD,295490,US,On-site,United States,M
2023,Senior-level,Full-Time,Data Researcher,140000,USD,140000,US,On-site,United States,M
2022,Mid-level,Full-Time,Data Engineer,100000,USD,100000,US,Fully Remote,United States,M
2024,Mid-level,Full-Time,Data Engineer,85750,USD,85750,US,On-site,United States,M
2023,Entry-level/Junior,Full-Time,Data Analyst,50000,USD,50000,US,On-site,United States,M
2022,Senior-level,Full-Time,Data Scientist,172200,USD,172200,US,On-site,United States,M
2024,Senior-level,Full-Time,Data Engineer,146266,USD,146266,US,On-site,United States,M
2023,Mid-level,Full-Time,Data Engineer,85800,USD,85800,US,On-site,United States,M
2023,Senior-level,Full-Time,Data Engineer,135000,USD,135000,US,Fully Remote,United States,M
2022,Senior-level,Full-Time,Data Engineer,63000,USD,63000,US,On-site,United States,M
2022,Mid-level,Full-Time,Data Engineer,55000,GBP,67723,GB,Fully Remote,United Kingdom,M
2023,Mid-level,Full-Time,Data Engineer,54500,GBP,67056,GB,On-site,United Kingdom,M
2023,Mid-level,Full-Time,Data Operation,110000,USD,110000,US,On-site,United States,M
2023,Mid-level,Full-Time,Business Intelligence,80505,USD,80505,CA,On-site,Canada,M
2022,Senior-level,Full-Time,Data Engineer,135000,USD,135000,US,On-site,United States,M
2024,Mid-level,Full-Time,Data Researcher,150000,USD,150000,US,Fully Remote,United States,M
2023,Senior-level,Full-Time,Data Engineer,195800,USD,195800,US,On-site,United States,M
2023,Senior-level,Full-Time,Data Researcher,168000,USD,168000,FR,On-site,France,M
2024,Senior-level,Full-Time,Business Intelligence,132900,USD,132900,US,On-site,United States,M
2023,Senior-level,Full-Time,Machine Learning Engineer,104000,USD,104000,US,On-site,United States,M
2023,Senior-level,Full-Time,Data Scientist,164000,USD,164000,US,Fully Remote,United States,M
2024,Senior-level,Full-Time,Business Intelligence,86000,USD,86000,US,On-site,United States,M
2023,Senior-level,Full-Time,Data Scientist,196000,USD,196000,US,Fully Remote,United States,M
2023,Senior-level,Full-Time,Data Researcher,135960,USD,135960,US,On-site,United States,M
2022,Senior-level,Full-Time,Data Scientist,168000,USD,168000,US,Fully Remote,United States,M
2020,Entry-level/Junior,Contract,Data Analyst,60000,CAD,44753,CA,Hybrid,Canada,L
2023,Senior-level,Full-Time,Data Engineer,130000,USD,130000,US,Fully Remote,United States,M
2023,Senior-level,Full-Time,Data Scientist,118575,USD,118575,CA,Fully Remote,Canada,M
2023,Senior-level,Full-Time,Data Researcher,220000,USD,220000,US,On-site,United States,M
2023,Senior-level,Full-Time,Data Scientist,150000,USD,150000,US,Fully Remote,United States,M
2023,Mid-level,Full-Time,Machine Learning Engineer,172200,USD,172200,US,On-site,United States,M
2024,Mid-level,Full-Time,Data Management,83300,USD,83300,US,On-site,United States,M
2023,Mid-level,Full-Time,Data Engineer,73400,USD,73400,US,On-site,United States,M
2024,Entry-level/Junior,Full-Time,Data Researcher,83200,USD,83200,US,Fully Remote,United States,M
2024,Mid-level,Full-Time,Data Engineer,200000,USD,200000,US,Fully Remote,United States,M
2024,Mid-level,Full-Time,Data Analyst,76050,USD,76050,US,Fully Remote,United States,M
2023,Mid-level,Full-Time,Data Developer,200000,USD,200000,US,Fully Remote,United States,M
2023,Senior-level,Full-Time,Data Engineer,130000,USD,130000,US,Fully Remote,United States,M
2023,Mid-level,Full-Time,Data Analyst,80000,USD,80000,US,On-site,United States,M
2023,Senior-level,Full-Time,Data Analyst,80000,USD,80000,US,Fully Remote,United States,M
2023,Executive-level,Full-Time,Data Analyst,70000,USD,70000,US,Fully Remote,United States,M
2023,Mid-level,Full-Time,Data Analyst,55000,GBP,67672,GB,On-site,United Kingdom,M
2023,Entry-level/Junior,Full-Time,Data Analyst,47500,USD,47500,US,On-site,United States,M
2023,Mid-level,Full-Time,Data Engineer,220000,USD,220000,CA,Fully Remote,Canada,M
2023,Mid-level,Full-Time,Data Engineer,106500,USD,106500,US,On-site,United States,M
2023,Senior-level,Full-Time,Data Researcher,163200,USD,163200,US,On-site,United States,M
2023,Senior-level,Full-Time,Machine Learning Engineer,130100,USD,130100,US,On-site,United States,M
2024,Senior-level,Full-Time,Data Engineer,270250,USD,270250,US,On-site,United States,M
2023,Senior-level,Full-Time,Data Scientist,160000,USD,160000,US,Fully Remote,United States,M
2021,Mid-level,Full-Time,Data Engineer,200000,USD,200000,US,Fully Remote,United States,L
2023,Senior-level,Full-Time,Data Scientist,176000,USD,176000,US,On-site,United States,M
2024,Senior-level,Full-Time,Data Engineer,93300,USD,93300,US,On-site,United States,M
2023,Senior-level,Full-Time,Data Analyst,145000,USD,145000,US,On-site,United States,M
2023,Mid-level,Full-Time,Data Engineer,95000,USD,95000,US,Fully Remote,United States,M
2024,Senior-level,Full-Time,Data Scientist,237600,USD,237600,US,On-site,United States,M
2023,Senior-level,Full-Time,Data Researcher,205500,USD,205500,US,On-site,United States,M
2024,Mid-level,Full-Time,Data Engineer,215500,USD,215500,US,On-site,United States,M
2023,Senior-level,Full-Time,Data Engineer,120000,USD,120000,US,Fully Remote,United States,M
2024,Mid-level,Full-Time,Data Engineer,95000,USD,95000,US,Fully Remote,United States,M
2023,Senior-level,Full-Time,Data Scientist,198200,USD,198200,US,Fully Remote,United States,M
2023,Senior-level,Full-Time,Data Engineer,185000,USD,185000,US,On-site,United States,M
2023,Senior-level,Full-Time,Data Engineer,196000,USD,196000,US,On-site,United States,M
2023,Senior-level,Full-Time,Data Engineer,241000,USD,241000,US,On-site,United States,M
2023,Senior-level,Full-Time,Data Scientist,78000,USD,78000,US,On-site,United States,M
2024,Mid-level,Full-Time,Data Analyst,121000,USD,121000,US,On-site,United States,M
2023,Senior-level,Full-Time,Data Engineer,172000,USD,172000,US,Fully Remote,United States,M
2024,Senior-level,Full-Time,Data Engineer,176000,USD,176000,US,On-site,United States,M
2023,Mid-level,Full-Time,Data Analyst,48000,USD,48000,US,Fully Remote,United States,M
2023,Mid-level,Full-Time,Data Engineer,55000,GBP,67672,GB,Fully Remote,United Kingdom,M
2024,Mid-level,Full-Time,Data Scientist,120000,USD,120000,US,On-site,United States,M
2022,Senior-level,Full-Time,Data Analyst,132000,USD,132000,US,On-site,United States,M
2023,Senior-level,Full-Time,Data Engineer,240500,USD,240500,US,On-site,United States,L
2023,Senior-level,Full-Time,Data Analyst,105500,USD,105500,US,On-site,United States,M
2023,Senior-level,Full-Time,Data Engineer,129000,USD,129000,US,On-site,United States,M
2023,Senior-level,Full-Time,Data Analyst,177000,USD,177000,US,Fully Remote,United States,M
2023,Senior-level,Full-Time,Data Engineer,90000,USD,90000,US,On-site,United States,M
2023,Senior-level,Full-Time,Machine Learning Engineer,135000,CAD,100017,CA,Fully Remote,Canada,M
2023,Senior-level,Full-Time,Data Engineer,214000,USD,214000,US,On-site,United States,M
2024,Senior-level,Full-Time,Business Intelligence,55000,GBP,68750,GB,On-site,United Kingdom,M
2024,Senior-level,Full-Time,Data Engineer,165000,USD,165000,US,On-site,United States,M
2024,Mid-level,Full-Time,Data Researcher,35000,EUR,38888,PT,On-site,Portugal,M
2023,Senior-level,Full-Time,Data Engineer,190000,USD,190000,US,On-site,United States,M
2023,Senior-level,Full-Time,Data Engineer,150600,USD,150600,GB,Fully Remote,United Kingdom,M
2023,Senior-level,Full-Time,Data Architect,250500,USD,250500,US,On-site,United States,M
2023,Entry-level/Junior,Full-Time,Data Engineer,65000,USD,65000,US,On-site,United States,M
2023,Mid-level,Full-Time,Data Scientist,140000,USD,140000,US,Fully Remote,United States,M
2023,Mid-level,Full-Time,Data Analyst,90000,USD,90000,US,On-site,United States,M
2024,Executive-level,Full-Time,Data Scientist,97254,USD,97254,US,On-site,United States,M
2023,Senior-level,Full-Time,Data Analyst,150000,USD,150000,US,On-site,United States,M
2023,Senior-level,Full-Time,Data Engineer,150000,USD,150000,US,On-site,United States,M
2024,Senior-level,Full-Time,Data Analyst,117000,USD,117000,US,On-site,United States,M
2023,Senior-level,Full-Time,Data Analyst,85700,USD,85700,US,On-site,United States,M
2023,Senior-level,Full-Time,Machine Learning Engineer,204500,USD,204500,US,On-site,United States,M
2024,Senior-level,Full-Time,Data Analyst,163700,USD,163700,US,On-site,United States,M
2023,Entry-level/Junior,Full-Time,Data Analyst,75065,USD,75065,US,Fully Remote,United States,M
2024,Senior-level,Full-Time,Data Scientist,174300,USD,174300,US,On-site,United States,M
2024,Senior-level,Full-Time,Machine Learning Engineer,304750,USD,304750,US,On-site,United States,M
2023,Senior-level,Full-Time,Data Engineer,144100,USD,144100,US,On-site,United States,M
2023,Senior-level,Full-Time,Data Scientist,181000,USD,181000,CA,On-site,Canada,M
2024,Mid-level,Full-Time,Machine Learning Engineer,150000,USD,150000,US,On-site,United States,M
2023,Senior-level,Full-Time,Data Engineer,252000,USD,252000,US,On-site,United States,M
2023,Senior-level,Full-Time,Business Intelligence,225000,USD,225000,US,On-site,United States,M
2023,Senior-level,Full-Time,Data Scientist,275300,USD,275300,US,Fully Remote,United States,M
2023,Senior-level,Full-Time,Data Analyst,140000,USD,140000,US,Fully Remote,United States,M
2024,Mid-level,Full-Time,Data Scientist,127300,USD,127300,US,On-site,United States,L
2023,Senior-level,Full-Time,Machine Learning Engineer,110000,USD,110000,CA,Fully Remote,Canada,M
2023,Senior-level,Full-Time,Machine Learning Engineer,263500,USD,263500,US,Fully Remote,United States,M
2024,Senior-level,Full-Time,Data Scientist,126500,USD,126500,US,Fully Remote,United States,M
2024,Senior-level,Full-Time,Machine Learning Engineer,175000,USD,175000,US,On-site,United States,M
2024,Entry-level/Junior,Full-Time,Machine Learning Engineer,91000,USD,91000,US,On-site,United States,M
2023,Senior-level,Full-Time,Data Analyst,93918,USD,93918,US,On-site,United States,M
2023,Senior-level,Full-Time,Data Scientist,185900,USD,185900,US,On-site,United States,M
2022,Senior-level,Full-Time,Data Analyst,95000,USD,95000,US,On-site,United States,M
2022,Mid-level,Full-Time,Data Analyst,150000,USD,150000,US,On-site,United States,M
2023,Senior-level,Full-Time,Data Engineer,210000,USD,210000,US,Fully Remote,United States,M
2021,Senior-level,Full-Time,Data Scientist,3000000,INR,40570,IN,Hybrid,India,L
2024,Mid-level,Full-Time,Data Analyst,85000,USD,85000,US,Fully Remote,United States,M
2023,Senior-level,Full-Time,Data Engineer,180000,USD,180000,US,Fully Remote,United States,M
2023,Senior-level,Full-Time,Data Analyst,167000,USD,167000,US,On-site,United States,M
2024,Mid-level,Full-Time,Data Engineer,97000,USD,97000,US,On-site,United States,M
2023,Senior-level,Full-Time,Data Engineer,185100,USD,185100,US,Fully Remote,United States,M
2023,Senior-level,Full-Time,Data Engineer,145000,USD,145000,US,On-site,United States,M
2023,Senior-level,Full-Time,Machine Learning Engineer,238000,USD,238000,US,On-site,United States,M
2024,Senior-level,Full-Time,Data Engineer,130008,CAD,100006,CA,On-site,Canada,M
2023,Mid-level,Full-Time,Data Scientist,5000000,INR,60805,IN,Hybrid,India,L
2024,Senior-level,Full-Time,Data Engineer,148000,USD,148000,US,Fully Remote,United States,M
2024,Mid-level,Full-Time,Data Analyst,187000,USD,187000,US,On-site,United States,M
2023,Senior-level,Full-Time,Data Scientist,100000,USD,100000,US,On-site,United States,M
2024,Senior-level,Full-Time,Machine Learning Engineer,140000,USD,140000,US,On-site,United States,M
2023,Mid-level,Full-Time,Data Analyst,121000,USD,121000,US,On-site,United States,M
2023,Senior-level,Full-Time,Data Scientist,174000,USD,174000,US,Fully Remote,United States,M
2023,Senior-level,Full-Time,Data Scientist,203000,USD,203000,US,Fully Remote,United States,M
2024,Senior-level,Full-Time,Data Engineer,130000,USD,130000,US,On-site,United States,M
2023,Senior-level,Full-Time,Data Engineer,143200,USD,143200,US,On-site,United States,M
2023,Senior-level,Full-Time,Data Engineer,227500,USD,227500,US,Fully Remote,United States,M
2023,Senior-level,Full-Time,Data Scientist,93300,USD,93300,US,On-site,United States,M
2022,Senior-level,Full-Time,Data Engineer,230000,USD,230000,US,Fully Remote,United States,M
2023,Executive-level,Full-Time,Machine Learning Engineer,188000,USD,188000,US,On-site,United States,M
2022,Entry-level/Junior,Full-Time,Data Engineer,65000,USD,65000,US,Fully Remote,United States,S
2024,Entry-level/Junior,Full-Time,Data Analyst,70000,USD,70000,US,On-site,United States,M
2022,Mid-level,Full-Time,Business Intelligence,78000,USD,78000,BR,Fully Remote,Brazil,M
2023,Mid-level,Full-Time,Data Engineer,120000,USD,120000,US,On-site,United States,M
2023,Senior-level,Full-Time,Machine Learning Engineer,215000,USD,215000,US,On-site,United States,M
2023,Senior-level,Full-Time,Data Engineer,96800,USD,96800,US,Fully Remote,United States,M
2023,Senior-level,Full-Time,Data Scientist,136000,USD,136000,US,On-site,United States,L
2023,Senior-level,Full-Time,Machine Learning Engineer,240000,USD,240000,US,On-site,United States,M
2023,Senior-level,Full-Time,Data Scientist,136000,USD,136000,US,On-site,United States,L
2023,Mid-level,Full-Time,Data Scientist,110000,USD,110000,US,On-site,United States,M
2023,Senior-level,Full-Time,Machine Learning Engineer,220000,USD,220000,US,On-site,United States,M
2022,Senior-level,Full-Time,Data Analyst,135000,USD,135000,US,Fully Remote,United States,M
2023,Senior-level,Full-Time,Machine Learning Engineer,166600,USD,166600,US,On-site,United States,M
2023,Mid-level,Full-Time,Business Intelligence,100631,USD,100631,CA,On-site,Canada,M
2023,Mid-level,Full-Time,Data Engineer,120000,USD,120000,GB,Hybrid,United Kingdom,M
2024,Senior-level,Full-Time,Data Scientist,260000,USD,260000,US,On-site,United States,L
2024,Mid-level,Full-Time,Data Scientist,188500,USD,188500,US,On-site,United States,M
2024,Senior-level,Full-Time,Data Scientist,190500,USD,190500,CA,Fully Remote,Canada,M
2022,Mid-level,Full-Time,Data Scientist,110000,EUR,115573,NL,On-site,Netherlands,M
2023,Senior-level,Full-Time,Data Scientist,219000,USD,219000,US,On-site,United States,M
2024,Senior-level,Full-Time,Data Researcher,141300,USD,141300,US,Fully Remote,United States,M
2022,Senior-level,Full-Time,Data Engineer,193750,USD,193750,US,Fully Remote,United States,M
2024,Senior-level,Full-Time,Data Analyst,128800,USD,128800,US,On-site,United States,M
2023,Senior-level,Full-Time,Machine Learning Engineer,175000,USD,175000,US,Fully Remote,United States,M
2023,Senior-level,Full-Time,Machine Learning Engineer,180514,USD,180514,GB,Fully Remote,United Kingdom,M
2023,Senior-level,Full-Time,Data Engineer,138000,USD,138000,US,On-site,United States,M
2024,Entry-level/Junior,Full-Time,Data Researcher,110000,USD,110000,US,On-site,United States,M
2022,Mid-level,Full-Time,Data Engineer,80000,USD,80000,US,Fully Remote,United States,M
2021,Executive-level,Full-Time,Data Analyst,150000,USD,150000,IN,Fully Remote,United States,L
2022,Senior-level,Full-Time,Data Analyst,104000,USD,104000,US,Fully Remote,United States,M
2023,Senior-level,Full-Time,Data Scientist,140000,USD,140000,US,On-site,United States,M
2024,Entry-level/Junior,Full-Time,Data Scientist,80000,USD,80000,US,On-site,United States,M
2023,Senior-level,Full-Time,Data Engineer,112500,USD,112500,US,On-site,United States,M
2023,Senior-level,Full-Time,Data Engineer,250000,USD,250000,US,Fully Remote,United States,M
2024,Senior-level,Full-Time,Data Researcher,132500,USD,132500,US,On-site,United States,M
2024,Mid-level,Full-Time,Data Engineer,167500,USD,167500,US,On-site,United States,M
2022,Senior-level,Full-Time,Data Engineer,231250,USD,231250,US,Fully Remote,United States,M
2023,Senior-level,Full-Time,Data Researcher,120000,USD,120000,US,On-site,United States,M
2023,Senior-level,Full-Time,Data Scientist,285800,USD,285800,US,On-site,United States,M
2024,Senior-level,Full-Time,Data Engineer,329200,USD,329200,CA,Fully Remote,Canada,M
2022,Senior-level,Full-Time,Data Engineer,183600,USD,183600,US,Fully Remote,United States,L
2023,Entry-level/Junior,Full-Time,Data Scientist,135000,USD,135000,US,On-site,United States,M
2023,Senior-level,Full-Time,Data Architect,132000,USD,132000,US,Fully Remote,United States,M
2023,Senior-level,Full-Time,Machine Learning Engineer,204500,USD,204500,US,On-site,United States,M
2023,Senior-level,Full-Time,Data Engineer,186700,USD,186700,US,Fully Remote,United States,M
2024,Senior-level,Full-Time,Data Scientist,185900,USD,185900,US,On-site,United States,M
2024,Mid-level,Full-Time,Data Engineer,103000,USD,103000,US,On-site,United States,M
2023,Senior-level,Full-Time,Data Scientist,222200,USD,222200,US,On-site,United States,L
2023,Senior-level,Full-Time,Data Engineer,85000,USD,85000,US,Fully Remote,United States,M
2023,Mid-level,Full-Time,Data Analyst,95000,USD,95000,US,Fully Remote,United States,M
2023,Senior-level,Full-Time,Data Scientist,266000,USD,266000,US,On-site,United States,M
2024,Senior-level,Full-Time,Data Scientist,136000,USD,136000,US,Fully Remote,United States,M
2023,Mid-level,Full-Time,Machine Learning Engineer,72000,USD,72000,VN,Fully Remote,Vietnam,M
2023,Senior-level,Full-Time,Machine Learning Engineer,230000,USD,230000,US,On-site,United States,M
2024,Senior-level,Full-Time,Data Engineer,116600,USD,116600,US,Fully Remote,United States,M
2022,Entry-level/Junior,Full-Time,Data Engineer,40000,GBP,49253,GB,Fully Remote,United Kingdom,M
2024,Mid-level,Full-Time,Data Engineer,65000,GBP,81250,GB,On-site,United Kingdom,M
2023,Senior-level,Full-Time,Data Scientist,175000,USD,175000,US,On-site,United States,M
2024,Entry-level/Junior,Full-Time,Data Scientist,55000,EUR,61111,DE,Hybrid,Germany,M
2023,Senior-level,Full-Time,Data Scientist,90000,USD,90000,GB,On-site,United Kingdom,M
2022,Senior-level,Full-Time,Machine Learning Engineer,189650,USD,189650,US,On-site,United States,M
2023,Senior-level,Full-Time,Machine Learning Engineer,170000,USD,170000,US,Fully Remote,United States,M
2023,Senior-level,Full-Time,Data Scientist,199098,USD,199098,US,Fully Remote,United States,M
2023,Mid-level,Full-Time,Data Engineer,184000,USD,184000,US,On-site,United States,M
2023,Senior-level,Full-Time,Machine Learning Engineer,220000,USD,220000,US,On-site,United States,M
2022,Mid-level,Full-Time,Data Analyst,113000,USD,113000,US,Fully Remote,United States,L
2023,Senior-level,Full-Time,Data Management,139500,USD,139500,US,On-site,United States,M
2024,Mid-level,Full-Time,Data Scientist,111600,USD,111600,US,On-site,United States,L
2024,Entry-level/Junior,Full-Time,Data Analyst,41419,USD,41419,US,Fully Remote,United States,M
2024,Senior-level,Full-Time,Machine Learning Engineer,96900,USD,96900,US,On-site,United States,M
2023,Senior-level,Full-Time,Data Scientist,155500,USD,155500,US,On-site,United States,M
2023,Senior-level,Full-Time,Data Scientist,147400,USD,147400,US,On-site,United States,M
2022,Senior-level,Full-Time,Data Scientist,141525,USD,141525,US,Fully Remote,United States,M
2023,Senior-level,Full-Time,Data Researcher,248100,USD,248100,US,On-site,United States,M
2023,Senior-level,Full-Time,Data Engineer,145000,USD,145000,US,On-site,United States,M
2024,Mid-level,Full-Time,Machine Learning Engineer,80420,USD,80420,US,On-site,United States,M
2023,Mid-level,Full-Time,Data Analyst,95000,USD,95000,US,Fully Remote,United States,M
2023,Senior-level,Full-Time,Data Management,145000,USD,145000,US,On-site,United States,M
2022,Senior-level,Full-Time,Data Scientist,125000,USD,125000,US,On-site,United States,M
2023,Senior-level,Full-Time,Data Scientist,136000,USD,136000,US,On-site,United States,M
2023,Executive-level,Full-Time,Data Scientist,145000,USD,145000,US,On-site,United States,M
2024,Senior-level,Full-Time,Data Researcher,240960,USD,240960,US,On-site,United States,M
2024,Senior-level,Full-Time,Data Scientist,193000,USD,193000,US,On-site,United States,M
2023,Senior-level,Full-Time,Machine Learning Engineer,370000,USD,370000,US,On-site,United States,M
2023,Senior-level,Full-Time,Data Architect,81800,USD,81800,US,On-site,United States,M
2023,Mid-level,Full-Time,Data Engineer,90000,USD,90000,US,Fully Remote,United States,M
2023,Senior-level,Full-Time,Data Scientist,202000,USD,202000,US,Fully Remote,United States,M
2023,Senior-level,Full-Time,Data Analyst,150000,USD,150000,US,Fully Remote,United States,M
2024,Entry-level/Junior,Full-Time,Data Analyst,147000,USD,147000,US,On-site,United States,M
2023,Mid-level,Full-Time,Data Engineer,115092,USD,115092,US,On-site,United States,M
2023,Senior-level,Full-Time,Data Analyst,100000,USD,100000,US,Fully Remote,United States,M
2022,Entry-level/Junior,Full-Time,Data Analyst,50000,USD,50000,AR,Fully Remote,Argentina,L
2023,Mid-level,Full-Time,Data Scientist,204500,USD,204500,US,On-site,United States,M
2024,Senior-level,Full-Time,Data Analyst,100000,USD,100000,US,On-site,United States,M
2023,Senior-level,Full-Time,Data Engineer,252000,USD,252000,US,On-site,United States,M
2024,Senior-level,Full-Time,Machine Learning Engineer,340000,USD,340000,US,On-site,United States,M
2023,Senior-level,Full-Time,Data Scientist,224000,USD,224000,CA,On-site,Canada,M
2023,Mid-level,Full-Time,Data Researcher,130000,USD,130000,US,On-site,United States,M
2023,Senior-level,Full-Time,Data Analyst,110000,USD,110000,US,Fully Remote,United States,M
2024,Senior-level,Full-Time,Business Intelligence,198200,USD,198200,US,On-site,United States,M
2024,Senior-level,Full-Time,Machine Learning Engineer,250000,USD,250000,US,On-site,United States,M
2023,Senior-level,Full-Time,Data Engineer,226700,USD,226700,US,On-site,United States,M
2022,Senior-level,Full-Time,Data Engineer,110000,USD,110000,US,On-site,United States,M
2023,Senior-level,Full-Time,Data Scientist,145000,USD,145000,US,Fully Remote,United States,M
2024,Senior-level,Full-Time,Business Intelligence,78800,USD,78800,US,Fully Remote,United States,M
2023,Executive-level,Full-Time,Data Engineer,113000,USD,113000,US,On-site,United States,M
2024,Senior-level,Full-Time,Data Researcher,234000,USD,234000,US,On-site,United States,M
2024,Senior-level,Full-Time,Machine Learning Engineer,93300,USD,93300,DE,On-site,Germany,M
2023,Senior-level,Full-Time,Machine Learning Engineer,200000,USD,200000,US,On-site,United States,M
2023,Senior-level,Full-Time,Machine Learning Engineer,175000,USD,175000,US,On-site,United States,M
2024,Entry-level/Junior,Full-Time,Data Engineer,146000,USD,146000,US,On-site,United States,M
2023,Entry-level/Junior,Full-Time,Machine Learning Engineer,133000,USD,133000,US,On-site,United States,M
2024,Mid-level,Full-Time,Data Researcher,230000,USD,230000,US,On-site,United States,M
2023,Senior-level,Full-Time,Data Scientist,136000,USD,136000,US,Fully Remote,United States,M
2024,Senior-level,Full-Time,Data Researcher,337300,USD,337300,US,On-site,United States,M
2023,Mid-level,Full-Time,Data Scientist,65000,GBP,79976,GB,Fully Remote,United Kingdom,M
2020,Mid-level,Contract,Data Analyst,60000,USD,60000,NG,On-site,Nigeria,M
2022,Senior-level,Full-Time,Data Engineer,142127,USD,142127,US,Fully Remote,United States,M
2024,Senior-level,Full-Time,Data Engineer,247300,USD,247300,US,On-site,United States,M
2023,Mid-level,Full-Time,Data Engineer,50000,GBP,61520,CA,Fully Remote,Canada,M
2023,Senior-level,Full-Time,Data Scientist,185900,USD,185900,US,On-site,United States,M
2023,Senior-level,Full-Time,Data Engineer,200000,USD,200000,US,On-site,United States,M
2023,Senior-level,Full-Time,Data Analyst,179975,USD,179975,US,Fully Remote,United States,M
2024,Mid-level,Full-Time,Data Engineer,96000,USD,96000,US,On-site,United States,M
2023,Senior-level,Full-Time,Data Scientist,150000,USD,150000,US,Fully Remote,United States,M
2024,Mid-level,Full-Time,Data Scientist,73000,USD,73000,US,On-site,United States,M
2023,Executive-level,Full-Time,Data Engineer,116704,USD,116704,US,Fully Remote,United States,M
2023,Senior-level,Full-Time,Data Management,199000,USD,199000,US,On-site,United States,M
2022,Senior-level,Full-Time,Data Scientist,129300,USD,129300,US,On-site,United States,M
2023,Senior-level,Full-Time,Data Scientist,258700,USD,258700,US,On-site,United States,M
2023,Senior-level,Full-Time,Machine Learning Engineer,166000,USD,166000,US,On-site,United States,M
2023,Mid-level,Full-Time,Data Analyst,50000,GBP,61520,GB,On-site,United Kingdom,M
2023,Senior-level,Full-Time,Data Engineer,134000,USD,134000,US,Fully Remote,United States,M
2024,Senior-level,Full-Time,Data Researcher,190000,USD,190000,US,On-site,United States,M
2023,Senior-level,Full-Time,Data Researcher,300000,USD,300000,US,On-site,United States,M
2023,Entry-level/Junior,Full-Time,Data Analyst,20000,EUR,21593,ES,On-site,Spain,M
2024,Senior-level,Full-Time,Data Scientist,270250,USD,270250,US,On-site,United States,M
2023,Senior-level,Full-Time,Data Engineer,110000,USD,110000,US,On-site,United States,M
2024,Mid-level,Full-Time,Data Engineer,159000,USD,159000,US,On-site,United States,M
2024,Entry-level/Junior,Full-Time,Data Analyst,35000,GBP,43750,GB,Fully Remote,United Kingdom,M
2023,Senior-level,Full-Time,Data Scientist,178538,USD,178538,US,Fully Remote,United States,M
2023,Entry-level/Junior,Full-Time,Data Operation,46400,USD,46400,US,Fully Remote,United States,M
2023,Entry-level/Junior,Full-Time,Data Researcher,64000,USD,64000,US,Fully Remote,United States,M
2023,Senior-level,Full-Time,Data Engineer,134000,USD,134000,US,Fully Remote,United States,M
2023,Senior-level,Full-Time,Data Engineer,125000,USD,125000,US,Fully Remote,United States,M
2024,Senior-level,Full-Time,Data Engineer,190000,USD,190000,US,Fully Remote,United States,M
2024,Senior-level,Full-Time,Data Engineer,220000,USD,220000,CA,On-site,Canada,M
2024,Mid-level,Full-Time,Business Intelligence,124000,USD,124000,US,Fully Remote,United States,M
2023,Senior-level,Full-Time,Data Analyst,161500,USD,161500,US,Fully Remote,United States,M
2023,Senior-level,Full-Time,Data Scientist,268000,USD,268000,US,On-site,United States,M
2023,Senior-level,Full-Time,Data Analyst,149500,USD,149500,US,Fully Remote,United States,M
2023,Senior-level,Full-Time,Data Engineer,150000,USD,150000,US,Fully Remote,United States,M
2023,Senior-level,Full-Time,Data Scientist,267100,USD,267100,US,Fully Remote,United States,M
2023,Senior-level,Full-Time,Data Scientist,225000,USD,225000,US,Fully Remote,United States,M
2023,Mid-level,Full-Time,Data Analyst,112000,USD,112000,US,On-site,United States,M
2022,Senior-level,Full-Time,Machine Learning Engineer,235000,USD,235000,US,Fully Remote,United States,M
2024,Senior-level,Full-Time,Data Scientist,185000,USD,185000,US,On-site,United States,M
2024,Senior-level,Full-Time,Data Engineer,117000,USD,117000,US,On-site,United States,M
2023,Senior-level,Full-Time,Data Engineer,110000,USD,110000,US,Fully Remote,United States,M
2024,Mid-level,Full-Time,Data Analyst,65000,USD,65000,US,On-site,United States,M
2023,Entry-level/Junior,Full-Time,Data Engineer,130002,USD,130002,US,Fully Remote,United States,M
2022,Mid-level,Full-Time,Data Analyst,124000,USD,124000,US,On-site,United States,M
2024,Senior-level,Full-Time,Data Engineer,113000,USD,113000,US,On-site,United States,M
2024,Senior-level,Full-Time,Data Engineer,171210,USD,171210,CA,On-site,Canada,M
2024,Senior-level,Full-Time,Data Engineer,205500,USD,205500,US,Fully Remote,United States,M
2024,Senior-level,Full-Time,Data Analyst,105000,USD,105000,US,On-site,United States,M
2023,Senior-level,Full-Time,Data Researcher,247600,USD,247600,US,On-site,United States,L
2023,Entry-level/Junior,Full-Time,Data Scientist,16000,USD,16000,EC,Fully Remote,Ecuador,L
2023,Senior-level,Full-Time,Data Engineer,133300,USD,133300,US,On-site,United States,M
2023,Mid-level,Full-Time,Data Researcher,138700,USD,138700,US,On-site,United States,M
2023,Senior-level,Full-Time,Data Scientist,222200,USD,222200,US,On-site,United States,L
2024,Entry-level/Junior,Full-Time,Machine Learning Engineer,99500,USD,99500,US,On-site,United States,M
2024,Senior-level,Full-Time,Data Scientist,255000,USD,255000,US,On-site,United States,M
2023,Entry-level/Junior,Full-Time,Data Engineer,34800,EUR,37573,NL,Fully Remote,Netherlands,M
2022,Senior-level,Full-Time,Data Engineer,100000,USD,100000,US,On-site,United States,M
2024,Senior-level,Full-Time,Data Scientist,165000,USD,165000,US,Fully Remote,United States,M
2023,Mid-level,Full-Time,Data Scientist,136000,USD,136000,US,On-site,United States,M
2023,Senior-level,Full-Time,Data Analyst,120000,USD,120000,US,On-site,United States,M
2024,Senior-level,Full-Time,Data Engineer,90000,USD,90000,US,Fully Remote,United States,M
2024,Senior-level,Full-Time,Data Scientist,295490,USD,295490,US,On-site,United States,M
2023,Senior-level,Full-Time,Data Scientist,174800,USD,174800,US,Fully Remote,United States,M
2023,Mid-level,Full-Time,Data Scientist,150000,USD,150000,US,Fully Remote,United States,M
2023,Senior-level,Full-Time,Data Engineer,35000,EUR,37788,PT,On-site,Portugal,M
2023,Senior-level,Full-Time,Data Scientist,156400,USD,156400,US,On-site,United States,M
2024,Senior-level,Full-Time,Data Researcher,278700,USD,278700,US,On-site,United States,M
2023,Senior-level,Full-Time,Data Analyst,135000,USD,135000,US,On-site,United States,M
2023,Senior-level,Full-Time,Machine Learning Engineer,144800,USD,144800,US,On-site,United States,M
2023,Senior-level,Full-Time,Machine Learning Engineer,309000,USD,309000,US,On-site,United States,M
2023,Senior-level,Full-Time,Data Scientist,175000,USD,175000,US,On-site,United States,M
2023,Senior-level,Full-Time,Data Scientist,71200,USD,71200,US,On-site,United States,M
2024,Mid-level,Full-Time,Data Scientist,176000,USD,176000,US,Fully Remote,United States,M
2024,Entry-level/Junior,Full-Time,Data Researcher,51000,USD,51000,US,On-site,United States,M
2023,Mid-level,Full-Time,Data Engineer,55000,GBP,67672,GB,Fully Remote,United Kingdom,M
2023,Mid-level,Full-Time,Machine Learning Engineer,172200,USD,172200,US,On-site,United States,M
2023,Senior-level,Full-Time,Machine Learning Engineer,185000,USD,185000,US,On-site,United States,M
2023,Senior-level,Full-Time,Data Engineer,106800,USD,106800,US,On-site,United States,M
2024,Senior-level,Full-Time,Data Engineer,166000,USD,166000,US,On-site,United States,M
2022,Mid-level,Full-Time,Data Analyst,100000,USD,100000,US,On-site,United States,M
2024,Senior-level,Full-Time,Data Researcher,120000,USD,120000,US,Fully Remote,United States,M
2023,Senior-level,Full-Time,Data Analyst,115000,USD,115000,US,Fully Remote,United States,M
2023,Senior-level,Full-Time,Data Scientist,59200,USD,59200,US,On-site,United States,M
2024,Senior-level,Full-Time,Machine Learning Engineer,189000,USD,189000,US,On-site,United States,M
2023,Senior-level,Full-Time,Data Analyst,140000,USD,140000,US,On-site,United States,M
2023,Mid-level,Full-Time,Data Developer,95000,USD,95000,US,On-site,United States,M
2024,Entry-level/Junior,Full-Time,Data Analyst,100000,USD,100000,US,On-site,United States,M
2023,Senior-level,Full-Time,Data Researcher,273000,USD,273000,US,On-site,United States,M
2024,Senior-level,Full-Time,Data Scientist,199000,USD,199000,US,On-site,United States,M
2023,Senior-level,Full-Time,Data Scientist,159832,USD,159832,US,On-site,United States,M
2023,Senior-level,Full-Time,Machine Learning Engineer,283200,USD,283200,US,On-site,United States,M
2022,Senior-level,Full-Time,Data Analyst,117000,USD,117000,US,Fully Remote,United States,M
2024,Senior-level,Full-Time,Data Engineer,130000,USD,130000,US,On-site,United States,M
2023,Senior-level,Full-Time,Data Engineer,100706,USD,100706,US,On-site,United States,M
2024,Senior-level,Full-Time,Data Researcher,176700,USD,176700,US,On-site,United States,M
2023,Senior-level,Full-Time,Data Engineer,169280,USD,169280,US,Fully Remote,United States,M
2023,Senior-level,Full-Time,Machine Learning Engineer,170000,USD,170000,US,On-site,United States,M
2024,Entry-level/Junior,Full-Time,Data Analyst,60000,USD,60000,US,On-site,United States,M
2024,Senior-level,Full-Time,Data Engineer,191857,USD,191857,US,On-site,United States,M
2023,Senior-level,Full-Time,Data Engineer,105700,USD,105700,US,On-site,United States,L
2023,Senior-level,Full-Time,Data Scientist,123900,USD,123900,US,Fully Remote,United States,M
2023,Senior-level,Full-Time,Data Operation,173100,USD,173100,US,On-site,United States,M
2022,Senior-level,Full-Time,Data Scientist,185900,USD,185900,US,On-site,United States,M
2024,Senior-level,Full-Time,Data Scientist,65000,GBP,81250,GB,Fully Remote,United Kingdom,M
2024,Mid-level,Full-Time,Data Engineer,214300,USD,214300,US,On-site,United States,M
2023,Senior-level,Full-Time,Data Scientist,120250,USD,120250,GB,On-site,United Kingdom,M
2024,Senior-level,Full-Time,Data Engineer,221000,USD,221000,US,On-site,United States,M
2023,Senior-level,Full-Time,Data Engineer,187100,USD,187100,US,On-site,United States,M
2024,Entry-level/Junior,Full-Time,Data Analyst,112000,USD,112000,US,On-site,United States,M
2023,Senior-level,Full-Time,Data Analyst,51962,USD,51962,US,On-site,United States,M
2024,Mid-level,Full-Time,Data Engineer,89000,USD,89000,US,On-site,United States,M
2022,Senior-level,Full-Time,Machine Learning Engineer,193900,USD,193900,US,On-site,United States,M
2022,Mid-level,Full-Time,Data Analyst,150000,USD,150000,US,On-site,United States,M
2023,Senior-level,Full-Time,Machine Learning Engineer,199000,USD,199000,US,Fully Remote,United States,M
2023,Senior-level,Full-Time,Data Scientist,160000,USD,160000,US,On-site,United States,M
2023,Senior-level,Full-Time,Data Scientist,104000,USD,104000,US,Fully Remote,United States,M
2023,Executive-level,Full-Time,Data Scientist,145000,USD,145000,US,On-site,United States,M
2023,Executive-level,Full-Time,Data Scientist,150000,GBP,184560,GB,Fully Remote,United Kingdom,M
2023,Senior-level,Full-Time,Data Scientist,154836,USD,154836,US,Fully Remote,United States,M
2024,Senior-level,Full-Time,Data Management,135000,USD,135000,US,Fully Remote,United States,M
2024,Senior-level,Full-Time,Machine Learning Engineer,255800,USD,255800,US,On-site,United States,M
2024,Senior-level,Full-Time,Machine Learning Engineer,166000,USD,166000,US,On-site,United States,M
2023,Senior-level,Full-Time,Data Scientist,120000,USD,120000,US,On-site,United States,M
2022,Senior-level,Full-Time,Data Engineer,138750,USD,138750,US,Fully Remote,United States,M
2024,Mid-level,Full-Time,Data Analyst,100000,USD,100000,US,On-site,United States,M
2023,Senior-level,Full-Time,Business Intelligence,167500,USD,167500,US,On-site,United States,M
2023,Senior-level,Full-Time,Data Scientist,113750,USD,113750,IE,On-site,Ireland,M
2022,Senior-level,Full-Time,Data Analyst,48000,EUR,50432,ES,On-site,Spain,M
2023,Senior-level,Full-Time,Data Engineer,205600,USD,205600,US,On-site,United States,L
2023,Senior-level,Full-Time,Machine Learning Engineer,164000,USD,164000,US,Fully Remote,United States,M
2023,Senior-level,Full-Time,Data Scientist,199000,USD,199000,US,On-site,United States,M
2023,Entry-level/Junior,Full-Time,Data Researcher,35000,GBP,43064,GB,On-site,United Kingdom,M
2023,Senior-level,Full-Time,Data Engineer,116000,USD,116000,US,On-site,United States,M
2024,Entry-level/Junior,Full-Time,Data Analyst,181610,USD,181610,US,On-site,United States,M
2023,Senior-level,Full-Time,Data Engineer,166000,USD,166000,US,On-site,United States,M
2024,Senior-level,Full-Time,Data Analyst,173000,USD,173000,US,On-site,United States,M
2023,Senior-level,Full-Time,Data Management,130000,USD,130000,US,On-site,United States,M
2023,Senior-level,Full-Time,Data Architect,159500,USD,159500,US,On-site,United States,M
2024,Mid-level,Full-Time,Data Engineer,145000,USD,145000,US,Fully Remote,United States,M
2023,Mid-level,Full-Time,Data Analyst,85000,USD,85000,US,On-site,United States,M
2023,Senior-level,Full-Time,Data Scientist,112000,USD,112000,US,Fully Remote,United States,M
2023,Senior-level,Full-Time,Data Engineer,160000,USD,160000,US,Fully Remote,United States,M
2022,Senior-level,Full-Time,Data Engineer,100000,USD,100000,US,On-site,United States,M
2024,Mid-level,Full-Time,Data Scientist,180000,USD,180000,US,On-site,United States,M
2023,Mid-level,Full-Time,Data Scientist,195000,USD,195000,US,On-site,United States,M
2023,Entry-level/Junior,Full-Time,Data Researcher,350000,USD,350000,US,On-site,United States,M
2022,Mid-level,Full-Time,Data Engineer,90000,USD,90000,US,Fully Remote,United States,M
2024,Senior-level,Full-Time,Data Scientist,170000,USD,170000,US,On-site,United States,M
2023,Mid-level,Full-Time,Machine Learning Engineer,140000,USD,140000,US,Fully Remote,United States,S
2023,Senior-level,Full-Time,Machine Learning Engineer,216000,USD,216000,US,Fully Remote,United States,M
2023,Mid-level,Full-Time,Data Engineer,125000,USD,125000,US,On-site,United States,M
2024,Executive-level,Full-Time,Data Engineer,209309,USD,209309,US,On-site,United States,M
2023,Senior-level,Full-Time,Machine Learning Engineer,287700,USD,287700,US,On-site,United States,L
2022,Mid-level,Full-Time,Data Engineer,80000,EUR,84053,ES,Fully Remote,Spain,M
2023,Mid-level,Full-Time,Data Operation,70000,USD,70000,US,On-site,United States,M
2023,Senior-level,Full-Time,Data Engineer,111000,USD,111000,US,On-site,United States,M
2024,Mid-level,Full-Time,Data Engineer,210000,USD,210000,US,On-site,United States,M
2024,Mid-level,Full-Time,Data Scientist,198800,USD,198800,US,On-site,United States,M
2024,Senior-level,Full-Time,Data Scientist,65000,GBP,81250,GB,Fully Remote,United Kingdom,M
2023,Senior-level,Full-Time,Data Scientist,280000,USD,280000,US,Fully Remote,United States,M
2022,Mid-level,Full-Time,Data Engineer,105120,EUR,110446,LT,On-site,Lithuania,M
2023,Senior-level,Full-Time,Data Analyst,84870,USD,84870,US,On-site,United States,M
2024,Mid-level,Full-Time,Data Developer,95000,USD,95000,US,On-site,United States,M
2022,Mid-level,Full-Time,Data Engineer,175000,USD,175000,US,Fully Remote,United States,M
2023,Senior-level,Full-Time,Data Engineer,142200,USD,142200,US,On-site,United States,M
2024,Senior-level,Full-Time,Data Scientist,190000,USD,190000,US,Fully Remote,United States,M
2022,Senior-level,Full-Time,Data Analyst,81666,USD,81666,US,Fully Remote,United States,M
2023,Senior-level,Full-Time,Machine Learning Engineer,130000,USD,130000,US,On-site,United States,M
2024,Mid-level,Full-Time,Data Scientist,62000,USD,62000,US,On-site,United States,M
2024,Senior-level,Full-Time,Data Scientist,123740,USD,123740,US,On-site,United States,M
2023,Senior-level,Full-Time,Data Engineer,161800,USD,161800,US,Fully Remote,United States,M
2023,Senior-level,Full-Time,Data Analyst,78000,USD,78000,US,Fully Remote,United States,L
2023,Mid-level,Full-Time,Data Engineer,70000,GBP,86128,GB,Fully Remote,United Kingdom,M
2023,Senior-level,Full-Time,Data Analyst,125000,USD,125000,US,Fully Remote,United States,M
2023,Executive-level,Full-Time,Data Engineer,146000,USD,146000,US,On-site,United States,M
2023,Senior-level,Full-Time,Data Engineer,145000,USD,145000,US,On-site,United States,M
2024,Senior-level,Full-Time,Data Analyst,96600,USD,96600,US,On-site,United States,M
2023,Mid-level,Full-Time,Data Scientist,120000,USD,120000,US,Fully Remote,United States,M
2024,Senior-level,Full-Time,Data Engineer,210000,USD,210000,US,Fully Remote,United States,M
2024,Senior-level,Full-Time,Machine Learning Engineer,85000,USD,85000,AR,Fully Remote,Argentina,M
2023,Senior-level,Full-Time,Data Scientist,239900,USD,239900,US,Fully Remote,United States,M
2023,Senior-level,Full-Time,Business Intelligence,202800,USD,202800,US,On-site,United States,L
2024,Senior-level,Full-Time,Data Analyst,100000,USD,100000,US,On-site,United States,M
2023,Mid-level,Full-Time,Business Intelligence,185000,USD,185000,US,On-site,United States,L
2023,Senior-level,Full-Time,Data Scientist,135000,USD,135000,US,Fully Remote,United States,M
2023,Senior-level,Full-Time,Data Analyst,112655,USD,112655,US,On-site,United States,M
2024,Mid-level,Full-Time,Business Intelligence,100000,USD,100000,US,On-site,United States,M
2023,Senior-level,Full-Time,Data Scientist,200000,USD,200000,US,Fully Remote,United States,M
2023,Senior-level,Full-Time,Data Scientist,224800,USD,224800,US,On-site,United States,M
2023,Senior-level,Full-Time,Machine Learning Engineer,163800,USD,163800,US,On-site,United States,M
2023,Senior-level,Full-Time,Data Analyst,110600,USD,110600,US,On-site,United States,M
2022,Senior-level,Full-Time,Machine Learning Engineer,192000,USD,192000,US,Fully Remote,United States,M
2024,Senior-level,Full-Time,Machine Learning Engineer,210000,USD,210000,US,On-site,United States,M
2024,Mid-level,Full-Time,Business Intelligence,165600,USD,165600,US,On-site,United States,L
2023,Senior-level,Full-Time,Data Scientist,130000,USD,130000,US,Fully Remote,United States,M
2024,Entry-level/Junior,Full-Time,Data Researcher,300000,USD,300000,US,Fully Remote,United States,M
2023,Mid-level,Full-Time,Data Analyst,100000,USD,100000,US,Fully Remote,United States,M
2023,Senior-level,Full-Time,Machine Learning Engineer,218540,USD,218540,US,On-site,United States,M
2022,Mid-level,Full-Time,Data Scientist,107000,GBP,131752,GB,Fully Remote,United Kingdom,M
2023,Senior-level,Full-Time,Business Intelligence,79600,USD,79600,US,On-site,United States,L
2023,Senior-level,Full-Time,Data Scientist,136000,USD,136000,US,On-site,United States,L
2023,Mid-level,Full-Time,Data Analyst,167000,USD,167000,US,On-site,United States,M
2024,Senior-level,Full-Time,Data Engineer,135000,USD,135000,US,On-site,United States,M
2023,Senior-level,Full-Time,Machine Learning Engineer,208450,USD,208450,US,On-site,United States,M
2023,Senior-level,Full-Time,Data Scientist,160000,USD,160000,US,On-site,United States,M
2024,Entry-level/Junior,Full-Time,Data Researcher,80000,USD,80000,US,On-site,United States,M
2022,Senior-level,Full-Time,Data Scientist,140000,USD,140000,US,On-site,United States,M
2023,Mid-level,Full-Time,Machine Learning Engineer,175000,USD,175000,US,Fully Remote,United States,M
2023,Senior-level,Full-Time,Data Engineer,95000,USD,95000,CA,Fully Remote,Canada,M
2023,Senior-level,Full-Time,Data Scientist,36000,EUR,38868,ES,On-site,Spain,M
2023,Mid-level,Full-Time,Business Intelligence,128000,USD,128000,US,On-site,United States,M
2023,Senior-level,Full-Time,Data Scientist,260000,USD,260000,US,On-site,United States,L
2023,Senior-level,Full-Time,Machine Learning Engineer,250000,USD,250000,US,On-site,United States,M
2024,Senior-level,Full-Time,Data Scientist,125000,USD,125000,US,On-site,United States,M
2024,Senior-level,Full-Time,Data Scientist,149200,USD,149200,US,On-site,United States,M
2024,Senior-level,Full-Time,Data Researcher,245400,USD,245400,US,On-site,United States,M
2023,Senior-level,Full-Time,Data Researcher,150000,USD,150000,US,On-site,United States,M
2023,Mid-level,Full-Time,Machine Learning Engineer,165000,USD,165000,US,On-site,United States,M
2023,Mid-level,Full-Time,Data Engineer,112000,USD,112000,US,On-site,United States,M
2024,Senior-level,Full-Time,Data Engineer,128656,USD,128656,US,On-site,United States,M
2023,Senior-level,Full-Time,Data Architect,153000,USD,153000,US,Fully Remote,United States,M
2023,Senior-level,Full-Time,Data Scientist,239000,USD,239000,US,On-site,United States,M
2021,Mid-level,Full-Time,Data Engineer,112000,USD,112000,US,Fully Remote,United States,L
2024,Senior-level,Full-Time,Data Scientist,247600,USD,247600,US,On-site,United States,L
2023,Executive-level,Full-Time,Data Analyst,155000,USD,155000,US,On-site,United States,M
2023,Senior-level,Full-Time,Data Scientist,122000,USD,122000,US,On-site,United States,M
2020,Mid-level,Full-Time,Data Analyst,135000,USD,135000,US,Fully Remote,United States,L
2023,Senior-level,Full-Time,Data Scientist,240350,USD,240350,US,Fully Remote,United States,M
2024,Senior-level,Full-Time,Machine Learning Engineer,153040,USD,153040,US,On-site,United States,M
2023,Mid-level,Full-Time,Data Scientist,136000,USD,136000,US,On-site,United States,L
2024,Senior-level,Full-Time,Data Analyst,88670,USD,88670,US,On-site,United States,M
2023,Senior-level,Full-Time,Machine Learning Engineer,204500,USD,204500,US,On-site,United States,M
2024,Senior-level,Full-Time,Data Scientist,179000,USD,179000,US,On-site,United States,M
2024,Mid-level,Full-Time,Business Intelligence,185000,USD,185000,US,On-site,United States,L
2023,Senior-level,Full-Time,Machine Learning Engineer,170045,USD,170045,US,On-site,United States,M
2023,Senior-level,Full-Time,Data Scientist,144000,USD,144000,US,On-site,United States,M
2023,Senior-level,Full-Time,Data Scientist,136000,USD,136000,US,Fully Remote,United States,M
2024,Mid-level,Full-Time,Data Analyst,77280,USD,77280,US,On-site,United States,M
2023,Senior-level,Full-Time,Data Scientist,167441,USD,167441,US,Fully Remote,United States,M
2024,Senior-level,Full-Time,Data Analyst,96000,USD,96000,US,On-site,United States,M
2023,Senior-level,Full-Time,Business Intelligence,167500,USD,167500,US,On-site,United States,M
2023,Senior-level,Full-Time,Data Scientist,45000,EUR,48585,ES,On-site,Spain,M
2024,Mid-level,Full-Time,Machine Learning Engineer,150000,USD,150000,US,On-site,United States,M
2023,Executive-level,Full-Time,Data Scientist,200000,USD,200000,US,On-site,United States,M
2022,Senior-level,Full-Time,Data Analyst,115934,USD,115934,US,Fully Remote,United States,M
2023,Senior-level,Full-Time,Data Engineer,289120,USD,289120,US,On-site,United States,M
2023,Senior-level,Full-Time,Data Engineer,160000,USD,160000,US,On-site,United States,M
2024,Mid-level,Full-Time,Business Intelligence,158000,USD,158000,US,On-site,United States,M
2023,Senior-level,Full-Time,Data Engineer,145000,USD,145000,US,On-site,United States,M
2023,Senior-level,Full-Time,Data Scientist,212750,USD,212750,US,Fully Remote,United States,M
2023,Senior-level,Full-Time,Data Scientist,138750,USD,138750,US,Fully Remote,United States,M
2023,Mid-level,Full-Time,Data Analyst,60000,USD,60000,US,On-site,United States,M
2023,Senior-level,Full-Time,Data Engineer,162000,USD,162000,US,Fully Remote,United States,M
2024,Senior-level,Full-Time,Data Researcher,237650,USD,237650,US,On-site,United States,M
2023,Mid-level,Full-Time,Data Analyst,65000,GBP,79976,GB,Fully Remote,United Kingdom,M
2023,Entry-level/Junior,Full-Time,Data Engineer,220000,USD,220000,US,On-site,United States,M
2024,Mid-level,Full-Time,Data Scientist,127500,USD,127500,US,Fully Remote,United States,M
2023,Senior-level,Full-Time,Data Scientist,156400,USD,156400,US,Fully Remote,United States,M
2023,Senior-level,Full-Time,Machine Learning Engineer,170000,USD,170000,US,On-site,United States,M
2022,Mid-level,Full-Time,Data Analyst,52500,USD,52500,US,On-site,United States,M
2023,Senior-level,Full-Time,Data Scientist,173200,USD,173200,US,On-site,United States,M
2023,Senior-level,Full-Time,Data Engineer,144000,USD,144000,CA,Fully Remote,Canada,M
2022,Senior-level,Full-Time,Data Scientist,136620,USD,136620,US,Fully Remote,United States,M
2023,Senior-level,Full-Time,Data Scientist,136000,USD,136000,US,On-site,United States,L
2022,Senior-level,Full-Time,Data Architect,135000,USD,135000,US,Fully Remote,United States,M
2023,Senior-level,Full-Time,Data Analyst,62000,USD,62000,US,On-site,United States,M
2024,Executive-level,Full-Time,Data Engineer,136000,USD,136000,US,Fully Remote,United States,M
2022,Senior-level,Full-Time,Data Scientist,141525,USD,141525,US,Fully Remote,United States,M
2024,Senior-level,Full-Time,Data Analyst,117725,USD,117725,US,Fully Remote,United States,M
2022,Senior-level,Full-Time,Data Engineer,105000,USD,105000,US,Fully Remote,United States,M
2022,Mid-level,Full-Time,Data Scientist,78000,USD,78000,US,Fully Remote,United States,M
2023,Senior-level,Full-Time,Data Analyst,110000,USD,110000,US,Fully Remote,United States,M
2023,Senior-level,Full-Time,Machine Learning Engineer,309000,USD,309000,US,On-site,United States,M
2023,Mid-level,Full-Time,Data Analyst,250000,USD,250000,US,On-site,United States,M
2024,Senior-level,Full-Time,Data Scientist,64000,GBP,80000,US,On-site,United States,M
2024,Senior-level,Full-Time,Data Engineer,204300,USD,204300,US,On-site,United States,M
2023,Mid-level,Full-Time,Data Engineer,202400,USD,202400,US,On-site,United States,M
2024,Senior-level,Full-Time,Data Engineer,180000,USD,180000,US,On-site,United States,M
2020,Senior-level,Full-Time,Data Scientist,164000,USD,164000,US,Hybrid,United States,M
2023,Senior-level,Full-Time,Data Engineer,120000,USD,120000,US,On-site,United States,M
2024,Mid-level,Full-Time,Data Analyst,88000,USD,88000,US,On-site,United States,M
2024,Executive-level,Full-Time,Machine Learning Engineer,233500,USD,233500,US,On-site,United States,M
2024,Senior-level,Full-Time,Data Scientist,175000,USD,175000,US,On-site,United States,M
2023,Mid-level,Full-Time,Data Engineer,151410,USD,151410,US,On-site,United States,M
2023,Senior-level,Full-Time,Data Engineer,129000,USD,129000,US,On-site,United States,M
2023,Senior-level,Full-Time,Data Analyst,1300000,INR,15809,IN,Fully Remote,India,S
2023,Senior-level,Full-Time,Machine Learning Engineer,132600,USD,132600,US,On-site,United States,M
2023,Mid-level,Full-Time,Data Engineer,149600,USD,149600,US,On-site,United States,M
2022,Senior-level,Full-Time,Data Engineer,275000,USD,275000,US,Fully Remote,United States,M
2023,Senior-level,Full-Time,Business Intelligence,140000,USD,140000,CA,Fully Remote,Canada,M
2023,Senior-level,Full-Time,Machine Learning Engineer,142200,USD,142200,US,On-site,United States,M
2024,Mid-level,Full-Time,Data Analyst,65000,USD,65000,US,On-site,United States,M
2023,Senior-level,Full-Time,Data Scientist,136000,USD,136000,US,On-site,United States,L
2024,Mid-level,Full-Time,Data Engineer,70000,USD,70000,US,On-site,United States,M
2023,Senior-level,Full-Time,Data Engineer,160000,USD,160000,CA,Fully Remote,Canada,M
2023,Senior-level,Full-Time,Data Analyst,51962,USD,51962,US,On-site,United States,M
2022,Senior-level,Full-Time,Data Scientist,88100,USD,88100,US,On-site,United States,M
2023,Senior-level,Full-Time,Data Engineer,96000,USD,96000,US,Fully Remote,United States,M
2023,Senior-level,Full-Time,Data Researcher,225000,USD,225000,US,On-site,United States,M
2023,Senior-level,Full-Time,Data Engineer,139400,USD,139400,US,On-site,United States,M
2023,Senior-level,Full-Time,Data Researcher,225000,USD,225000,US,On-site,United States,M
2022,Senior-level,Full-Time,Data Analyst,150000,USD,150000,US,Fully Remote,United States,M
2024,Entry-level/Junior,Full-Time,Data Analyst,90300,USD,90300,US,On-site,United States,M
2023,Mid-level,Full-Time,Data Management,109000,USD,109000,US,On-site,United States,M
2023,Senior-level,Full-Time,Data Scientist,212000,USD,212000,US,On-site,United States,M
2023,Senior-level,Full-Time,Data Scientist,164000,USD,164000,US,Fully Remote,United States,M
2023,Senior-level,Full-Time,Data Analyst,128500,USD,128500,US,On-site,United States,M
2024,Mid-level,Full-Time,Data Engineer,210000,USD,210000,US,On-site,United States,M
2022,Senior-level,Full-Time,Data Engineer,177600,USD,177600,US,Fully Remote,United States,L
2024,Mid-level,Full-Time,Business Intelligence,65800,USD,65800,US,On-site,United States,L
2021,Mid-level,Full-Time,Data Analyst,75000,USD,75000,US,On-site,United States,L
2024,Mid-level,Full-Time,Data Scientist,166000,USD,166000,US,On-site,United States,M
2023,Senior-level,Full-Time,Business Intelligence,225000,USD,225000,US,On-site,United States,M
2022,Entry-level/Junior,Full-Time,Machine Learning Engineer,63000,EUR,66192,DE,Hybrid,Germany,L
2023,Senior-level,Full-Time,Machine Learning Engineer,275000,USD,275000,US,On-site,United States,M
2024,Senior-level,Full-Time,Data Engineer,38000,GBP,47500,GB,Fully Remote,United Kingdom,M
2021,Mid-level,Full-Time,Data Engineer,48000,GBP,66022,HK,Hybrid,United Kingdom,S
2023,Mid-level,Full-Time,Data Engineer,45000,EUR,48585,SI,Fully Remote,Slovenia,M
2024,Senior-level,Full-Time,Data Scientist,130000,USD,130000,US,On-site,United States,M
2023,Senior-level,Full-Time,Data Scientist,130000,USD,130000,US,On-site,United States,M
2023,Senior-level,Full-Time,Data Scientist,260000,USD,260000,US,On-site,United States,L
2022,Senior-level,Full-Time,Data Scientist,129300,USD,129300,US,On-site,United States,M
2024,Senior-level,Full-Time,Data Analyst,115000,USD,115000,US,On-site,United States,M
2023,Senior-level,Full-Time,Data Scientist,168400,USD,168400,US,On-site,United States,M
2024,Senior-level,Full-Time,Business Intelligence,156476,USD,156476,US,Fully Remote,United States,M
2024,Mid-level,Full-Time,Data Analyst,61800,USD,61800,US,Fully Remote,United States,M
2024,Mid-level,Full-Time,Data Scientist,161875,USD,161875,US,On-site,United States,M
2024,Mid-level,Full-Time,Data Engineer,121800,USD,121800,US,On-site,United States,M
2023,Executive-level,Full-Time,Data Management,269600,USD,269600,US,Fully Remote,United States,M
2021,Entry-level/Junior,Full-Time,Data Scientist,80000,GBP,110037,GB,On-site,United Kingdom,L
2024,Senior-level,Full-Time,Machine Learning Engineer,315000,USD,315000,US,Fully Remote,United States,M
2023,Mid-level,Full-Time,Data Scientist,142200,USD,142200,US,On-site,United States,M
2023,Senior-level,Full-Time,Machine Learning Engineer,266500,USD,266500,US,On-site,United States,M
2024,Entry-level/Junior,Full-Time,Data Engineer,45600,EUR,50666,LT,On-site,Lithuania,M
2024,Mid-level,Full-Time,Data Engineer,75000,USD,75000,US,Fully Remote,United States,M
2023,Senior-level,Full-Time,Data Engineer,203100,USD,203100,US,On-site,United States,M
2022,Mid-level,Full-Time,Data Engineer,100000,USD,100000,US,Fully Remote,United States,M
2022,Mid-level,Full-Time,Data Scientist,54000,USD,54000,BR,Fully Remote,Brazil,M
2023,Senior-level,Full-Time,Data Engineer,160000,USD,160000,US,Fully Remote,United States,M
2024,Mid-level,Full-Time,Data Engineer,121000,USD,121000,US,On-site,United States,M
2023,Mid-level,Full-Time,Data Scientist,55000,USD,55000,US,On-site,United States,M
2023,Senior-level,Full-Time,Data Analyst,115934,USD,115934,US,Fully Remote,United States,M
2023,Mid-level,Full-Time,Data Analyst,85000,USD,85000,US,On-site,United States,M
2023,Mid-level,Full-Time,Data Scientist,116000,USD,116000,US,On-site,United States,M
2023,Senior-level,Full-Time,Data Engineer,110000,USD,110000,CA,On-site,Canada,M
2023,Senior-level,Full-Time,Data Scientist,138600,USD,138600,US,On-site,United States,M
2022,Senior-level,Full-Time,Data Scientist,198440,USD,198440,US,Fully Remote,United States,M
2022,Senior-level,Full-Time,Machine Learning Engineer,66000,EUR,69344,PT,Fully Remote,Portugal,L
2023,Mid-level,Full-Time,Data Analyst,58500,USD,58500,US,On-site,United States,M
2023,Entry-level/Junior,Full-Time,Data Scientist,150000,USD,150000,US,On-site,United States,M
2022,Senior-level,Full-Time,Data Engineer,85000,USD,85000,US,Fully Remote,United States,M
2024,Senior-level,Full-Time,Data Scientist,92300,USD,92300,US,On-site,United States,M
2024,Senior-level,Full-Time,Data Researcher,85469,USD,85469,US,Fully Remote,United States,M
2024,Mid-level,Full-Time,Data Engineer,85000,GBP,106250,GB,On-site,United Kingdom,M
2023,Senior-level,Full-Time,Data Engineer,120000,USD,120000,US,On-site,United States,M
2024,Executive-level,Full-Time,Data Engineer,163500,USD,163500,US,On-site,United States,M
2022,Senior-level,Full-Time,Data Engineer,35000,GBP,43096,GB,Fully Remote,United Kingdom,M
2024,Senior-level,Full-Time,Machine Learning Engineer,255800,USD,255800,US,On-site,United States,M
2022,Mid-level,Full-Time,Data Engineer,100000,USD,100000,US,Fully Remote,United States,M
2024,Mid-level,Full-Time,Data Scientist,112000,USD,112000,US,On-site,United States,M
2023,Mid-level,Full-Time,Data Analyst,150000,USD,150000,US,On-site,United States,M
2023,Mid-level,Full-Time,Data Scientist,120000,USD,120000,US,On-site,United States,M
2023,Mid-level,Full-Time,Data Scientist,192000,USD,192000,US,On-site,United States,M
2022,Mid-level,Full-Time,Data Engineer,120000,USD,120000,US,On-site,United States,M
2024,Entry-level/Junior,Full-Time,Data Analyst,74300,USD,74300,US,On-site,United States,M
2023,Senior-level,Full-Time,Machine Learning Engineer,323300,USD,323300,US,On-site,United States,M
2023,Mid-level,Full-Time,Machine Learning Engineer,287500,USD,287500,AU,On-site,Australia,M
2024,Senior-level,Full-Time,Data Scientist,112000,USD,112000,US,On-site,United States,M
2024,Senior-level,Full-Time,Data Engineer,207300,USD,207300,US,On-site,United States,M
2023,Senior-level,Full-Time,Data Researcher,157000,USD,157000,US,On-site,United States,M
2023,Mid-level,Full-Time,Machine Learning Engineer,175000,USD,175000,US,On-site,United States,M
2023,Mid-level,Full-Time,Data Scientist,115000,USD,115000,US,Fully Remote,United States,M
2024,Entry-level/Junior,Full-Time,Data Analyst,50490,EUR,56100,NL,On-site,Netherlands,M
2024,Senior-level,Full-Time,Data Scientist,210000,USD,210000,US,On-site,United States,M
2023,Senior-level,Full-Time,Data Engineer,160000,USD,160000,US,Fully Remote,United States,M
2023,Mid-level,Full-Time,Data Scientist,55000,USD,55000,US,On-site,United States,M
2023,Senior-level,Full-Time,Data Scientist,175000,USD,175000,US,Fully Remote,United States,M
2023,Senior-level,Full-Time,Data Scientist,197000,USD,197000,CA,On-site,Canada,M
2023,Senior-level,Full-Time,Data Scientist,100000,USD,100000,US,On-site,United States,M
2021,Mid-level,Full-Time,Data Scientist,30000,USD,30000,GH,On-site,Ghana,S
2023,Senior-level,Full-Time,Data Scientist,310270,USD,310270,US,On-site,United States,M
2024,Senior-level,Full-Time,Data Engineer,150000,USD,150000,US,On-site,United States,M
2024,Senior-level,Full-Time,Data Scientist,243000,USD,243000,US,On-site,United States,M
2023,Entry-level/Junior,Full-Time,Data Analyst,150000,USD,150000,US,On-site,United States,M
2022,Mid-level,Full-Time,Data Scientist,75000,GBP,92350,GB,On-site,United Kingdom,M
2023,Senior-level,Full-Time,Machine Learning Engineer,238000,USD,238000,US,Fully Remote,United States,M
2024,Senior-level,Full-Time,Machine Learning Engineer,235000,USD,235000,US,On-site,United States,M
2024,Senior-level,Full-Time,Machine Learning Engineer,70000,EUR,77777,FI,Hybrid,Finland,L
2024,Senior-level,Full-Time,Machine Learning Engineer,180000,USD,180000,US,On-site,United States,M
2023,Senior-level,Full-Time,Data Engineer,291500,USD,291500,US,On-site,United States,M
2024,Senior-level,Full-Time,Machine Learning Engineer,110000,GBP,137500,GB,On-site,United Kingdom,S
2023,Mid-level,Full-Time,Data Analyst,206000,USD,206000,US,On-site,United States,M
2023,Senior-level,Full-Time,Data Scientist,136000,USD,136000,US,On-site,United States,L
2022,Mid-level,Full-Time,Data Scientist,55000,GBP,67723,GB,On-site,United Kingdom,M
2023,Senior-level,Full-Time,Machine Learning Engineer,204000,USD,204000,US,On-site,United States,M
2023,Senior-level,Full-Time,Data Scientist,260000,USD,260000,US,On-site,United States,L
2024,Senior-level,Full-Time,Machine Learning Engineer,129000,USD,129000,US,On-site,United States,M
2023,Senior-level,Full-Time,Data Management,225000,USD,225000,US,On-site,United States,M
2023,Senior-level,Full-Time,Data Scientist,159100,USD,159100,US,On-site,United States,L
2022,Senior-level,Full-Time,Data Analyst,113000,USD,113000,US,Fully Remote,United States,M
2022,Mid-level,Full-Time,Data Analyst,100000,USD,100000,US,Fully Remote,United States,M
2024,Executive-level,Full-Time,Data Scientist,220000,USD,220000,US,Fully Remote,United States,M
2024,Mid-level,Full-Time,Data Engineer,205600,USD,205600,US,On-site,United States,L
2024,Senior-level,Full-Time,Machine Learning Engineer,170000,USD,170000,US,Fully Remote,United States,M
2023,Senior-level,Full-Time,Data Scientist,205000,USD,205000,US,Fully Remote,United States,M
2023,Executive-level,Full-Time,Data Management,70000,USD,70000,US,On-site,United States,M
2024,Senior-level,Full-Time,Data Engineer,135000,USD,135000,US,Fully Remote,United States,M
2023,Senior-level,Full-Time,Data Analyst,157500,USD,157500,US,Fully Remote,United States,M
2023,Senior-level,Full-Time,Data Management,130000,USD,130000,US,On-site,United States,M
2023,Senior-level,Full-Time,Data Engineer,126900,USD,126900,US,On-site,United States,M
2023,Senior-level,Full-Time,Data Scientist,230000,USD,230000,US,Fully Remote,United States,M
2024,Entry-level/Junior,Full-Time,Data Researcher,219000,USD,219000,US,On-site,United States,M
2024,Mid-level,Full-Time,Data Scientist,136000,USD,136000,US,On-site,United States,L
2024,Mid-level,Full-Time,Data Scientist,166000,USD,166000,US,On-site,United States,M
2023,Senior-level,Full-Time,Data Scientist,180000,USD,180000,US,Fully Remote,United States,M
2022,Senior-level,Full-Time,Data Engineer,106800,USD,106800,US,On-site,United States,M
2023,Senior-level,Full-Time,Data Scientist,192000,USD,192000,US,Fully Remote,United States,M
2023,Senior-level,Full-Time,Data Engineer,101570,USD,101570,US,Fully Remote,United States,M
2023,Senior-level,Full-Time,Machine Learning Engineer,331640,USD,331640,US,On-site,United States,M
2023,Senior-level,Full-Time,Data Researcher,175000,USD,175000,US,On-site,United States,M
2023,Senior-level,Full-Time,Data Scientist,245100,USD,245100,US,On-site,United States,M
2023,Senior-level,Full-Time,Business Intelligence,79600,USD,79600,US,On-site,United States,L
2021,Senior-level,Full-Time,Machine Learning Engineer,185000,USD,185000,US,Hybrid,United States,M
2023,Senior-level,Full-Time,Data Engineer,145000,USD,145000,US,On-site,United States,M
2024,Entry-level/Junior,Full-Time,Data Analyst,63000,USD,63000,US,On-site,United States,M
2024,Mid-level,Full-Time,Data Scientist,106500,USD,106500,US,On-site,United States,M
2023,Senior-level,Full-Time,Data Scientist,238000,USD,238000,CA,Fully Remote,Canada,M
2024,Mid-level,Full-Time,Data Analyst,195600,USD,195600,US,Fully Remote,United States,M
2023,Senior-level,Full-Time,Data Engineer,155000,USD,155000,US,On-site,United States,M
2024,Senior-level,Full-Time,Data Management,140000,USD,140000,US,On-site,United States,M
2023,Senior-level,Full-Time,Data Engineer,170000,USD,170000,US,On-site,United States,M
2023,Entry-level/Junior,Full-Time,Data Researcher,43500,USD,43500,US,Fully Remote,United States,M
2024,Mid-level,Full-Time,Data Engineer,110000,USD,110000,US,On-site,United States,M
2022,Senior-level,Full-Time,Data Analyst,127000,USD,127000,US,Fully Remote,United States,M
2023,Mid-level,Full-Time,Data Scientist,100000,GBP,123040,GB,On-site,United Kingdom,M
2024,Senior-level,Full-Time,Data Engineer,60000,EUR,66666,PL,Fully Remote,Poland,M
2023,Senior-level,Full-Time,Data Scientist,228000,USD,228000,US,On-site,United States,M
2023,Mid-level,Full-Time,Data Analyst,72400,USD,72400,GB,On-site,United Kingdom,M
2022,Senior-level,Full-Time,Data Architect,192564,USD,192564,US,Fully Remote,United States,M
2022,Senior-level,Full-Time,Data Engineer,195700,USD,195700,US,On-site,United States,M
2024,Entry-level/Junior,Full-Time,Machine Learning Engineer,125000,USD,125000,US,On-site,United States,M
2023,Senior-level,Full-Time,Data Scientist,220000,USD,220000,US,On-site,United States,M
2023,Senior-level,Full-Time,Data Researcher,303050,USD,303050,US,On-site,United States,M
2024,Executive-level,Full-Time,Machine Learning Engineer,245000,USD,245000,US,On-site,United States,M
2023,Senior-level,Full-Time,Data Engineer,213600,USD,213600,US,On-site,United States,M
2022,Mid-level,Full-Time,Data Analyst,80000,USD,80000,US,On-site,United States,M
2024,Senior-level,Full-Time,Data Researcher,500000,USD,500000,US,Fully Remote,United States,M
2024,Mid-level,Full-Time,Data Scientist,54552,USD,54552,US,On-site,United States,M
2023,Senior-level,Full-Time,Data Analyst,100000,USD,100000,US,On-site,United States,M
2022,Senior-level,Full-Time,Machine Learning Engineer,204500,USD,204500,US,On-site,United States,M
2022,Mid-level,Full-Time,Machine Learning Engineer,130000,USD,130000,US,On-site,United States,M
2023,Senior-level,Full-Time,Machine Learning Engineer,142200,USD,142200,US,On-site,United States,M
2022,Senior-level,Full-Time,Machine Learning Engineer,65000,USD,65000,AE,Fully Remote,United Arab Emirates,S
2024,Mid-level,Full-Time,Data Engineer,80420,USD,80420,US,On-site,United States,M
2023,Senior-level,Full-Time,Data Engineer,185000,USD,185000,US,On-site,United States,M
2023,Senior-level,Full-Time,Data Scientist,211000,USD,211000,US,Fully Remote,United States,M
2023,Senior-level,Full-Time,Machine Learning Engineer,247500,USD,247500,US,On-site,United States,M
2022,Senior-level,Full-Time,Machine Learning Engineer,210000,USD,210000,US,Fully Remote,United States,M
2023,Mid-level,Full-Time,Machine Learning Engineer,200000,USD,200000,US,On-site,United States,S
2023,Senior-level,Full-Time,Data Researcher,202350,USD,202350,US,On-site,United States,M
2023,Senior-level,Full-Time,Data Analyst,121600,USD,121600,US,Fully Remote,United States,M
2024,Mid-level,Full-Time,Data Engineer,150000,USD,150000,US,Fully Remote,United States,M
2023,Senior-level,Full-Time,Data Scientist,231250,USD,231250,US,Fully Remote,United States,M
2023,Senior-level,Full-Time,Data Scientist,120000,USD,120000,US,On-site,United States,M
2022,Senior-level,Full-Time,Data Engineer,140250,USD,140250,US,Fully Remote,United States,M
2023,Senior-level,Full-Time,Data Scientist,172758,USD,172758,US,Fully Remote,United States,M
2024,Mid-level,Full-Time,Data Scientist,90500,USD,90500,US,Fully Remote,United States,M
2024,Senior-level,Full-Time,Data Scientist,105000,USD,105000,US,Fully Remote,United States,M
2023,Senior-level,Full-Time,Data Analyst,127075,USD,127075,US,Fully Remote,United States,M
2023,Senior-level,Full-Time,Data Analyst,50000,GBP,61520,GB,On-site,United Kingdom,M
2023,Senior-level,Full-Time,Data Researcher,323300,USD,323300,US,On-site,United States,M
2022,Senior-level,Full-Time,Data Scientist,205000,USD,205000,US,On-site,United States,M
2023,Mid-level,Full-Time,Business Intelligence,185000,USD,185000,US,On-site,United States,M
2023,Senior-level,Full-Time,Data Engineer,167000,USD,167000,US,On-site,United States,M
2023,Senior-level,Full-Time,Data Scientist,207900,USD,207900,US,On-site,United States,M
2023,Senior-level,Full-Time,Machine Learning Engineer,238000,USD,238000,US,On-site,United States,M
2023,Senior-level,Full-Time,Machine Learning Engineer,221000,USD,221000,US,On-site,United States,M
2023,Entry-level/Junior,Full-Time,Data Analyst,26800,GBP,32974,GB,On-site,United Kingdom,M
2024,Senior-level,Full-Time,Data Analyst,153900,USD,153900,US,On-site,United States,M
2023,Mid-level,Full-Time,Machine Learning Engineer,230000,USD,230000,US,On-site,United States,M
2023,Entry-level/Junior,Full-Time,Data Analyst,115000,USD,115000,US,On-site,United States,M
2024,Mid-level,Full-Time,Data Operation,75000,GBP,93750,GB,Fully Remote,United Kingdom,M
2024,Senior-level,Full-Time,Business Intelligence,78800,USD,78800,US,Fully Remote,United States,M
2023,Senior-level,Full-Time,Data Analyst,150000,USD,150000,US,Fully Remote,United States,M
2023,Mid-level,Full-Time,Data Engineer,140000,USD,140000,US,On-site,United States,M
2023,Senior-level,Full-Time,Data Analyst,95000,USD,95000,US,Fully Remote,United States,M
2023,Senior-level,Full-Time,Data Scientist,196000,USD,196000,US,On-site,United States,M
2024,Senior-level,Full-Time,Data Scientist,220000,USD,220000,US,On-site,United States,M
2023,Mid-level,Full-Time,Data Scientist,136000,USD,136000,US,On-site,United States,L
2023,Senior-level,Full-Time,Machine Learning Engineer,204500,USD,204500,US,On-site,United States,M
2023,Senior-level,Full-Time,Data Engineer,145000,USD,145000,US,On-site,United States,M
2023,Mid-level,Full-Time,Data Scientist,121000,AUD,81838,AU,Fully Remote,Australia,L
2023,Senior-level,Full-Time,Data Architect,180000,USD,180000,US,On-site,United States,M
2023,Mid-level,Full-Time,Data Analyst,95400,USD,95400,US,Fully Remote,United States,M
2023,Mid-level,Full-Time,Data Analyst,120000,USD,120000,US,Fully Remote,United States,M
2023,Senior-level,Full-Time,Data Analyst,75000,USD,75000,US,Fully Remote,United States,M
2023,Senior-level,Full-Time,Data Analyst,192300,USD,192300,US,Fully Remote,United States,M
2024,Entry-level/Junior,Full-Time,Data Researcher,115000,USD,115000,US,Fully Remote,United States,M
2021,Senior-level,Full-Time,Data Scientist,152000,USD,152000,US,Fully Remote,France,L
2022,Senior-level,Full-Time,Data Analyst,112900,USD,112900,US,Fully Remote,United States,M
2023,Senior-level,Full-Time,Data Scientist,95100,USD,95100,US,Fully Remote,United States,M
2023,Mid-level,Full-Time,Data Scientist,107682,USD,107682,US,On-site,United States,M
2023,Senior-level,Full-Time,Machine Learning Engineer,186000,USD,186000,US,On-site,United States,M
2024,Senior-level,Full-Time,Data Architect,110000,USD,110000,US,On-site,United States,M
2023,Mid-level,Full-Time,Data Engineer,103000,USD,103000,US,On-site,United States,M
2023,Mid-level,Full-Time,Machine Learning Engineer,73100,USD,73100,US,On-site,United States,M
2023,Mid-level,Full-Time,Data Researcher,100000,USD,100000,US,Fully Remote,United States,M
2024,Mid-level,Full-Time,Data Researcher,128000,USD,128000,US,On-site,United States,M
2023,Senior-level,Full-Time,Data Engineer,126000,USD,126000,US,On-site,United States,M
2023,Executive-level,Full-Time,Data Engineer,94000,USD,94000,US,On-site,United States,M
2024,Senior-level,Full-Time,Data Engineer,100000,GBP,125000,GB,On-site,United Kingdom,M
2024,Senior-level,Full-Time,Business Intelligence,148300,USD,148300,US,On-site,United States,M
2023,Senior-level,Full-Time,Data Scientist,45000,EUR,48585,ES,On-site,Spain,M
2024,Senior-level,Full-Time,Data Engineer,200000,USD,200000,US,On-site,United States,M
2024,Senior-level,Full-Time,Machine Learning Engineer,287500,USD,287500,US,On-site,United States,M
2024,Mid-level,Full-Time,Data Engineer,58300,USD,58300,US,On-site,United States,M
2023,Mid-level,Full-Time,Data Analyst,50000,USD,50000,US,Fully Remote,United States,M
2023,Senior-level,Full-Time,Data Scientist,120000,USD,120000,US,On-site,United States,M
2023,Senior-level,Full-Time,Data Scientist,220000,USD,220000,US,On-site,United States,M
2023,Senior-level,Full-Time,Machine Learning Engineer,275000,USD,275000,DE,On-site,Germany,M
2023,Senior-level,Full-Time,Data Researcher,90700,USD,90700,US,On-site,United States,M
2023,Mid-level,Full-Time,Data Analyst,31200,EUR,33686,EE,On-site,Estonia,M
2023,Senior-level,Full-Time,Data Scientist,45000,EUR,48585,ES,On-site,Spain,M
2024,Senior-level,Full-Time,Data Scientist,81410,USD,81410,CA,On-site,Canada,M
2023,Entry-level/Junior,Full-Time,Data Engineer,44382,EUR,47918,NL,Hybrid,Netherlands,L
2024,Senior-level,Full-Time,Data Researcher,123765,USD,123765,US,Fully Remote,United States,M
2024,Mid-level,Full-Time,Data Scientist,116259,USD,116259,AU,On-site,Australia,M
2024,Mid-level,Full-Time,Machine Learning Engineer,260100,USD,260100,US,Fully Remote,United States,M
2023,Senior-level,Full-Time,Machine Learning Engineer,210200,USD,210200,US,Fully Remote,United States,M
2024,Senior-level,Full-Time,Data Researcher,440000,USD,440000,US,On-site,United States,M
2022,Senior-level,Full-Time,Data Scientist,120000,USD,120000,US,On-site,United States,M
2023,Senior-level,Full-Time,Data Engineer,254000,USD,254000,US,Fully Remote,United States,M
2024,Mid-level,Full-Time,Data Scientist,112000,USD,112000,US,On-site,United States,M
2023,Senior-level,Full-Time,Machine Learning Engineer,253000,USD,253000,US,Fully Remote,United States,M
2023,Senior-level,Full-Time,Machine Learning Engineer,204500,USD,204500,US,On-site,United States,M
2023,Senior-level,Full-Time,Machine Learning Engineer,204500,USD,204500,US,On-site,United States,M
2023,Senior-level,Full-Time,Business Intelligence,104300,USD,104300,US,On-site,United States,L
2023,Senior-level,Full-Time,Data Researcher,240000,USD,240000,US,Fully Remote,United States,M
2022,Mid-level,Full-Time,Data Analyst,150000,USD,150000,US,On-site,United States,M
2023,Senior-level,Full-Time,Machine Learning Engineer,109400,USD,109400,US,On-site,United States,M
2024,Senior-level,Full-Time,Data Researcher,245000,USD,245000,US,On-site,United States,M
2024,Senior-level,Full-Time,Data Developer,53300,USD,53300,US,On-site,United States,M
2024,Senior-level,Full-Time,Machine Learning Engineer,252000,USD,252000,US,On-site,United States,M
2023,Senior-level,Full-Time,Data Analyst,106800,USD,106800,US,On-site,United States,M
2024,Mid-level,Full-Time,Data Scientist,142500,USD,142500,US,Fully Remote,United States,M
2022,Entry-level/Junior,Full-Time,Data Engineer,160000,USD,160000,US,On-site,United States,M
2024,Mid-level,Full-Time,Data Scientist,144650,USD,144650,US,On-site,United States,M
2023,Senior-level,Full-Time,Business Intelligence,172200,USD,172200,US,On-site,United States,M
2024,Senior-level,Full-Time,Machine Learning Engineer,234700,USD,234700,US,On-site,United States,M
2023,Senior-level,Full-Time,Data Analyst,67000,USD,67000,US,Fully Remote,United States,M
2022,Senior-level,Full-Time,Data Scientist,160000,USD,160000,US,On-site,United States,L
2024,Senior-level,Full-Time,Data Scientist,226000,USD,226000,US,On-site,United States,M
2023,Senior-level,Full-Time,Data Engineer,214200,USD,214200,US,On-site,United States,M
2024,Senior-level,Full-Time,Data Scientist,242000,CAD,186153,CA,On-site,Canada,M
2024,Executive-level,Full-Time,Data Analyst,160000,USD,160000,US,On-site,United States,M
2023,Senior-level,Full-Time,Machine Learning Engineer,180000,USD,180000,US,On-site,United States,M
2024,Senior-level,Full-Time,Data Analyst,132974,USD,132974,US,On-site,United States,M
2023,Senior-level,Full-Time,Data Scientist,178000,USD,178000,US,Fully Remote,United States,M
2023,Senior-level,Full-Time,Data Engineer,214500,USD,214500,US,On-site,United States,M
2023,Mid-level,Full-Time,Data Scientist,42000,GBP,51676,GB,On-site,United Kingdom,M
2023,Senior-level,Full-Time,Data Engineer,220000,USD,220000,US,Fully Remote,United States,M
2023,Senior-level,Full-Time,Business Intelligence,100000,USD,100000,US,On-site,United States,M
2024,Senior-level,Full-Time,Business Intelligence,33966,GBP,42457,ZA,On-site,South Africa,M
2023,Executive-level,Full-Time,Data Scientist,258750,USD,258750,US,On-site,United States,M
2024,Senior-level,Full-Time,Machine Learning Engineer,200000,USD,200000,US,Fully Remote,United States,M
2023,Senior-level,Full-Time,Data Analyst,125000,USD,125000,US,On-site,United States,M
2024,Mid-level,Full-Time,Data Scientist,93300,USD,93300,US,On-site,United States,M
2022,Senior-level,Full-Time,Data Analyst,35000,EUR,36773,ES,On-site,Spain,M
2022,Senior-level,Full-Time,Data Engineer,138750,USD,138750,US,Fully Remote,United States,M
2024,Senior-level,Part-Time,Data Architect,212000,USD,212000,US,On-site,United States,M
2023,Senior-level,Full-Time,Data Architect,222000,USD,222000,US,Fully Remote,United States,M
2024,Executive-level,Full-Time,Data Engineer,219650,USD,219650,US,Fully Remote,United States,M
2023,Senior-level,Full-Time,Data Scientist,160000,USD,160000,US,Fully Remote,United States,M
2023,Senior-level,Full-Time,Data Management,105200,USD,105200,US,On-site,United States,M
2023,Senior-level,Full-Time,Data Engineer,275000,USD,275000,US,On-site,United States,M
2023,Senior-level,Full-Time,Machine Learning Engineer,138000,USD,138000,US,Fully Remote,United States,M
2023,Senior-level,Full-Time,Data Engineer,160000,USD,160000,US,Fully Remote,United States,M
2024,Senior-level,Full-Time,Data Engineer,240500,USD,240500,US,On-site,United States,L
2023,Senior-level,Full-Time,Data Analyst,166000,USD,166000,US,On-site,United States,M
2024,Senior-level,Full-Time,Data Researcher,159300,USD,159300,US,On-site,United States,M
2024,Senior-level,Full-Time,Data Analyst,134200,USD,134200,US,Fully Remote,United States,M
2023,Mid-level,Full-Time,Data Analyst,115000,USD,115000,US,Fully Remote,United States,M
2023,Senior-level,Full-Time,Data Scientist,308000,USD,308000,US,On-site,United States,M
2023,Senior-level,Full-Time,Data Scientist,180000,USD,180000,US,Fully Remote,United States,M
2023,Senior-level,Full-Time,Data Analyst,130000,USD,130000,US,Fully Remote,United States,M
2023,Senior-level,Full-Time,Data Architect,206000,USD,206000,US,On-site,United States,M
2023,Senior-level,Full-Time,Data Architect,150000,USD,150000,US,On-site,United States,M
2021,Entry-level/Junior,Full-Time,Machine Learning Engineer,81000,USD,81000,US,Hybrid,United States,S
2022,Mid-level,Full-Time,Data Scientist,140000,GBP,172386,GB,On-site,United Kingdom,M
2022,Senior-level,Full-Time,Data Engineer,40000,EUR,42026,PT,On-site,Portugal,M
2024,Senior-level,Full-Time,Data Architect,178600,USD,178600,US,On-site,United States,M
2024,Entry-level/Junior,Full-Time,Data Analyst,93000,USD,93000,US,On-site,United States,M
2023,Senior-level,Full-Time,Business Intelligence,125000,USD,125000,US,On-site,United States,M
2023,Senior-level,Full-Time,Data Scientist,146000,USD,146000,US,Fully Remote,United States,M
2023,Mid-level,Full-Time,Data Engineer,112400,USD,112400,GB,On-site,United Kingdom,M
2023,Senior-level,Full-Time,Data Analyst,95000,USD,95000,US,On-site,United States,M
2023,Senior-level,Full-Time,Data Scientist,164000,USD,164000,US,On-site,United States,M
2023,Senior-level,Full-Time,Data Scientist,130000,USD,130000,US,Fully Remote,United States,M
2023,Senior-level,Full-Time,Data Analyst,119636,USD,119636,US,On-site,United States,M
2023,Senior-level,Full-Time,Business Intelligence,104300,USD,104300,US,On-site,United States,L
2024,Senior-level,Full-Time,Data Analyst,73100,USD,73100,US,On-site,United States,M
2023,Mid-level,Full-Time,Data Researcher,165000,USD,165000,US,Fully Remote,United States,M
2023,Senior-level,Full-Time,Data Analyst,78400,USD,78400,US,Fully Remote,United States,L
2022,Senior-level,Full-Time,Data Engineer,135000,USD,135000,US,Fully Remote,United States,M
2023,Senior-level,Full-Time,Data Researcher,170000,USD,170000,US,On-site,United States,M
2023,Senior-level,Full-Time,Data Researcher,142600,USD,142600,US,On-site,United States,M
2023,Senior-level,Full-Time,Data Engineer,185900,USD,185900,US,On-site,United States,M
2023,Senior-level,Full-Time,Data Architect,204000,USD,204000,US,On-site,United States,M
2024,Entry-level/Junior,Full-Time,Data Scientist,26000,USD,26000,RO,Fully Remote,Romania,L
2023,Executive-level,Full-Time,Data Engineer,175000,USD,175000,US,On-site,United States,M
2023,Senior-level,Full-Time,Data Scientist,133300,USD,133300,US,On-site,United States,M
2022,Senior-level,Full-Time,Machine Learning Engineer,65000,EUR,68293,IE,Fully Remote,Ireland,S
2024,Entry-level/Junior,Full-Time,Data Researcher,150000,USD,150000,US,On-site,United States,M
2023,Mid-level,Freelance,Data Analyst,36000,USD,36000,GH,On-site,Ghana,S
2023,Senior-level,Full-Time,Data Scientist,36000,EUR,38868,ES,On-site,Spain,M
2024,Mid-level,Full-Time,Data Engineer,154100,USD,154100,US,On-site,United States,M
2023,Senior-level,Full-Time,Data Engineer,107500,USD,107500,US,Fully Remote,United States,M
2023,Senior-level,Full-Time,Data Scientist,212800,USD,212800,US,On-site,United States,L
2024,Senior-level,Full-Time,Machine Learning Engineer,159000,USD,159000,US,On-site,United States,M
2024,Senior-level,Full-Time,Data Architect,187500,USD,187500,US,On-site,United States,M
2023,Senior-level,Full-Time,Data Engineer,115000,USD,115000,US,On-site,United States,M
2024,Mid-level,Full-Time,Data Analyst,134400,USD,134400,US,On-site,United States,M
2024,Mid-level,Full-Time,Data Engineer,55000,GBP,68750,GB,On-site,United Kingdom,M
2022,Mid-level,Full-Time,Data Engineer,90000,GBP,110820,GB,On-site,United Kingdom,M
2024,Senior-level,Full-Time,Data Engineer,160000,USD,160000,US,On-site,United States,M
2023,Senior-level,Full-Time,Machine Learning Engineer,132870,USD,132870,GB,On-site,United Kingdom,M
2023,Senior-level,Full-Time,Data Scientist,184000,USD,184000,US,Fully Remote,United States,M
2022,Senior-level,Full-Time,Machine Learning Engineer,180000,USD,180000,US,Fully Remote,United States,M
2023,Senior-level,Full-Time,Data Scientist,209300,USD,209300,US,Fully Remote,United States,M
2023,Mid-level,Full-Time,Machine Learning Engineer,247500,USD,247500,US,On-site,United States,M
2023,Senior-level,Full-Time,Data Analyst,138800,USD,138800,US,On-site,United States,M
2022,Mid-level,Full-Time,Data Analyst,109000,USD,109000,US,On-site,United States,M
2023,Senior-level,Full-Time,Data Analyst,210000,USD,210000,US,Fully Remote,United States,M
2024,Senior-level,Full-Time,Data Engineer,123000,USD,123000,US,On-site,United States,M
2024,Senior-level,Full-Time,Data Scientist,136300,USD,136300,US,On-site,United States,M
2023,Senior-level,Full-Time,Data Analyst,190000,USD,190000,US,On-site,United States,M
2024,Senior-level,Full-Time,Data Researcher,180000,USD,180000,US,On-site,United States,M
2023,Senior-level,Full-Time,Data Engineer,154000,USD,154000,US,On-site,United States,M
2023,Mid-level,Full-Time,Data Analyst,70000,USD,70000,US,Fully Remote,United States,M
2023,Mid-level,Full-Time,Data Engineer,90000,USD,90000,US,Fully Remote,United States,M
2023,Mid-level,Full-Time,Data Researcher,161200,GBP,198340,GB,On-site,United Kingdom,M
2024,Mid-level,Full-Time,Data Scientist,111000,USD,111000,US,On-site,United States,M
2023,Senior-level,Full-Time,Data Researcher,105200,USD,105200,US,On-site,United States,M
2023,Mid-level,Full-Time,Data Scientist,222200,USD,222200,US,On-site,United States,L
2023,Senior-level,Full-Time,Data Management,120000,USD,120000,US,On-site,United States,M
2022,Senior-level,Full-Time,Machine Learning Engineer,120000,USD,120000,US,On-site,United States,M
2023,Senior-level,Full-Time,Data Analyst,80000,USD,80000,US,On-site,United States,M
2024,Senior-level,Full-Time,Data Scientist,70000,GBP,87500,GB,On-site,United Kingdom,M
2024,Senior-level,Full-Time,Data Architect,190196,USD,190196,US,On-site,United States,M
2023,Senior-level,Full-Time,Data Analyst,192000,USD,192000,US,Fully Remote,United States,M
2024,Senior-level,Full-Time,Machine Learning Engineer,210000,USD,210000,US,On-site,United States,M
2024,Senior-level,Full-Time,Data Researcher,150000,USD,150000,GB,On-site,United Kingdom,M
2022,Senior-level,Full-Time,Data Engineer,120000,USD,120000,US,Fully Remote,United States,M
2022,Senior-level,Full-Time,Data Scientist,55000,USD,55000,US,Fully Remote,United States,S
2023,Senior-level,Full-Time,Machine Learning Engineer,109400,USD,109400,US,On-site,United States,M
2022,Senior-level,Full-Time,Machine Learning Engineer,189650,USD,189650,US,On-site,United States,M
2022,Entry-level/Junior,Full-Time,Machine Learning Engineer,28500,GBP,35093,GB,Fully Remote,United Kingdom,L
2024,Senior-level,Full-Time,Data Scientist,720000,USD,720000,US,Fully Remote,United States,M
2023,Senior-level,Full-Time,Data Scientist,111000,USD,111000,US,On-site,United States,M
2023,Mid-level,Full-Time,Machine Learning Engineer,40000,GBP,49216,GB,Fully Remote,United Kingdom,M
2023,Mid-level,Full-Time,Data Engineer,95000,USD,95000,US,On-site,United States,M
2023,Senior-level,Full-Time,Data Scientist,145000,USD,145000,US,On-site,United States,M
2023,Mid-level,Full-Time,Business Intelligence,76300,USD,76300,US,On-site,United States,M
2021,Mid-level,Full-Time,Data Researcher,235000,CAD,187442,CA,Fully Remote,Canada,L
2023,Entry-level/Junior,Full-Time,Data Analyst,82400,USD,82400,US,Fully Remote,United States,M
2022,Entry-level/Junior,Full-Time,Data Scientist,26000,EUR,27317,ES,Hybrid,Spain,L
2023,Senior-level,Full-Time,Data Scientist,150931,USD,150931,US,On-site,United States,M
2023,Mid-level,Full-Time,Data Analyst,42400,USD,42400,US,On-site,United States,M
2021,Entry-level/Junior,Full-Time,Data Scientist,1335000,INR,18053,IN,Fully Remote,American Samoa,S
2023,Mid-level,Full-Time,Data Analyst,65000,USD,65000,US,Fully Remote,United States,M
2023,Senior-level,Full-Time,Data Engineer,115000,USD,115000,US,On-site,United States,M
2023,Senior-level,Full-Time,Data Engineer,105700,USD,105700,US,On-site,United States,L
2023,Entry-level/Junior,Full-Time,Data Researcher,200000,USD,200000,US,Fully Remote,United States,M
2023,Senior-level,Full-Time,Machine Learning Engineer,152000,USD,152000,US,On-site,United States,M
2023,Senior-level,Full-Time,Machine Learning Engineer,214500,USD,214500,US,On-site,United States,M
2023,Mid-level,Full-Time,Data Scientist,70000,USD,70000,US,On-site,United States,M
2024,Senior-level,Full-Time,Data Engineer,65000,GBP,81250,GB,On-site,United Kingdom,M
2023,Senior-level,Full-Time,Data Analyst,75000,USD,75000,US,Fully Remote,United States,M
2024,Senior-level,Full-Time,Machine Learning Engineer,150000,USD,150000,US,On-site,United States,M
2023,Senior-level,Full-Time,Data Engineer,232960,USD,232960,US,On-site,United States,M
2023,Executive-level,Full-Time,Data Analyst,140000,USD,140000,US,On-site,United States,M
2023,Senior-level,Full-Time,Machine Learning Engineer,225000,USD,225000,US,On-site,United States,M
2023,Senior-level,Full-Time,Machine Learning Engineer,105000,EUR,113366,DE,Hybrid,Germany,L
2024,Entry-level/Junior,Full-Time,Data Analyst,45700,USD,45700,US,On-site,United States,M
2023,Mid-level,Full-Time,Data Engineer,147500,USD,147500,US,On-site,United States,M
2022,Mid-level,Full-Time,Data Analyst,165000,USD,165000,US,On-site,United States,M
2024,Mid-level,Full-Time,Data Scientist,137500,USD,137500,US,On-site,United States,M
2024,Mid-level,Full-Time,Data Analyst,140000,USD,140000,US,On-site,United States,M
2022,Senior-level,Full-Time,Data Scientist,191475,USD,191475,US,Fully Remote,United States,M
2022,Senior-level,Full-Time,Data Architect,213120,USD,213120,US,Fully Remote,United States,M
2023,Senior-level,Full-Time,Data Engineer,251250,USD,251250,US,On-site,United States,M
2023,Entry-level/Junior,Full-Time,Data Researcher,179000,USD,179000,US,On-site,United States,M
2023,Senior-level,Full-Time,Data Engineer,178600,USD,178600,US,On-site,United States,M
2024,Mid-level,Full-Time,Data Engineer,166000,USD,166000,US,On-site,United States,M
2023,Senior-level,Full-Time,Machine Learning Engineer,267720,USD,267720,US,On-site,United States,M
2023,Senior-level,Full-Time,Data Scientist,142000,USD,142000,US,On-site,United States,S
2023,Senior-level,Full-Time,Data Analyst,143000,USD,143000,US,Fully Remote,United States,M
2023,Entry-level/Junior,Part-Time,Data Scientist,58300,USD,58300,US,On-site,United States,M
2024,Senior-level,Full-Time,Machine Learning Engineer,204600,USD,204600,US,On-site,United States,M
2024,Entry-level/Junior,Full-Time,Data Analyst,80000,USD,80000,US,On-site,United States,M
2024,Mid-level,Full-Time,Data Scientist,287800,USD,287800,US,On-site,United States,M
2024,Senior-level,Full-Time,Data Engineer,150895,USD,150895,US,On-site,United States,M
2023,Senior-level,Full-Time,Data Management,145000,USD,145000,US,On-site,United States,M
2023,Senior-level,Full-Time,Data Engineer,230000,USD,230000,US,On-site,United States,M
2023,Mid-level,Full-Time,Machine Learning Engineer,171000,USD,171000,US,On-site,United States,M
2023,Senior-level,Full-Time,Machine Learning Engineer,185000,USD,185000,US,On-site,United States,M
2023,Mid-level,Full-Time,Business Intelligence,128000,USD,128000,US,On-site,United States,M
2023,Senior-level,Full-Time,Data Engineer,135000,USD,135000,US,On-site,United States,M
2022,Senior-level,Full-Time,Data Scientist,156600,USD,156600,US,Fully Remote,United States,M
2024,Mid-level,Full-Time,Machine Learning Engineer,180000,USD,180000,CA,Fully Remote,Canada,M
2023,Senior-level,Full-Time,Machine Learning Engineer,93300,USD,93300,US,On-site,United States,M
2023,Senior-level,Full-Time,Data Scientist,240000,USD,240000,US,On-site,United States,M
2023,Senior-level,Full-Time,Data Scientist,90000,USD,90000,US,On-site,United States,M
2023,Mid-level,Full-Time,Data Management,115500,USD,115500,US,On-site,United States,M
2023,Senior-level,Full-Time,Data Analyst,139000,USD,139000,US,On-site,United States,M
2022,Senior-level,Full-Time,Data Engineer,154600,USD,154600,US,On-site,United States,L
2023,Entry-level/Junior,Full-Time,Data Developer,70000,USD,70000,IN,On-site,Australia,L
2024,Mid-level,Full-Time,Data Scientist,70000,USD,70000,US,On-site,United States,M
2023,Senior-level,Full-Time,Data Management,55200,USD,55200,US,On-site,United States,M
2024,Senior-level,Full-Time,Data Engineer,94500,USD,94500,US,On-site,United States,M
2023,Senior-level,Full-Time,Data Analyst,113220,USD,113220,US,On-site,United States,M
2022,Mid-level,Full-Time,Data Engineer,150000,USD,150000,US,Fully Remote,United States,M
2023,Senior-level,Full-Time,Data Analyst,128000,USD,128000,US,On-site,United States,M
2023,Mid-level,Full-Time,Data Engineer,172200,USD,172200,US,Fully Remote,United States,M
2023,Senior-level,Full-Time,Machine Learning Engineer,120250,USD,120250,US,On-site,United States,M
2024,Senior-level,Full-Time,Data Researcher,250800,USD,250800,US,On-site,United States,M
2023,Senior-level,Full-Time,Business Intelligence,118800,USD,118800,US,Fully Remote,United States,M
2023,Executive-level,Full-Time,Data Scientist,180000,USD,180000,US,Fully Remote,United States,M
2023,Senior-level,Full-Time,Machine Learning Engineer,119700,USD,119700,US,On-site,United States,M
2023,Senior-level,Full-Time,Business Intelligence,110000,USD,110000,US,Fully Remote,United States,M
2023,Entry-level/Junior,Full-Time,Data Scientist,24000,USD,24000,US,Fully Remote,United States,M
2023,Senior-level,Full-Time,Data Scientist,83900,USD,83900,US,On-site,United States,M
2023,Senior-level,Full-Time,Data Engineer,153600,USD,153600,US,On-site,United States,M
2023,Executive-level,Full-Time,Data Scientist,249300,USD,249300,US,On-site,United States,M
2023,Senior-level,Full-Time,Data Analyst,138000,USD,138000,US,On-site,United States,M
2023,Senior-level,Full-Time,Data Scientist,178538,USD,178538,US,Fully Remote,United States,M
2022,Senior-level,Full-Time,Data Scientist,191475,USD,191475,US,Fully Remote,United States,M
2023,Mid-level,Full-Time,Data Scientist,36000,USD,36000,NG,Hybrid,Nigeria,M
2023,Senior-level,Full-Time,Data Engineer,63000,USD,63000,US,Fully Remote,United States,M
2023,Entry-level/Junior,Full-Time,Data Analyst,69525,USD,69525,US,Fully Remote,United States,M
2022,Mid-level,Full-Time,Data Analyst,75000,USD,75000,CA,On-site,Canada,M
2022,Senior-level,Full-Time,Data Engineer,100000,USD,100000,US,On-site,United States,M
2022,Senior-level,Full-Time,Data Architect,149040,USD,149040,US,Fully Remote,United States,M
2023,Senior-level,Full-Time,Data Engineer,142200,USD,142200,DE,On-site,Germany,M
2024,Senior-level,Full-Time,Data Scientist,153000,USD,153000,US,Fully Remote,United States,M
2023,Senior-level,Full-Time,Machine Learning Engineer,142200,USD,142200,US,Fully Remote,United States,M
2023,Senior-level,Full-Time,Machine Learning Engineer,166600,USD,166600,US,On-site,United States,M
2023,Senior-level,Full-Time,Data Researcher,198800,USD,198800,US,On-site,United States,M
2024,Senior-level,Full-Time,Data Researcher,234000,USD,234000,US,On-site,United States,M
2023,Senior-level,Full-Time,Data Engineer,140000,USD,140000,US,Fully Remote,United States,M
2024,Senior-level,Full-Time,Data Scientist,204800,USD,204800,US,On-site,United States,M
2022,Senior-level,Full-Time,Data Scientist,156400,USD,156400,US,On-site,United States,M
2024,Senior-level,Full-Time,Machine Learning Engineer,93300,USD,93300,US,On-site,United States,M
2024,Senior-level,Full-Time,Data Scientist,218500,USD,218500,US,Fully Remote,United States,M
2023,Mid-level,Full-Time,Data Engineer,169000,USD,169000,US,On-site,United States,M
2024,Senior-level,Full-Time,Data Management,145000,USD,145000,US,Fully Remote,United States,M
2023,Mid-level,Full-Time,Data Analyst,120000,USD,120000,US,On-site,United States,M
2023,Entry-level/Junior,Full-Time,Data Researcher,100400,USD,100400,US,On-site,United States,L
2023,Senior-level,Full-Time,Machine Learning Engineer,180514,USD,180514,US,Fully Remote,United States,M
2023,Senior-level,Full-Time,Data Scientist,359170,USD,359170,US,On-site,United States,M
2021,Mid-level,Full-Time,Machine Learning Engineer,21000,EUR,24823,SI,Hybrid,Slovenia,L
2023,Entry-level/Junior,Full-Time,Data Analyst,133000,USD,133000,US,On-site,United States,M
2023,Senior-level,Full-Time,Data Scientist,198200,USD,198200,US,Fully Remote,United States,M
2023,Senior-level,Full-Time,Data Analyst,169000,USD,169000,US,On-site,United States,M
2023,Senior-level,Full-Time,Data Engineer,169000,USD,169000,US,On-site,United States,M
2022,Senior-level,Full-Time,Data Engineer,120000,USD,120000,US,On-site,United States,M
2024,Senior-level,Full-Time,Data Engineer,100000,GBP,125000,GB,On-site,United Kingdom,M
2023,Mid-level,Full-Time,Data Developer,120681,USD,120681,US,Fully Remote,United States,M
2023,Senior-level,Full-Time,Data Scientist,197600,USD,197600,US,Fully Remote,United States,M
2024,Senior-level,Full-Time,Data Scientist,165100,USD,165100,US,On-site,United States,M
2024,Senior-level,Full-Time,Data Analyst,145000,USD,145000,US,On-site,United States,M
2024,Senior-level,Full-Time,Business Intelligence,70000,USD,70000,US,On-site,United States,M
2023,Senior-level,Full-Time,Machine Learning Engineer,175000,USD,175000,US,On-site,United States,M
2024,Senior-level,Full-Time,Data Researcher,290000,USD,290000,US,On-site,United States,M
2023,Senior-level,Full-Time,Data Engineer,91270,USD,91270,US,On-site,United States,M
2023,Senior-level,Full-Time,Data Analyst,104000,USD,104000,US,Fully Remote,United States,M
2024,Senior-level,Full-Time,Machine Learning Engineer,150700,USD,150700,US,On-site,United States,M
2024,Senior-level,Full-Time,Data Scientist,138000,USD,138000,US,On-site,United States,M
2022,Senior-level,Full-Time,Data Scientist,156400,USD,156400,US,On-site,United States,M
2023,Senior-level,Full-Time,Data Management,200000,USD,200000,US,On-site,United States,M
2024,Mid-level,Full-Time,Data Scientist,90000,USD,90000,US,Fully Remote,United States,M
2023,Senior-level,Full-Time,Data Engineer,130000,USD,130000,US,Fully Remote,United States,M
2024,Senior-level,Full-Time,Machine Learning Engineer,96200,USD,96200,US,On-site,United States,M
2023,Executive-level,Full-Time,Data Architect,200000,EUR,215936,BE,Fully Remote,United States,L
2023,Senior-level,Full-Time,Data Engineer,200000,USD,200000,US,Fully Remote,United States,M
2023,Mid-level,Full-Time,Data Engineer,135000,USD,135000,US,Fully Remote,United States,M
2024,Senior-level,Full-Time,Data Architect,174000,USD,174000,US,On-site,United States,M
2024,Entry-level/Junior,Full-Time,Data Researcher,78308,USD,78308,CA,On-site,Canada,M
2024,Senior-level,Full-Time,Data Engineer,103000,USD,103000,US,On-site,United States,M
2023,Senior-level,Full-Time,Data Researcher,250000,USD,250000,US,On-site,United States,M
2024,Senior-level,Full-Time,Machine Learning Engineer,331640,USD,331640,US,On-site,United States,M
2024,Senior-level,Full-Time,Business Intelligence,260000,USD,260000,US,On-site,United States,M
2024,Senior-level,Full-Time,Data Engineer,94100,USD,94100,US,On-site,United States,M
2023,Senior-level,Full-Time,Machine Learning Engineer,159000,USD,159000,US,On-site,United States,M
2023,Senior-level,Full-Time,Data Analyst,80000,USD,80000,US,On-site,United States,M
2022,Senior-level,Full-Time,Data Scientist,205300,USD,205300,US,On-site,United States,L
2023,Senior-level,Full-Time,Data Management,110400,USD,110400,US,On-site,United States,M
2024,Senior-level,Full-Time,Machine Learning Engineer,230000,USD,230000,US,On-site,United States,M
2023,Senior-level,Full-Time,Machine Learning Engineer,80000,USD,80000,US,On-site,United States,M
2023,Mid-level,Full-Time,Data Analyst,110000,USD,110000,US,On-site,United States,M
2021,Mid-level,Full-Time,Data Scientist,150000,USD,150000,US,Fully Remote,United States,M
2023,Senior-level,Full-Time,Data Scientist,116000,USD,116000,US,On-site,United States,M
2024,Mid-level,Full-Time,Machine Learning Engineer,65000,USD,65000,US,On-site,United States,M
2023,Mid-level,Full-Time,Data Analyst,110000,USD,110000,US,Fully Remote,United States,M
2024,Entry-level/Junior,Full-Time,Machine Learning Engineer,105300,USD,105300,CA,Fully Remote,Canada,M
2023,Entry-level/Junior,Full-Time,Data Scientist,213660,USD,213660,US,On-site,United States,L
2024,Entry-level/Junior,Full-Time,Data Analyst,157600,USD,157600,US,On-site,United States,M
2023,Senior-level,Full-Time,Data Operation,185000,USD,185000,US,On-site,United States,M
2024,Entry-level/Junior,Contract,Data Researcher,80000,EUR,88888,DE,On-site,Germany,L
2024,Mid-level,Full-Time,Data Researcher,124100,USD,124100,US,On-site,United States,L
2021,Mid-level,Full-Time,Machine Learning Engineer,8500000,JPY,77364,JP,Hybrid,Japan,S
2024,Senior-level,Full-Time,Data Scientist,269000,USD,269000,CA,On-site,Canada,M
2023,Entry-level/Junior,Full-Time,Data Analyst,132600,USD,132600,US,Fully Remote,United States,M
2024,Mid-level,Full-Time,Data Scientist,117000,USD,117000,US,On-site,United States,M
2023,Senior-level,Full-Time,Data Scientist,225000,USD,225000,US,On-site,United States,M
2023,Mid-level,Full-Time,Data Scientist,180000,USD,180000,US,On-site,United States,M
2023,Senior-level,Full-Time,Machine Learning Engineer,245700,USD,245700,US,On-site,United States,M
2024,Senior-level,Full-Time,Data Scientist,331292,USD,331292,US,On-site,United States,M
2023,Entry-level/Junior,Full-Time,Data Analyst,92000,USD,92000,US,Fully Remote,United States,M
2023,Senior-level,Full-Time,Business Intelligence,156400,USD,156400,US,On-site,United States,M
2023,Senior-level,Full-Time,Data Researcher,293000,USD,293000,US,On-site,United States,M
2024,Mid-level,Full-Time,Data Engineer,179000,USD,179000,US,On-site,United States,M
2023,Senior-level,Full-Time,Data Scientist,129300,USD,129300,US,On-site,United States,M
2023,Senior-level,Full-Time,Data Scientist,164000,USD,164000,US,Fully Remote,United States,M
2022,Senior-level,Full-Time,Data Scientist,203500,USD,203500,US,On-site,United States,M
2024,Senior-level,Full-Time,Data Researcher,190000,USD,190000,US,On-site,United States,M
2024,Senior-level,Full-Time,Data Engineer,195000,USD,195000,US,Fully Remote,United States,M
2023,Executive-level,Full-Time,Data Engineer,194500,USD,194500,US,On-site,United States,M
2024,Mid-level,Full-Time,Data Scientist,328000,USD,328000,US,On-site,United States,M
2024,Entry-level/Junior,Full-Time,Data Analyst,115000,USD,115000,US,On-site,United States,M
2023,Mid-level,Full-Time,Machine Learning Engineer,170000,USD,170000,US,On-site,United States,M
2022,Mid-level,Full-Time,Data Scientist,120000,USD,120000,US,Fully Remote,United States,M
2024,Senior-level,Full-Time,Data Analyst,76000,USD,76000,US,On-site,United States,M
2024,Senior-level,Full-Time,Data Analyst,80000,USD,80000,IE,On-site,Ireland,M
2021,Entry-level/Junior,Full-Time,Data Engineer,1200000,INR,16228,IN,Fully Remote,India,L
2024,Senior-level,Full-Time,Data Engineer,145360,USD,145360,US,Fully Remote,United States,M
2023,Senior-level,Full-Time,Data Scientist,160000,USD,160000,US,On-site,United States,M
2023,Senior-level,Full-Time,Data Engineer,115000,USD,115000,US,On-site,United States,M
2024,Mid-level,Full-Time,Data Scientist,72360,USD,72360,US,On-site,United States,M
2022,Senior-level,Full-Time,Data Engineer,120000,USD,120000,US,On-site,United States,M
2023,Senior-level,Full-Time,Data Researcher,200800,USD,200800,US,On-site,United States,M
2022,Senior-level,Full-Time,Data Researcher,249500,USD,249500,US,On-site,United States,M
2023,Mid-level,Full-Time,Data Analyst,36050,GBP,44356,GB,Fully Remote,United Kingdom,M
2023,Mid-level,Full-Time,Data Analyst,110000,USD,110000,US,Fully Remote,United States,M
2022,Senior-level,Full-Time,Data Engineer,185900,USD,185900,US,On-site,United States,M
2024,Senior-level,Full-Time,Business Intelligence,113100,USD,113100,US,On-site,United States,M
2023,Senior-level,Full-Time,Data Engineer,194595,USD,194595,US,On-site,United States,M
2023,Senior-level,Full-Time,Data Engineer,163800,USD,163800,US,On-site,United States,M
2023,Senior-level,Full-Time,Data Engineer,117700,USD,117700,GB,Fully Remote,United Kingdom,M
2023,Senior-level,Full-Time,Data Engineer,140000,USD,140000,US,Fully Remote,United States,M
2024,Senior-level,Part-Time,Data Analyst,40000,USD,40000,AE,Fully Remote,United Arab Emirates,L
2022,Senior-level,Full-Time,Data Engineer,179305,USD,179305,US,Fully Remote,United States,M
2023,Senior-level,Full-Time,Data Scientist,258700,USD,258700,US,On-site,United States,M
2023,Senior-level,Full-Time,Data Scientist,299500,USD,299500,US,On-site,United States,M
2024,Senior-level,Full-Time,Data Engineer,112000,USD,112000,US,On-site,United States,M
2021,Senior-level,Full-Time,Data Scientist,174000,USD,174000,US,Fully Remote,United States,L
2023,Senior-level,Full-Time,Machine Learning Engineer,204500,USD,204500,US,On-site,United States,M
2024,Entry-level/Junior,Full-Time,Business Intelligence,142000,USD,142000,US,On-site,United States,M
2023,Senior-level,Full-Time,Data Analyst,52500,USD,52500,US,On-site,United States,M
2023,Senior-level,Full-Time,Machine Learning Engineer,283200,USD,283200,US,On-site,United States,M
2024,Senior-level,Full-Time,Data Engineer,199700,USD,199700,US,On-site,United States,M
2023,Senior-level,Full-Time,Machine Learning Engineer,159000,USD,159000,US,On-site,United States,M
2022,Senior-level,Full-Time,Data Analyst,130050,USD,130050,US,Fully Remote,United States,M
2023,Senior-level,Full-Time,Data Analyst,70374,USD,70374,US,On-site,United States,M
2023,Mid-level,Full-Time,Business Intelligence,86100,USD,86100,US,On-site,United States,M
2023,Senior-level,Full-Time,Machine Learning Engineer,83300,GBP,102492,GB,On-site,United Kingdom,M
2023,Mid-level,Full-Time,Data Scientist,110000,USD,110000,US,Fully Remote,United States,M
2024,Senior-level,Full-Time,Data Researcher,278700,USD,278700,US,On-site,United States,M
2023,Mid-level,Full-Time,Data Engineer,750000,USD,750000,US,On-site,United States,M
2024,Mid-level,Full-Time,Data Developer,100000,USD,100000,US,Fully Remote,United States,M
2023,Senior-level,Full-Time,Data Engineer,282000,USD,282000,US,On-site,United States,M
2024,Senior-level,Full-Time,Machine Learning Engineer,220000,USD,220000,US,On-site,United States,M
2023,Mid-level,Full-Time,Data Researcher,55000,GBP,67672,GB,Fully Remote,United Kingdom,M
2023,Senior-level,Full-Time,Data Scientist,168000,USD,168000,US,Fully Remote,United States,M
2023,Senior-level,Full-Time,Data Scientist,100000,USD,100000,US,On-site,United States,M
2023,Senior-level,Full-Time,Data Scientist,141000,USD,141000,US,On-site,United States,M
2023,Senior-level,Full-Time,Data Engineer,122000,USD,122000,US,On-site,United States,M
2024,Mid-level,Full-Time,Business Intelligence,146851,USD,146851,US,On-site,United States,M
2024,Entry-level/Junior,Full-Time,Data Scientist,51550,EUR,57277,FR,Hybrid,France,M
2021,Mid-level,Full-Time,Data Scientist,130000,USD,130000,US,Hybrid,United States,L
2023,Senior-level,Full-Time,Data Researcher,188600,USD,188600,US,On-site,United States,M
2024,Senior-level,Full-Time,Data Engineer,231000,USD,231000,US,Fully Remote,United States,M
2024,Executive-level,Full-Time,Data Engineer,120000,USD,120000,US,On-site,United States,M
2024,Senior-level,Full-Time,Data Architect,120000,USD,120000,US,On-site,United States,M
2024,Entry-level/Junior,Full-Time,Data Analyst,92000,USD,92000,US,Fully Remote,United States,M
2024,Senior-level,Full-Time,Data Researcher,146000,USD,146000,US,On-site,United States,M
2024,Senior-level,Full-Time,Business Intelligence,130000,USD,130000,US,On-site,United States,M
2023,Senior-level,Full-Time,Data Engineer,102000,USD,102000,US,On-site,United States,M
2022,Senior-level,Full-Time,Data Engineer,100000,USD,100000,US,Fully Remote,United States,M
2023,Senior-level,Full-Time,Machine Learning Engineer,160000,USD,160000,US,On-site,United States,M
2023,Senior-level,Full-Time,Data Engineer,108768,USD,108768,US,On-site,United States,M
2024,Mid-level,Full-Time,Data Scientist,73100,USD,73100,US,On-site,United States,M
2023,Senior-level,Full-Time,Data Scientist,127300,USD,127300,US,On-site,United States,L
2023,Senior-level,Full-Time,Data Scientist,170000,USD,170000,US,On-site,United States,M
2023,Senior-level,Full-Time,Machine Learning Engineer,262000,USD,262000,US,On-site,United States,M
2022,Mid-level,Full-Time,Data Scientist,200000,USD,200000,US,Fully Remote,United States,M
2023,Senior-level,Full-Time,Data Engineer,143000,USD,143000,US,On-site,United States,M
2024,Senior-level,Full-Time,Data Analyst,82620,USD,82620,US,On-site,United States,M
2021,Mid-level,Full-Time,Data Engineer,90000,USD,90000,US,Fully Remote,United States,L
2021,Senior-level,Full-Time,Data Management,87000,EUR,102839,SI,Fully Remote,Slovenia,L
2023,Mid-level,Full-Time,Data Engineer,102200,USD,102200,CA,On-site,Canada,M
2023,Entry-level/Junior,Full-Time,Data Engineer,160000,USD,160000,US,On-site,United States,M
2023,Senior-level,Full-Time,Data Analyst,120000,USD,120000,CA,On-site,Canada,M
2023,Senior-level,Full-Time,Business Intelligence,78800,USD,78800,US,Fully Remote,United States,M
2023,Mid-level,Full-Time,Machine Learning Engineer,150000,USD,150000,US,Fully Remote,United States,M
2023,Mid-level,Full-Time,Data Management,115500,USD,115500,US,On-site,United States,M
2024,Senior-level,Full-Time,Data Scientist,170000,USD,170000,US,On-site,United States,M
2023,Senior-level,Full-Time,Data Architect,135000,USD,135000,US,Fully Remote,United States,M
2023,Mid-level,Full-Time,Data Engineer,95000,USD,95000,US,Fully Remote,United States,M
2021,Mid-level,Full-Time,Data Scientist,40900,GBP,56256,GB,Hybrid,United Kingdom,L
2023,Senior-level,Full-Time,Data Management,145000,USD,145000,US,On-site,United States,M
2023,Mid-level,Full-Time,Data Analyst,100000,USD,100000,CA,Fully Remote,Canada,M
2023,Executive-level,Full-Time,Data Engineer,200000,USD,200000,US,On-site,United States,M
2024,Mid-level,Full-Time,Business Intelligence,167500,USD,167500,US,On-site,United States,M
2022,Senior-level,Full-Time,Data Engineer,165000,USD,165000,US,Fully Remote,United States,M
2024,Senior-level,Full-Time,Data Engineer,116000,USD,116000,US,On-site,United States,M
2023,Entry-level/Junior,Full-Time,Data Operation,85000,USD,85000,CA,On-site,Canada,M
2023,Senior-level,Full-Time,Data Engineer,116000,USD,116000,US,Fully Remote,United States,M
2023,Senior-level,Full-Time,Machine Learning Engineer,150000,USD,150000,US,Fully Remote,United States,M
2023,Senior-level,Full-Time,Data Scientist,135800,USD,135800,US,Fully Remote,United States,M
2023,Senior-level,Full-Time,Data Scientist,309400,USD,309400,US,On-site,United States,L
2023,Senior-level,Full-Time,Machine Learning Engineer,238000,USD,238000,US,On-site,United States,M
2023,Mid-level,Full-Time,Data Engineer,140000,USD,140000,US,Fully Remote,United States,M
2024,Senior-level,Full-Time,Data Engineer,150000,USD,150000,US,Fully Remote,United States,M
2022,Senior-level,Full-Time,Business Intelligence,140000,USD,140000,US,Fully Remote,United States,M
2023,Senior-level,Full-Time,Data Engineer,73100,USD,73100,US,On-site,United States,M
2023,Senior-level,Full-Time,Data Engineer,163800,USD,163800,US,On-site,United States,M
2023,Senior-level,Full-Time,Data Analyst,48000,EUR,51824,ES,Fully Remote,Spain,M
2023,Senior-level,Full-Time,Data Scientist,185000,USD,185000,US,On-site,United States,M
2022,Senior-level,Full-Time,Data Scientist,164000,EUR,172309,IE,Fully Remote,Ireland,L
2023,Senior-level,Full-Time,Data Scientist,305600,USD,305600,US,On-site,United States,M
2023,Senior-level,Full-Time,Data Management,220000,USD,220000,US,On-site,United States,M
2023,Senior-level,Full-Time,Data Engineer,170000,USD,170000,US,Fully Remote,United States,M
2021,Entry-level/Junior,Full-Time,Data Engineer,90000,SGD,66970,SG,Hybrid,Singapore,L
2023,Senior-level,Full-Time,Data Engineer,116000,USD,116000,US,On-site,United States,M
2024,Entry-level/Junior,Full-Time,Data Analyst,70000,USD,70000,US,On-site,United States,M
2024,Senior-level,Full-Time,Data Engineer,200000,USD,200000,US,On-site,United States,M
2023,Senior-level,Full-Time,Data Engineer,150000,USD,150000,US,Fully Remote,United States,M
2022,Mid-level,Full-Time,Data Analyst,30000,EUR,31520,ES,Fully Remote,Spain,M
2022,Senior-level,Full-Time,Data Analyst,136600,USD,136600,US,Fully Remote,United States,M
2022,Mid-level,Full-Time,Machine Learning Engineer,70000,GBP,86193,GB,Fully Remote,United Kingdom,M
2024,Senior-level,Full-Time,Data Researcher,100000,USD,100000,US,On-site,United States,M
2024,Senior-level,Full-Time,Data Scientist,113050,USD,113050,US,On-site,United States,M
2024,Senior-level,Full-Time,Machine Learning Engineer,159000,USD,159000,US,On-site,United States,M
2023,Mid-level,Full-Time,Data Engineer,114000,USD,114000,US,Fully Remote,United States,M
2024,Mid-level,Full-Time,Data Scientist,250000,USD,250000,US,On-site,United States,M
2023,Senior-level,Full-Time,Data Scientist,165000,USD,165000,US,On-site,United States,M
2023,Mid-level,Full-Time,Machine Learning Engineer,220000,USD,220000,US,On-site,United States,M
2024,Senior-level,Full-Time,Data Scientist,70000,USD,70000,US,On-site,United States,M
2024,Senior-level,Full-Time,Machine Learning Engineer,331640,USD,331640,US,On-site,United States,M
2022,Senior-level,Full-Time,Data Engineer,162000,USD,162000,US,Fully Remote,United States,M
2022,Mid-level,Full-Time,Data Engineer,160000,USD,160000,US,Fully Remote,United States,M
2023,Entry-level/Junior,Full-Time,Data Engineer,52500,USD,52500,US,On-site,United States,M
2024,Senior-level,Full-Time,Data Analyst,185000,USD,185000,US,On-site,United States,M
2023,Senior-level,Full-Time,Data Engineer,115000,USD,115000,US,Fully Remote,United States,M
2024,Mid-level,Full-Time,Data Engineer,27000,GBP,33750,GB,On-site,United Kingdom,M
2023,Senior-level,Full-Time,Data Scientist,171250,USD,171250,IE,On-site,Ireland,M
2023,Senior-level,Full-Time,Data Engineer,180000,USD,180000,US,On-site,United States,M
2024,Entry-level/Junior,Full-Time,Data Scientist,198000,USD,198000,US,On-site,United States,M
2022,Mid-level,Full-Time,Data Engineer,78000,USD,78000,BR,Fully Remote,Brazil,M
2021,Mid-level,Full-Time,Data Engineer,110000,USD,110000,US,Fully Remote,United States,L
2023,Mid-level,Full-Time,Data Engineer,161500,USD,161500,US,Fully Remote,United States,M
2023,Senior-level,Full-Time,Data Analyst,135000,USD,135000,US,Fully Remote,United States,M
2024,Senior-level,Full-Time,Data Scientist,177700,USD,177700,US,On-site,United States,M
2023,Senior-level,Full-Time,Data Scientist,203500,USD,203500,US,On-site,United States,M
2023,Senior-level,Full-Time,Data Engineer,90000,USD,90000,US,On-site,United States,M
2023,Entry-level/Junior,Full-Time,Data Engineer,220000,USD,220000,US,On-site,United States,M
2023,Senior-level,Full-Time,Data Scientist,140250,USD,140250,US,Fully Remote,United States,M
2024,Senior-level,Full-Time,Business Intelligence,66000,GBP,82500,GB,On-site,United Kingdom,M
2024,Senior-level,Full-Time,Data Engineer,102500,USD,102500,US,Fully Remote,United States,M
2022,Senior-level,Full-Time,Data Engineer,153600,USD,153600,US,On-site,United States,M
2023,Executive-level,Full-Time,Data Management,80000,USD,80000,US,On-site,United States,M
2024,Entry-level/Junior,Full-Time,Data Analyst,115000,USD,115000,US,On-site,United States,M
2023,Senior-level,Full-Time,Machine Learning Engineer,140000,USD,140000,US,Fully Remote,United States,M
2024,Mid-level,Full-Time,Data Scientist,267100,USD,267100,US,On-site,United States,M
2021,Entry-level/Junior,Full-Time,Data Scientist,90000,USD,90000,US,Fully Remote,United States,S
2023,Senior-level,Full-Time,Data Analyst,75000,USD,75000,US,On-site,United States,M
2022,Mid-level,Full-Time,Data Engineer,95000,USD,95000,US,On-site,United States,M
2024,Mid-level,Full-Time,Data Scientist,136000,USD,136000,US,On-site,United States,L
2024,Mid-level,Full-Time,Data Scientist,115000,USD,115000,US,Fully Remote,United States,M
2023,Senior-level,Full-Time,Data Analyst,82000,USD,82000,US,On-site,United States,M
2023,Senior-level,Full-Time,Data Scientist,156000,USD,156000,CA,Fully Remote,Canada,M
2023,Senior-level,Full-Time,Data Analyst,180400,USD,180400,US,On-site,United States,M
2023,Senior-level,Full-Time,Data Scientist,104000,USD,104000,US,Fully Remote,United States,M
2023,Senior-level,Full-Time,Data Scientist,180000,USD,180000,US,Fully Remote,United States,M
2023,Mid-level,Full-Time,Data Scientist,135000,USD,135000,US,On-site,United States,M
2024,Senior-level,Full-Time,Machine Learning Engineer,164000,USD,164000,US,Fully Remote,United States,M
2024,Mid-level,Full-Time,Machine Learning Engineer,210100,USD,210100,US,On-site,United States,M
2024,Senior-level,Full-Time,Data Analyst,169000,USD,169000,US,Fully Remote,United States,M
2023,Entry-level/Junior,Full-Time,Data Analyst,100000,USD,100000,US,Hybrid,United States,M
2023,Mid-level,Full-Time,Data Engineer,130000,USD,130000,US,On-site,United States,M
2024,Mid-level,Full-Time,Data Scientist,90000,USD,90000,US,Fully Remote,United States,M
2023,Senior-level,Full-Time,Data Engineer,127600,USD,127600,US,Fully Remote,United States,M
2024,Senior-level,Full-Time,Data Engineer,179900,USD,179900,US,Fully Remote,United States,M
2021,Entry-level/Junior,Full-Time,Data Scientist,54000,EUR,63831,DE,Hybrid,Germany,L
2024,Mid-level,Full-Time,Data Management,69300,USD,69300,CA,On-site,Canada,M
2024,Mid-level,Full-Time,Data Engineer,125000,USD,125000,US,On-site,United States,M
2024,Mid-level,Full-Time,Data Researcher,118600,USD,118600,US,On-site,United States,M
2023,Senior-level,Full-Time,Data Scientist,143750,USD,143750,US,On-site,United States,M
2023,Senior-level,Full-Time,Data Engineer,266000,USD,266000,US,On-site,United States,M
2023,Senior-level,Full-Time,Business Intelligence,79600,USD,79600,US,On-site,United States,L
2023,Mid-level,Full-Time,Data Scientist,150000,USD,150000,US,On-site,United States,M
2023,Senior-level,Full-Time,Data Engineer,145000,USD,145000,US,On-site,United States,M
2024,Senior-level,Full-Time,Data Scientist,159000,USD,159000,US,On-site,United States,M
2023,Senior-level,Full-Time,Data Engineer,202500,USD,202500,US,On-site,United States,M
2023,Senior-level,Full-Time,Data Scientist,134236,USD,134236,US,On-site,United States,M
2024,Senior-level,Full-Time,Data Analyst,109100,USD,109100,US,On-site,United States,M
2022,Senior-level,Full-Time,Data Engineer,84958,GBP,104611,GB,Fully Remote,United Kingdom,M
2023,Senior-level,Full-Time,Data Scientist,162000,USD,162000,US,On-site,United States,M
2022,Senior-level,Full-Time,Machine Learning Engineer,135000,USD,135000,US,Fully Remote,United States,M
2024,Mid-level,Full-Time,Data Engineer,128600,USD,128600,US,On-site,United States,M
2022,Senior-level,Full-Time,Data Engineer,139860,USD,139860,US,On-site,United States,M
2023,Mid-level,Full-Time,Data Engineer,152000,USD,152000,US,Fully Remote,United States,M
2023,Senior-level,Full-Time,Data Analyst,138860,USD,138860,US,On-site,United States,M
2023,Mid-level,Full-Time,Data Engineer,73100,USD,73100,US,On-site,United States,M
2023,Senior-level,Full-Time,Data Scientist,226000,USD,226000,US,Fully Remote,United States,M
2023,Senior-level,Full-Time,Data Analyst,110000,USD,110000,PL,Fully Remote,Poland,M
2023,Entry-level/Junior,Full-Time,Data Scientist,100000,USD,100000,US,On-site,United States,M
2023,Senior-level,Full-Time,Data Scientist,324000,USD,324000,US,On-site,United States,M
2023,Senior-level,Full-Time,Data Scientist,210000,USD,210000,US,On-site,United States,M
2023,Mid-level,Full-Time,Data Engineer,40000,GBP,49216,GB,Fully Remote,United Kingdom,M
2023,Mid-level,Full-Time,Data Scientist,180000,USD,180000,US,On-site,United States,M
2024,Senior-level,Full-Time,Data Analyst,132500,USD,132500,US,Fully Remote,United States,M
2024,Senior-level,Full-Time,Data Engineer,250000,USD,250000,US,Fully Remote,United States,M
2023,Senior-level,Full-Time,Data Analyst,120000,USD,120000,GB,On-site,United Kingdom,M
2023,Senior-level,Full-Time,Data Scientist,106800,USD,106800,US,On-site,United States,M
2024,Mid-level,Full-Time,Data Scientist,77040,EUR,85600,LV,On-site,Latvia,M
2021,Senior-level,Full-Time,Data Engineer,276000,USD,276000,US,On-site,United States,L
2023,Senior-level,Full-Time,Machine Learning Engineer,170600,USD,170600,US,On-site,United States,M
2023,Senior-level,Full-Time,Data Analyst,92000,USD,92000,US,On-site,United States,M
2024,Entry-level/Junior,Full-Time,Business Intelligence,80000,USD,80000,US,On-site,United States,M
2024,Senior-level,Full-Time,Data Architect,117000,USD,117000,US,On-site,United States,M
2023,Senior-level,Full-Time,Data Engineer,230000,USD,230000,US,On-site,United States,M
2023,Senior-level,Full-Time,Data Engineer,385000,USD,385000,US,On-site,United States,M
2023,Senior-level,Full-Time,Data Engineer,130000,USD,130000,US,On-site,United States,M
2023,Senior-level,Full-Time,Data Engineer,163152,USD,163152,US,On-site,United States,M
2024,Senior-level,Full-Time,Data Researcher,278700,USD,278700,US,On-site,United States,M
2023,Senior-level,Full-Time,Data Engineer,160000,USD,160000,US,Fully Remote,United States,M
2023,Senior-level,Full-Time,Data Architect,149040,USD,149040,US,Fully Remote,United States,M
2024,Executive-level,Full-Time,Data Scientist,181900,USD,181900,US,On-site,United States,M
2024,Mid-level,Full-Time,Machine Learning Engineer,126400,USD,126400,US,Fully Remote,United States,M
2022,Senior-level,Full-Time,Data Engineer,198800,USD,198800,US,On-site,United States,M
2024,Entry-level/Junior,Full-Time,Data Analyst,93500,USD,93500,US,On-site,United States,M
2023,Senior-level,Full-Time,Data Scientist,180000,USD,180000,US,On-site,United States,M
2024,Mid-level,Full-Time,Data Engineer,120000,USD,120000,US,Fully Remote,United States,M
2024,Senior-level,Full-Time,Data Engineer,190000,USD,190000,US,Fully Remote,United States,M
2024,Executive-level,Full-Time,Data Engineer,190000,USD,190000,US,On-site,United States,M
2023,Mid-level,Full-Time,Machine Learning Engineer,213900,USD,213900,US,On-site,United States,M
2022,Senior-level,Full-Time,Data Engineer,134000,USD,134000,US,On-site,United States,M
2023,Entry-level/Junior,Full-Time,Data Scientist,141100,USD,141100,US,On-site,United States,M
2024,Mid-level,Full-Time,Data Scientist,73100,USD,73100,US,On-site,United States,M
2023,Mid-level,Full-Time,Machine Learning Engineer,160000,USD,160000,US,Fully Remote,United States,M
2024,Senior-level,Full-Time,Data Scientist,190000,USD,190000,US,Fully Remote,United States,M
2021,Senior-level,Full-Time,Data Engineer,65000,EUR,76833,RO,Hybrid,United Kingdom,S
2023,Mid-level,Full-Time,Machine Learning Engineer,171600,USD,171600,US,On-site,United States,M
2023,Senior-level,Full-Time,Machine Learning Engineer,238000,USD,238000,US,On-site,United States,M
2024,Entry-level/Junior,Full-Time,Data Scientist,26800,GBP,33500,GB,On-site,United Kingdom,M
2023,Senior-level,Full-Time,Data Engineer,160000,USD,160000,US,On-site,United States,M
2023,Senior-level,Full-Time,Machine Learning Engineer,143000,USD,143000,CA,Fully Remote,Canada,M
2024,Senior-level,Full-Time,Machine Learning Engineer,254000,USD,254000,US,On-site,United States,M
2022,Entry-level/Junior,Full-Time,Data Scientist,50000,USD,50000,US,Fully Remote,United States,M
2023,Senior-level,Full-Time,Data Analyst,84870,USD,84870,US,On-site,United States,M
2024,Senior-level,Full-Time,Data Management,100000,USD,100000,US,On-site,United States,M
2023,Senior-level,Full-Time,Machine Learning Engineer,163200,USD,163200,US,On-site,United States,M
2023,Senior-level,Full-Time,Data Researcher,52200,EUR,56359,IT,Fully Remote,Italy,M
2024,Senior-level,Full-Time,Data Scientist,260000,USD,260000,US,On-site,United States,L
2021,Mid-level,Full-Time,Data Engineer,93150,USD,93150,US,On-site,United States,M
2023,Senior-level,Full-Time,Data Scientist,187259,USD,187259,US,On-site,United States,M
2024,Entry-level/Junior,Full-Time,Data Analyst,95000,USD,95000,US,On-site,United States,M
2023,Senior-level,Full-Time,Data Analyst,140000,USD,140000,US,On-site,United States,M
2024,Senior-level,Full-Time,Data Scientist,237200,USD,237200,US,On-site,United States,M
2024,Senior-level,Full-Time,Data Analyst,175520,USD,175520,US,On-site,United States,M
2023,Mid-level,Full-Time,Data Analyst,85000,USD,85000,US,On-site,United States,M
2023,Senior-level,Full-Time,Machine Learning Engineer,215000,USD,215000,US,On-site,United States,M
2023,Entry-level/Junior,Full-Time,Data Analyst,85000,USD,85000,CA,Fully Remote,United States,M
2024,Senior-level,Full-Time,Data Engineer,145000,USD,145000,US,On-site,United States,M
2024,Mid-level,Full-Time,Data Analyst,107500,USD,107500,US,On-site,United States,M
2022,Entry-level/Junior,Full-Time,Data Engineer,86000,USD,86000,US,Fully Remote,United States,L
2024,Entry-level/Junior,Full-Time,Data Engineer,87550,USD,87550,US,Fully Remote,United States,M
2023,Senior-level,Full-Time,Data Scientist,189750,USD,189750,US,On-site,United States,M
2023,Senior-level,Full-Time,Machine Learning Engineer,125000,USD,125000,US,On-site,United States,M
2023,Senior-level,Full-Time,Data Scientist,129300,USD,129300,US,On-site,United States,M
2023,Senior-level,Full-Time,Data Engineer,160000,USD,160000,US,On-site,United States,M
2023,Senior-level,Full-Time,Data Analyst,81800,USD,81800,US,On-site,United States,M
2024,Executive-level,Full-Time,Data Engineer,219650,USD,219650,US,Fully Remote,United States,M
2023,Senior-level,Full-Time,Data Scientist,210550,USD,210550,US,On-site,United States,M
2023,Senior-level,Full-Time,Business Intelligence,104300,USD,104300,US,On-site,United States,L
2023,Senior-level,Full-Time,Data Scientist,128100,USD,128100,US,On-site,United States,M
2022,Senior-level,Full-Time,Data Scientist,198800,USD,198800,US,On-site,United States,M
2023,Senior-level,Full-Time,Data Scientist,184000,USD,184000,US,Fully Remote,United States,M
2022,Senior-level,Full-Time,Data Scientist,202800,USD,202800,US,On-site,United States,L
2023,Entry-level/Junior,Full-Time,Data Researcher,120000,USD,120000,US,On-site,United States,M
2023,Senior-level,Full-Time,Data Engineer,252000,USD,252000,US,On-site,United States,M
2023,Mid-level,Full-Time,Data Engineer,84000,USD,84000,US,Fully Remote,United States,M
2023,Mid-level,Full-Time,Data Engineer,32000,GBP,39372,GB,On-site,United Kingdom,M
2022,Senior-level,Full-Time,Data Engineer,155000,USD,155000,US,Fully Remote,United States,M
2023,Senior-level,Full-Time,Data Scientist,180300,USD,180300,US,Fully Remote,United States,M
2023,Senior-level,Full-Time,Machine Learning Engineer,392000,USD,392000,US,On-site,United States,M
2023,Mid-level,Full-Time,Data Engineer,131000,USD,131000,CO,On-site,Colombia,M
2023,Senior-level,Full-Time,Machine Learning Engineer,138700,USD,138700,US,On-site,United States,M
2024,Senior-level,Full-Time,Data Scientist,185000,USD,185000,US,On-site,United States,M
2023,Senior-level,Full-Time,Data Scientist,175000,USD,175000,US,Fully Remote,United States,M
2022,Senior-level,Full-Time,Data Analyst,112900,USD,112900,US,Fully Remote,United States,M
2023,Entry-level/Junior,Full-Time,Data Scientist,70000,USD,70000,US,On-site,United States,M
2023,Mid-level,Full-Time,Data Scientist,166000,USD,166000,US,Fully Remote,United States,M
2023,Senior-level,Full-Time,Machine Learning Engineer,135000,USD,135000,US,On-site,United States,M
2023,Mid-level,Full-Time,Data Scientist,73000,USD,73000,US,On-site,United States,M
2024,Mid-level,Full-Time,Business Intelligence,74300,USD,74300,US,On-site,United States,M
2024,Mid-level,Full-Time,Business Intelligence,70692,USD,70692,US,Fully Remote,United States,M
2022,Senior-level,Full-Time,Data Analyst,110600,USD,110600,US,On-site,United States,M
2024,Senior-level,Full-Time,Machine Learning Engineer,216700,USD,216700,US,Fully Remote,United States,M
2023,Mid-level,Full-Time,Data Analyst,96750,USD,96750,US,On-site,United States,M
2024,Senior-level,Full-Time,Machine Learning Engineer,200000,USD,200000,US,On-site,United States,M
2023,Senior-level,Full-Time,Data Analyst,119800,USD,119800,US,Fully Remote,United States,M
2023,Senior-level,Full-Time,Data Engineer,131414,USD,131414,US,Fully Remote,United States,M
2022,Senior-level,Full-Time,Data Engineer,125000,USD,125000,US,Fully Remote,United States,M
2023,Senior-level,Full-Time,Machine Learning Engineer,210000,USD,210000,US,Fully Remote,United States,M
2024,Mid-level,Full-Time,Data Scientist,158100,USD,158100,US,On-site,United States,M
2023,Entry-level/Junior,Full-Time,Data Scientist,190000,USD,190000,US,On-site,United States,M
2021,Senior-level,Full-Time,Machine Learning Engineer,70000,EUR,82744,BE,Hybrid,Belgium,M
2023,Senior-level,Full-Time,Data Architect,205000,USD,205000,US,Fully Remote,United States,M
2024,Senior-level,Full-Time,Machine Learning Engineer,198000,USD,198000,US,On-site,United States,M
2024,Senior-level,Full-Time,Data Scientist,279000,USD,279000,US,Fully Remote,United States,M
2023,Senior-level,Full-Time,Data Scientist,309400,USD,309400,US,On-site,United States,L
2023,Senior-level,Full-Time,Data Researcher,180000,USD,180000,US,On-site,United States,M
2023,Senior-level,Full-Time,Data Architect,136000,USD,136000,US,On-site,United States,M
2023,Senior-level,Full-Time,Data Analyst,75000,USD,75000,US,Fully Remote,United States,M
2023,Entry-level/Junior,Full-Time,Data Researcher,162240,USD,162240,US,On-site,United States,M
2024,Mid-level,Full-Time,Data Engineer,133000,USD,133000,US,On-site,United States,M
2023,Senior-level,Full-Time,Data Scientist,169000,USD,169000,US,On-site,United States,M
2024,Mid-level,Full-Time,Machine Learning Engineer,198000,USD,198000,US,On-site,United States,M
2024,Mid-level,Full-Time,Data Researcher,128900,USD,128900,US,On-site,United States,M
2023,Senior-level,Full-Time,Data Scientist,183500,USD,183500,US,Fully Remote,United States,M
2024,Senior-level,Full-Time,Data Engineer,105000,USD,105000,US,On-site,United States,M
2024,Senior-level,Full-Time,Data Engineer,60000,GBP,75000,GB,On-site,United Kingdom,M
2023,Senior-level,Full-Time,Data Scientist,238000,USD,238000,CA,Fully Remote,Canada,M
2023,Senior-level,Full-Time,Business Intelligence,185000,USD,185000,US,On-site,United States,L
2023,Mid-level,Full-Time,Data Scientist,220000,USD,220000,US,On-site,United States,M
2024,Senior-level,Full-Time,Data Scientist,156400,USD,156400,US,On-site,United States,M
2024,Senior-level,Full-Time,Data Analyst,85000,USD,85000,US,On-site,United States,M
2023,Senior-level,Full-Time,Data Scientist,262000,USD,262000,US,Fully Remote,United States,M
2023,Mid-level,Full-Time,Data Engineer,40000,GBP,49216,GB,Fully Remote,United Kingdom,M
2023,Senior-level,Full-Time,Data Analyst,153800,USD,153800,US,Fully Remote,United States,M
2023,Entry-level/Junior,Full-Time,Data Scientist,119200,USD,119200,US,On-site,United States,M
2022,Entry-level/Junior,Full-Time,Data Scientist,80000,EUR,84053,BE,Fully Remote,Belgium,L
2023,Senior-level,Full-Time,Data Management,150000,USD,150000,US,Fully Remote,United States,M
2023,Mid-level,Full-Time,Data Engineer,180000,USD,180000,US,On-site,United States,M
2024,Mid-level,Full-Time,Data Engineer,24000,GBP,30000,GB,Fully Remote,United Kingdom,M
2023,Senior-level,Full-Time,Data Analyst,73100,USD,73100,US,On-site,United States,M
2024,Executive-level,Full-Time,Business Intelligence,120000,USD,120000,US,On-site,United States,M
2023,Mid-level,Full-Time,Business Intelligence,135000,USD,135000,US,Fully Remote,United States,M
2023,Mid-level,Full-Time,Data Engineer,105300,USD,105300,US,On-site,United States,M
2022,Senior-level,Full-Time,Data Analyst,81666,USD,81666,US,Fully Remote,United States,M
2023,Entry-level/Junior,Full-Time,Data Analyst,67500,USD,67500,US,On-site,United States,M
2023,Senior-level,Full-Time,Data Engineer,120000,USD,120000,US,On-site,United States,M
2024,Senior-level,Full-Time,Data Engineer,208000,USD,208000,US,On-site,United States,M
2023,Senior-level,Full-Time,Data Scientist,144500,USD,144500,US,On-site,United States,M
2023,Mid-level,Full-Time,Data Analyst,64500,USD,64500,US,On-site,United States,M
2023,Senior-level,Full-Time,Data Researcher,370000,USD,370000,US,On-site,United States,M
2023,Mid-level,Full-Time,Data Scientist,222200,USD,222200,US,On-site,United States,L
2023,Senior-level,Full-Time,Business Intelligence,79600,USD,79600,US,On-site,United States,L
2024,Entry-level/Junior,Full-Time,Data Researcher,200000,USD,200000,US,On-site,United States,M
2024,Mid-level,Full-Time,Data Engineer,193000,USD,193000,US,On-site,United States,M
2023,Senior-level,Full-Time,Data Engineer,175000,USD,175000,US,Fully Remote,United States,M
2024,Senior-level,Full-Time,Data Management,131200,USD,131200,US,Fully Remote,United States,M
2023,Senior-level,Full-Time,Machine Learning Engineer,170000,USD,170000,US,On-site,United States,M
2024,Mid-level,Full-Time,Data Operation,68850,USD,68850,US,On-site,United States,M
2023,Senior-level,Full-Time,Machine Learning Engineer,184000,USD,184000,US,On-site,United States,M
2024,Mid-level,Full-Time,Data Engineer,210100,USD,210100,US,On-site,United States,M
2024,Entry-level/Junior,Full-Time,Data Researcher,105000,USD,105000,US,Fully Remote,United States,M
2024,Mid-level,Full-Time,Data Management,47500,USD,47500,US,On-site,United States,M
2024,Senior-level,Full-Time,Machine Learning Engineer,151600,USD,151600,US,On-site,United States,M
2023,Senior-level,Full-Time,Data Scientist,104000,USD,104000,US,Fully Remote,United States,M
2023,Senior-level,Full-Time,Data Scientist,140000,USD,140000,US,Fully Remote,United States,M
2024,Entry-level/Junior,Part-Time,Data Analyst,93000,USD,93000,US,On-site,United States,M
2023,Senior-level,Full-Time,Data Researcher,225000,USD,225000,US,On-site,United States,M
2024,Senior-level,Full-Time,Data Scientist,206000,USD,206000,US,Fully Remote,United States,M
2022,Senior-level,Full-Time,Data Analyst,115000,USD,115000,US,On-site,United States,L
2023,Executive-level,Full-Time,Data Engineer,210914,USD,210914,US,Fully Remote,United States,M
2023,Mid-level,Full-Time,Data Analyst,38000,GBP,46755,GB,On-site,United Kingdom,M
2023,Executive-level,Full-Time,Data Management,110000,USD,110000,BR,Fully Remote,Brazil,M
2023,Senior-level,Full-Time,Data Analyst,145000,USD,145000,US,On-site,United States,M
2022,Senior-level,Full-Time,Machine Learning Engineer,150000,USD,150000,US,Fully Remote,United States,L
2024,Senior-level,Full-Time,Data Engineer,148000,USD,148000,US,On-site,United States,M
2023,Senior-level,Full-Time,Data Scientist,201650,USD,201650,US,On-site,United States,M
2023,Senior-level,Full-Time,Data Researcher,247250,USD,247250,US,On-site,United States,M
2023,Entry-level/Junior,Full-Time,Data Researcher,100000,USD,100000,US,On-site,United States,M
2022,Senior-level,Full-Time,Data Engineer,84000,GBP,103432,GB,On-site,United Kingdom,M
2023,Senior-level,Full-Time,Data Architect,114000,USD,114000,US,Fully Remote,United States,M
2023,Executive-level,Full-Time,Data Scientist,220000,USD,220000,US,On-site,United States,M
2023,Senior-level,Full-Time,Machine Learning Engineer,225000,USD,225000,US,Fully Remote,United States,M
2023,Mid-level,Full-Time,Data Management,73500,USD,73500,US,On-site,United States,M
2023,Senior-level,Full-Time,Data Analyst,126277,USD,126277,US,Fully Remote,United States,M
2023,Mid-level,Full-Time,Data Scientist,212000,USD,212000,US,On-site,United States,M
2023,Senior-level,Full-Time,Data Analyst,169000,USD,169000,US,On-site,United States,M
2022,Executive-level,Full-Time,Data Scientist,175100,USD,175100,US,On-site,United States,M
2023,Senior-level,Full-Time,Data Scientist,147100,USD,147100,US,On-site,United States,M
2023,Senior-level,Full-Time,Data Scientist,164000,USD,164000,US,Fully Remote,United States,M
2023,Mid-level,Full-Time,Data Engineer,142000,USD,142000,CA,On-site,Canada,M
2024,Senior-level,Full-Time,Data Researcher,440000,USD,440000,US,On-site,United States,M
2022,Executive-level,Full-Time,Data Engineer,200000,USD,200000,US,On-site,United States,M
2023,Senior-level,Full-Time,Data Scientist,119000,USD,119000,US,Fully Remote,United States,M
2021,Senior-level,Full-Time,Data Architect,125000,CAD,99703,CA,Hybrid,Canada,M
2024,Senior-level,Full-Time,Data Scientist,124875,USD,124875,US,On-site,United States,M
2023,Executive-level,Full-Time,Data Researcher,220000,USD,220000,US,On-site,United States,M
2023,Senior-level,Full-Time,Data Scientist,36000,EUR,38868,ES,On-site,Spain,M
2023,Mid-level,Full-Time,Data Architect,110000,USD,110000,US,Fully Remote,United States,M
2023,Mid-level,Full-Time,Machine Learning Engineer,135000,USD,135000,US,Hybrid,United States,L
2023,Mid-level,Full-Time,Data Engineer,75000,USD,75000,US,On-site,United States,M
2023,Senior-level,Full-Time,Data Engineer,300000,USD,300000,US,On-site,United States,M
2023,Executive-level,Full-Time,Data Scientist,168000,USD,168000,US,On-site,United States,M
2023,Mid-level,Full-Time,Data Analyst,65000,USD,65000,US,Fully Remote,United States,M
2022,Senior-level,Full-Time,Data Scientist,100000,USD,100000,US,On-site,United States,L
2024,Senior-level,Full-Time,Data Researcher,180000,USD,180000,US,On-site,United States,M
2022,Senior-level,Full-Time,Data Scientist,119300,USD,119300,US,On-site,United States,L
2024,Mid-level,Full-Time,Business Intelligence,207000,USD,207000,US,On-site,United States,M
2023,Executive-level,Full-Time,Data Scientist,185000,USD,185000,US,On-site,United States,M
2024,Entry-level/Junior,Full-Time,Data Analyst,23000,GBP,28750,GB,On-site,United Kingdom,M
2024,Senior-level,Full-Time,Data Scientist,170000,USD,170000,US,On-site,United States,M
2023,Mid-level,Full-Time,Data Analyst,111151,USD,111151,US,Fully Remote,United States,M
2024,Executive-level,Full-Time,Data Engineer,179000,USD,179000,US,On-site,United States,M
2023,Mid-level,Full-Time,Data Engineer,110000,USD,110000,US,On-site,United States,M
2024,Entry-level/Junior,Full-Time,Data Analyst,97500,USD,97500,US,On-site,United States,M
2023,Executive-level,Full-Time,Data Engineer,350000,USD,350000,US,Fully Remote,United States,M
2024,Senior-level,Full-Time,Data Architect,117000,USD,117000,US,On-site,United States,M
2024,Senior-level,Full-Time,Data Scientist,120000,USD,120000,CA,On-site,Canada,M
2023,Executive-level,Full-Time,Data Engineer,168000,USD,168000,US,Fully Remote,United States,M
2023,Senior-level,Full-Time,Data Developer,113000,USD,113000,US,Fully Remote,United States,M
2023,Senior-level,Full-Time,Data Scientist,213300,USD,213300,GB,On-site,United Kingdom,M
2023,Mid-level,Full-Time,Data Scientist,93300,USD,93300,US,On-site,United States,M
2024,Senior-level,Full-Time,Data Scientist,106000,USD,106000,US,On-site,United States,M
2023,Mid-level,Full-Time,Data Scientist,93400,USD,93400,US,On-site,United States,M
2023,Senior-level,Full-Time,Data Scientist,175000,USD,175000,US,Fully Remote,United States,M
2024,Senior-level,Full-Time,Data Developer,50000,GBP,62500,GB,On-site,United Kingdom,M
2022,Mid-level,Full-Time,Data Engineer,75000,GBP,92350,GB,Fully Remote,United Kingdom,M
2023,Senior-level,Full-Time,Data Engineer,90000,USD,90000,US,On-site,United States,M
2024,Entry-level/Junior,Full-Time,Data Analyst,115000,USD,115000,US,On-site,United States,M
2024,Senior-level,Full-Time,Data Scientist,185490,USD,185490,US,On-site,United States,M
2023,Senior-level,Full-Time,Data Engineer,120000,USD,120000,US,Fully Remote,United States,M
2024,Senior-level,Full-Time,Business Intelligence,104828,USD,104828,US,On-site,United States,M
2024,Senior-level,Full-Time,Machine Learning Engineer,225000,USD,225000,US,Fully Remote,United States,M
2023,Entry-level/Junior,Full-Time,Data Scientist,85600,USD,85600,US,On-site,United States,M
2023,Senior-level,Full-Time,Data Scientist,168000,USD,168000,US,Fully Remote,United States,M
2023,Entry-level/Junior,Full-Time,Data Engineer,65000,GBP,79976,GB,On-site,United Kingdom,M
2023,Mid-level,Full-Time,Data Analyst,127075,USD,127075,US,Fully Remote,United States,M
2024,Mid-level,Full-Time,Data Scientist,93000,USD,93000,US,Fully Remote,United States,M
2023,Senior-level,Full-Time,Data Engineer,252000,USD,252000,US,On-site,United States,M
2023,Senior-level,Full-Time,Business Intelligence,225000,USD,225000,US,On-site,United States,M
2023,Senior-level,Full-Time,Data Engineer,160000,USD,160000,US,On-site,United States,M
2023,Mid-level,Full-Time,Business Intelligence,130000,USD,130000,US,Fully Remote,United States,M
2024,Senior-level,Full-Time,Data Scientist,130000,USD,130000,US,On-site,United States,M
2024,Executive-level,Full-Time,Data Scientist,160000,USD,160000,US,On-site,United States,M
2024,Senior-level,Full-Time,Data Researcher,278700,USD,278700,US,On-site,United States,M
2023,Senior-level,Full-Time,Data Architect,150000,USD,150000,US,On-site,United States,M
2023,Senior-level,Full-Time,Data Scientist,184000,USD,184000,US,On-site,United States,M
2022,Senior-level,Full-Time,Data Engineer,209100,USD,209100,US,Fully Remote,United States,L
2023,Senior-level,Full-Time,Data Engineer,110000,USD,110000,US,On-site,United States,M
2023,Senior-level,Full-Time,Data Scientist,130000,USD,130000,US,On-site,United States,M
2023,Senior-level,Full-Time,Machine Learning Engineer,247500,USD,247500,US,On-site,United States,M
2024,Entry-level/Junior,Full-Time,Data Analyst,72000,USD,72000,US,Fully Remote,United States,M
2024,Senior-level,Full-Time,Business Intelligence,21600,USD,21600,PH,On-site,Philippines,M
2023,Senior-level,Full-Time,Data Scientist,110000,USD,110000,US,Fully Remote,United States,M
2023,Senior-level,Full-Time,Data Scientist,184000,USD,184000,US,Fully Remote,United States,M
2024,Mid-level,Full-Time,Machine Learning Engineer,200000,USD,200000,US,Fully Remote,United States,M
2022,Senior-level,Full-Time,Data Engineer,130000,USD,130000,US,Fully Remote,United States,M
2023,Mid-level,Full-Time,Business Intelligence,80750,USD,80750,CA,On-site,Canada,M
2023,Mid-level,Full-Time,Data Operation,60000,USD,60000,US,On-site,United States,M
2023,Senior-level,Full-Time,Machine Learning Engineer,210000,USD,210000,US,On-site,United States,M
2023,Mid-level,Full-Time,Data Analyst,105000,USD,105000,US,On-site,United States,M
2023,Senior-level,Full-Time,Data Engineer,180514,USD,180514,GB,Fully Remote,United Kingdom,M
2024,Executive-level,Full-Time,Data Engineer,130000,USD,130000,US,On-site,United States,M
2023,Senior-level,Full-Time,Data Scientist,136000,USD,136000,US,On-site,United States,L
2024,Mid-level,Full-Time,Data Management,166363,USD,166363,US,On-site,United States,M
2020,Mid-level,Full-Time,Data Engineer,106000,USD,106000,US,Fully Remote,United States,L
2023,Senior-level,Full-Time,Data Scientist,272400,USD,272400,US,On-site,United States,L
2023,Senior-level,Full-Time,Business Intelligence,202800,USD,202800,US,On-site,United States,L
2023,Mid-level,Full-Time,Data Engineer,95000,USD,95000,US,Fully Remote,United States,M
2023,Entry-level/Junior,Full-Time,Data Engineer,85000,USD,85000,US,On-site,United States,M
2023,Senior-level,Full-Time,Data Scientist,166000,USD,166000,GB,On-site,United Kingdom,M
2024,Senior-level,Full-Time,Data Engineer,130100,USD,130100,US,On-site,United States,M
2023,Senior-level,Full-Time,Data Analyst,128000,USD,128000,US,On-site,United States,M
2022,Senior-level,Full-Time,Data Engineer,184700,USD,184700,US,On-site,United States,M
2024,Senior-level,Full-Time,Machine Learning Engineer,150000,USD,150000,US,On-site,United States,M
2023,Senior-level,Full-Time,Data Engineer,115000,USD,115000,US,On-site,United States,M
2023,Senior-level,Full-Time,Machine Learning Engineer,169850,USD,169850,US,Fully Remote,United States,M
2022,Mid-level,Full-Time,Data Scientist,25000,USD,25000,TR,Hybrid,Turkey,M
2024,Senior-level,Full-Time,Data Analyst,107000,USD,107000,CA,On-site,Canada,M
2023,Senior-level,Full-Time,Data Researcher,157250,USD,157250,US,Fully Remote,United States,M
2024,Mid-level,Full-Time,Data Scientist,170200,USD,170200,US,On-site,United States,M
2023,Senior-level,Full-Time,Data Scientist,211000,USD,211000,US,On-site,United States,M
2023,Senior-level,Full-Time,Data Researcher,175000,USD,175000,US,On-site,United States,M
2022,Senior-level,Full-Time,Data Scientist,129300,USD,129300,US,On-site,United States,M
2024,Mid-level,Full-Time,Data Scientist,112000,USD,112000,US,On-site,United States,M
2023,Senior-level,Full-Time,Machine Learning Engineer,214500,USD,214500,US,On-site,United States,M
2023,Senior-level,Full-Time,Data Architect,168000,USD,168000,US,Fully Remote,United States,M
2023,Senior-level,Full-Time,Machine Learning Engineer,180300,USD,180300,US,On-site,United States,M
2022,Senior-level,Full-Time,Data Engineer,130000,USD,130000,US,Fully Remote,United States,M
2023,Mid-level,Full-Time,Data Operation,50000,USD,50000,US,On-site,United States,M
2024,Entry-level/Junior,Full-Time,Data Analyst,133000,USD,133000,US,On-site,United States,M
2024,Mid-level,Full-Time,Data Scientist,80000,GBP,100000,GB,On-site,United Kingdom,M
2023,Senior-level,Full-Time,Data Analyst,125000,USD,125000,US,Fully Remote,United States,M
2022,Senior-level,Full-Time,Data Engineer,185800,USD,185800,CA,Fully Remote,Canada,M
2023,Senior-level,Full-Time,Data Researcher,225000,USD,225000,FR,On-site,France,M
2024,Mid-level,Full-Time,Data Engineer,62000,USD,62000,US,On-site,United States,M
2024,Senior-level,Full-Time,Data Scientist,157900,USD,157900,CA,Fully Remote,Canada,M
2024,Mid-level,Full-Time,Data Scientist,170200,USD,170200,US,On-site,United States,M
2023,Senior-level,Full-Time,Machine Learning Engineer,225000,USD,225000,US,Fully Remote,United States,M
2024,Senior-level,Full-Time,Data Engineer,86000,USD,86000,US,On-site,United States,M
2023,Mid-level,Full-Time,Machine Learning Engineer,258700,USD,258700,US,On-site,United States,M
2023,Senior-level,Full-Time,Machine Learning Engineer,200000,USD,200000,US,On-site,United States,M
2024,Mid-level,Full-Time,Business Intelligence,134000,USD,134000,US,On-site,United States,M
2023,Senior-level,Full-Time,Data Analyst,160000,USD,160000,US,Fully Remote,United States,M
2024,Mid-level,Full-Time,Data Scientist,86800,USD,86800,US,On-site,United States,M
2024,Senior-level,Full-Time,Data Scientist,165000,USD,165000,US,On-site,United States,M
2023,Senior-level,Full-Time,Data Engineer,70000,USD,70000,US,On-site,United States,M
2023,Senior-level,Full-Time,Machine Learning Engineer,204500,USD,204500,US,On-site,United States,M
2023,Senior-level,Full-Time,Data Engineer,146850,USD,146850,US,On-site,United States,M
2023,Senior-level,Full-Time,Data Engineer,85000,USD,85000,US,Fully Remote,United States,M
2023,Mid-level,Full-Time,Machine Learning Engineer,73100,USD,73100,US,On-site,United States,M
2023,Entry-level/Junior,Full-Time,Data Researcher,162170,USD,162170,US,Fully Remote,United States,M
2023,Senior-level,Full-Time,Machine Learning Engineer,319000,USD,319000,US,Fully Remote,United States,M
2023,Senior-level,Full-Time,Machine Learning Engineer,283780,USD,283780,US,On-site,United States,M
2023,Entry-level/Junior,Full-Time,Data Scientist,110000,USD,110000,US,On-site,United States,M
2023,Senior-level,Full-Time,Data Scientist,140000,USD,140000,US,On-site,United States,M
2023,Executive-level,Full-Time,Data Management,100000,USD,100000,US,On-site,United States,M
2023,Senior-level,Full-Time,Data Engineer,75000,USD,75000,US,On-site,United States,M
2023,Senior-level,Full-Time,Data Engineer,225000,USD,225000,US,On-site,United States,M
2023,Mid-level,Full-Time,Data Engineer,102000,USD,102000,US,On-site,United States,M
2024,Senior-level,Full-Time,Data Analyst,122500,USD,122500,US,Fully Remote,United States,M
2024,Mid-level,Full-Time,Data Engineer,105000,USD,105000,US,Fully Remote,United States,M
2023,Senior-level,Full-Time,Data Analyst,81666,USD,81666,US,Fully Remote,United States,M
2024,Senior-level,Full-Time,Machine Learning Engineer,220000,USD,220000,US,On-site,United States,M
2024,Senior-level,Full-Time,Data Architect,117000,USD,117000,US,On-site,United States,M
2023,Senior-level,Full-Time,Data Management,110400,USD,110400,US,On-site,United States,M
2023,Senior-level,Full-Time,Data Scientist,185900,USD,185900,US,On-site,United States,M
2024,Mid-level,Full-Time,Data Engineer,138278,USD,138278,US,On-site,United States,M
2023,Senior-level,Full-Time,Data Engineer,197000,USD,197000,US,On-site,United States,M
2023,Senior-level,Full-Time,Data Researcher,185000,USD,185000,US,On-site,United States,M
2023,Senior-level,Full-Time,Data Scientist,222200,USD,222200,US,On-site,United States,L
2023,Senior-level,Full-Time,Data Engineer,100000,USD,100000,US,On-site,United States,M
2024,Mid-level,Full-Time,Data Scientist,148100,USD,148100,US,Fully Remote,United States,M
2024,Mid-level,Full-Time,Data Scientist,246000,USD,246000,US,Fully Remote,United States,M
2023,Senior-level,Full-Time,Data Engineer,163800,USD,163800,US,On-site,United States,M
2023,Senior-level,Full-Time,Machine Learning Engineer,170700,USD,170700,US,On-site,United States,M
2023,Senior-level,Full-Time,Data Operation,50700,USD,50700,US,Fully Remote,United States,M
2023,Senior-level,Full-Time,Business Intelligence,67000,USD,67000,US,On-site,United States,M
2023,Senior-level,Full-Time,Data Scientist,231650,USD,231650,US,On-site,United States,M
2021,Senior-level,Full-Time,Data Engineer,153000,USD,153000,US,Fully Remote,United States,L
2023,Mid-level,Full-Time,Data Architect,240000,USD,240000,US,Fully Remote,United States,M
2023,Executive-level,Full-Time,Business Intelligence,172200,USD,172200,US,On-site,United States,M
2024,Senior-level,Full-Time,Data Engineer,185000,USD,185000,US,Fully Remote,United States,M
2023,Entry-level/Junior,Full-Time,Machine Learning Engineer,20000,EUR,21593,PT,Hybrid,Portugal,L
2023,Mid-level,Full-Time,Business Intelligence,81500,USD,81500,US,On-site,United States,M
2024,Senior-level,Full-Time,Data Scientist,214500,USD,214500,US,On-site,United States,M
2023,Senior-level,Full-Time,Machine Learning Engineer,220000,USD,220000,US,Fully Remote,United States,M
2022,Senior-level,Full-Time,Data Analyst,95000,USD,95000,US,On-site,United States,M
2023,Senior-level,Full-Time,Data Analyst,130000,USD,130000,US,Fully Remote,United States,M
2023,Mid-level,Full-Time,Data Scientist,162000,USD,162000,US,On-site,United States,M
2024,Mid-level,Full-Time,Business Intelligence,99600,USD,99600,US,On-site,United States,M
2023,Senior-level,Full-Time,Data Scientist,272550,USD,272550,US,On-site,United States,M
2023,Mid-level,Full-Time,Data Scientist,840000,THB,24613,TH,Hybrid,Thailand,L
2022,Senior-level,Full-Time,Machine Learning Engineer,200000,USD,200000,US,Fully Remote,United States,M
2023,Senior-level,Full-Time,Data Engineer,310000,USD,310000,US,On-site,United States,M
2022,Mid-level,Full-Time,Data Scientist,180000,USD,180000,US,On-site,United States,M
2022,Senior-level,Full-Time,Data Engineer,80000,USD,80000,US,Fully Remote,United States,M
2023,Mid-level,Full-Time,Data Engineer,60000,GBP,73824,GB,On-site,United Kingdom,M
2024,Mid-level,Full-Time,Data Analyst,90000,USD,90000,US,On-site,United States,M
2024,Senior-level,Full-Time,Data Engineer,76500,USD,76500,US,On-site,United States,M
2024,Senior-level,Full-Time,Data Scientist,150000,USD,150000,US,On-site,United States,M
2024,Mid-level,Full-Time,Data Engineer,110000,USD,110000,US,On-site,United States,M
2022,Senior-level,Full-Time,Data Scientist,191475,USD,191475,US,Fully Remote,United States,M
2023,Senior-level,Full-Time,Data Scientist,145000,USD,145000,US,On-site,United States,M
2023,Mid-level,Full-Time,Business Intelligence,165000,USD,165000,US,On-site,United States,M
2023,Executive-level,Full-Time,Data Scientist,249600,USD,249600,US,Fully Remote,United States,M
2023,Senior-level,Full-Time,Machine Learning Engineer,127600,USD,127600,US,On-site,United States,M
2023,Senior-level,Full-Time,Machine Learning Engineer,150000,USD,150000,US,On-site,United States,M
2023,Senior-level,Full-Time,Machine Learning Engineer,184950,USD,184950,US,On-site,United States,M
2023,Senior-level,Full-Time,Data Scientist,171000,USD,171000,US,On-site,United States,M
2023,Senior-level,Full-Time,Data Scientist,130000,USD,130000,US,Fully Remote,United States,M
2023,Mid-level,Full-Time,Data Scientist,92000,USD,92000,US,On-site,United States,M
2024,Senior-level,Full-Time,Data Engineer,160000,USD,160000,US,On-site,United States,M
2023,Mid-level,Full-Time,Data Scientist,156000,USD,156000,US,On-site,United States,M
2024,Senior-level,Full-Time,Machine Learning Engineer,137930,USD,137930,CA,On-site,Canada,M
2024,Senior-level,Full-Time,Machine Learning Engineer,215000,USD,215000,US,On-site,United States,M
2024,Senior-level,Full-Time,Data Engineer,184000,USD,184000,US,On-site,United States,M
2023,Senior-level,Full-Time,Data Scientist,132000,USD,132000,US,On-site,United States,M
2023,Senior-level,Full-Time,Business Intelligence,79600,USD,79600,US,On-site,United States,L
2023,Senior-level,Full-Time,Data Researcher,253750,USD,253750,ES,On-site,Spain,M
2023,Senior-level,Full-Time,Data Engineer,170000,USD,170000,US,On-site,United States,M
2023,Senior-level,Full-Time,Machine Learning Engineer,184000,USD,184000,US,On-site,United States,M
2023,Senior-level,Full-Time,Data Scientist,129300,USD,129300,US,On-site,United States,M
2023,Senior-level,Full-Time,Data Analyst,74400,USD,74400,US,Fully Remote,United States,M
2023,Senior-level,Full-Time,Data Engineer,130000,USD,130000,US,Fully Remote,United States,M
2023,Senior-level,Full-Time,Data Engineer,250000,USD,250000,US,Fully Remote,United States,M
2023,Executive-level,Full-Time,Data Analyst,125000,USD,125000,US,On-site,United States,M
2023,Senior-level,Full-Time,Data Architect,115000,USD,115000,US,Fully Remote,United States,M
2023,Senior-level,Full-Time,Data Engineer,65000,EUR,70179,PT,On-site,Portugal,M
2023,Senior-level,Full-Time,Data Engineer,182500,USD,182500,US,Fully Remote,United States,M
2022,Entry-level/Junior,Full-Time,Data Analyst,27000,EUR,28368,FR,Hybrid,France,M
2023,Senior-level,Full-Time,Data Scientist,222200,USD,222200,US,On-site,United States,L
2022,Mid-level,Full-Time,Data Scientist,90000,USD,90000,US,On-site,United States,M
2023,Senior-level,Full-Time,Machine Learning Engineer,250000,USD,250000,US,On-site,United States,M
2023,Senior-level,Full-Time,Data Architect,200000,USD,200000,US,Fully Remote,United States,M
2024,Senior-level,Full-Time,Data Architect,178600,USD,178600,US,On-site,United States,M
2023,Mid-level,Full-Time,Data Analyst,125000,USD,125000,US,On-site,United States,M
2024,Entry-level/Junior,Full-Time,Data Analyst,90000,USD,90000,US,On-site,United States,M
2023,Mid-level,Full-Time,Data Scientist,80000,GBP,98432,GB,On-site,United Kingdom,M
2023,Senior-level,Full-Time,Data Architect,234000,USD,234000,US,Fully Remote,United States,M
2022,Mid-level,Full-Time,Data Researcher,137000,CAD,105236,CA,Hybrid,Canada,L
2023,Senior-level,Full-Time,Data Analyst,125000,USD,125000,US,On-site,United States,M
2023,Mid-level,Full-Time,Data Engineer,90000,USD,90000,US,On-site,United States,M
2023,Senior-level,Full-Time,Machine Learning Engineer,127000,USD,127000,US,On-site,United States,M
2023,Senior-level,Full-Time,Data Engineer,155800,USD,155800,US,Fully Remote,United States,M
2024,Mid-level,Full-Time,Data Engineer,160000,USD,160000,US,On-site,United States,M
2024,Mid-level,Full-Time,Data Developer,100000,USD,100000,US,On-site,United States,M
2023,Mid-level,Contract,Machine Learning Engineer,180000,USD,180000,US,Fully Remote,United States,S
2024,Mid-level,Full-Time,Data Engineer,126000,USD,126000,US,On-site,United States,M
2024,Senior-level,Full-Time,Data Architect,117000,USD,117000,US,On-site,United States,M
2023,Entry-level/Junior,Full-Time,Data Analyst,75000,GBP,92280,GB,On-site,United Kingdom,M
2023,Senior-level,Full-Time,Data Scientist,160000,USD,160000,US,On-site,United States,M
2023,Senior-level,Full-Time,Data Analyst,95000,USD,95000,CA,Fully Remote,Canada,M
2023,Entry-level/Junior,Full-Time,Data Analyst,72500,USD,72500,US,On-site,United States,M
2023,Senior-level,Full-Time,Data Engineer,135000,USD,135000,US,Fully Remote,United States,M
2023,Mid-level,Full-Time,Data Engineer,152000,USD,152000,CA,Fully Remote,Canada,M
2023,Senior-level,Full-Time,Data Engineer,66000,USD,66000,US,Fully Remote,United States,M
2024,Entry-level/Junior,Full-Time,Data Analyst,44100,USD,44100,MT,On-site,Malta,M
2022,Senior-level,Full-Time,Data Engineer,130000,USD,130000,US,On-site,United States,M
2024,Senior-level,Full-Time,Data Analyst,130000,USD,130000,US,On-site,United States,M
2023,Senior-level,Full-Time,Machine Learning Engineer,300000,USD,300000,US,On-site,United States,M
2023,Mid-level,Full-Time,Data Scientist,136000,USD,136000,US,On-site,United States,L
2023,Senior-level,Full-Time,Data Engineer,112000,USD,112000,US,On-site,United States,M
2024,Executive-level,Full-Time,Data Management,195000,USD,195000,US,On-site,United States,M
2024,Mid-level,Full-Time,Data Engineer,210100,USD,210100,US,On-site,United States,M
2023,Senior-level,Full-Time,Machine Learning Engineer,204500,USD,204500,US,On-site,United States,M
2023,Senior-level,Full-Time,Machine Learning Engineer,188800,USD,188800,US,Fully Remote,United States,M
2023,Mid-level,Full-Time,Data Analyst,100000,USD,100000,US,Fully Remote,United States,M
2023,Senior-level,Full-Time,Data Scientist,160000,USD,160000,US,Fully Remote,United States,M
2023,Senior-level,Full-Time,Data Engineer,226600,USD,226600,US,On-site,United States,M
2023,Senior-level,Full-Time,Data Engineer,190000,USD,190000,US,Fully Remote,United States,M
2023,Senior-level,Full-Time,Data Analyst,80850,USD,80850,US,On-site,United States,M
2023,Mid-level,Full-Time,Data Scientist,198000,USD,198000,US,Fully Remote,United States,M
2023,Mid-level,Full-Time,Data Analyst,105000,USD,105000,US,On-site,United States,M
2023,Entry-level/Junior,Full-Time,Data Researcher,62000,USD,62000,US,Fully Remote,United States,M
2024,Mid-level,Full-Time,Data Engineer,135000,USD,135000,US,Fully Remote,United States,M
2023,Senior-level,Full-Time,Data Scientist,160000,USD,160000,US,Fully Remote,United States,L
2023,Senior-level,Full-Time,Machine Learning Engineer,226000,USD,226000,US,Fully Remote,United States,M
2023,Senior-level,Full-Time,Data Scientist,94000,USD,94000,US,On-site,United States,M
2023,Executive-level,Full-Time,Data Scientist,249300,USD,249300,US,On-site,United States,M
2024,Senior-level,Full-Time,Data Scientist,138000,USD,138000,US,On-site,United States,M
2023,Senior-level,Full-Time,Data Researcher,190000,USD,190000,US,On-site,United States,M
2023,Senior-level,Full-Time,Machine Learning Engineer,95000,USD,95000,CA,Fully Remote,Canada,M
2023,Senior-level,Full-Time,Data Engineer,170000,USD,170000,US,Fully Remote,United States,L
2023,Mid-level,Full-Time,Data Researcher,275000,USD,275000,US,On-site,United States,M
2023,Senior-level,Full-Time,Data Architect,140000,USD,140000,US,Fully Remote,United States,M
2023,Entry-level/Junior,Full-Time,Data Engineer,100000,USD,100000,DE,Hybrid,United States,L
2023,Senior-level,Full-Time,Machine Learning Engineer,269000,USD,269000,CA,Fully Remote,Canada,M
2023,Mid-level,Full-Time,Data Scientist,160000,USD,160000,US,On-site,United States,M
2024,Senior-level,Full-Time,Data Scientist,115000,USD,115000,US,Fully Remote,United States,M
2022,Mid-level,Full-Time,Data Analyst,140000,USD,140000,US,On-site,United States,M
2023,Senior-level,Full-Time,Machine Learning Engineer,150000,USD,150000,US,Fully Remote,United States,M
2022,Senior-level,Full-Time,Data Analyst,177000,USD,177000,US,On-site,United States,M
2024,Senior-level,Full-Time,Data Engineer,175000,USD,175000,US,On-site,United States,M
2023,Senior-level,Full-Time,Data Engineer,120000,USD,120000,US,Fully Remote,United States,M
2022,Senior-level,Full-Time,Data Scientist,120000,USD,120000,US,Fully Remote,United States,M
2023,Entry-level/Junior,Full-Time,Data Scientist,26800,GBP,32974,GB,On-site,United Kingdom,M
2023,Senior-level,Full-Time,Data Analyst,120000,USD,120000,US,Fully Remote,United States,M
2023,Senior-level,Full-Time,Data Scientist,153000,USD,153000,US,Fully Remote,United States,M
2023,Mid-level,Full-Time,Data Scientist,131000,USD,131000,US,Fully Remote,United States,M
2023,Senior-level,Full-Time,Data Engineer,289800,USD,289800,US,On-site,United States,M
2023,Senior-level,Full-Time,Data Scientist,189750,USD,189750,US,On-site,United States,M
2024,Senior-level,Full-Time,Business Intelligence,31200,EUR,34666,LV,On-site,Latvia,M
2024,Mid-level,Full-Time,Business Intelligence,67060,USD,67060,US,On-site,United States,M
2022,Entry-level/Junior,Full-Time,Data Scientist,40000,USD,40000,AU,Fully Remote,Pakistan,M
2023,Senior-level,Full-Time,Data Scientist,140000,USD,140000,US,Fully Remote,United States,M
2024,Senior-level,Full-Time,Machine Learning Engineer,163000,USD,163000,US,Fully Remote,United States,M
2022,Senior-level,Full-Time,Data Engineer,185000,USD,185000,US,Fully Remote,United States,M
2024,Mid-level,Full-Time,Business Intelligence,62100,USD,62100,US,On-site,United States,M
2022,Senior-level,Full-Time,Data Scientist,138600,USD,138600,US,Fully Remote,United States,M
2023,Senior-level,Full-Time,Data Operation,111600,USD,111600,US,On-site,United States,M
2023,Senior-level,Full-Time,Data Scientist,195000,USD,195000,US,Fully Remote,United States,M
2022,Mid-level,Full-Time,Data Scientist,50000,GBP,61566,GB,On-site,United Kingdom,M
2023,Mid-level,Full-Time,Data Engineer,145000,USD,145000,US,On-site,United States,M
2023,Senior-level,Full-Time,Data Engineer,180000,USD,180000,US,Fully Remote,United States,M
2021,Senior-level,Full-Time,Machine Learning Engineer,24000,USD,24000,BR,Fully Remote,Brazil,M
2023,Senior-level,Full-Time,Data Scientist,157750,USD,157750,US,On-site,United States,M
2024,Executive-level,Full-Time,Data Scientist,221000,USD,221000,US,On-site,United States,M
2023,Senior-level,Full-Time,Data Engineer,160000,USD,160000,US,Fully Remote,United States,M
2024,Entry-level/Junior,Full-Time,Data Analyst,159870,USD,159870,US,On-site,United States,M
2022,Senior-level,Full-Time,Data Engineer,140000,USD,140000,US,Fully Remote,United States,M
2024,Senior-level,Full-Time,Machine Learning Engineer,73200,EUR,81333,LT,On-site,Lithuania,M
2024,Entry-level/Junior,Full-Time,Data Analyst,120000,USD,120000,US,On-site,United States,M
2023,Senior-level,Full-Time,Data Analyst,142000,USD,142000,US,On-site,United States,M
2023,Senior-level,Full-Time,Data Engineer,266450,USD,266450,US,On-site,United States,M
2023,Executive-level,Full-Time,Data Analyst,145000,USD,145000,US,On-site,United States,M
2023,Mid-level,Full-Time,Data Analyst,93000,USD,93000,US,Fully Remote,United States,L
2022,Mid-level,Full-Time,Data Engineer,145000,USD,145000,US,On-site,United States,M
2023,Mid-level,Full-Time,Data Engineer,187000,USD,187000,US,Fully Remote,United States,M
2023,Senior-level,Full-Time,Data Scientist,222200,USD,222200,US,On-site,United States,L
2024,Senior-level,Full-Time,Data Analyst,174000,USD,174000,US,Fully Remote,United States,M
2022,Senior-level,Full-Time,Data Scientist,129300,USD,129300,US,On-site,United States,M
2023,Senior-level,Full-Time,Data Developer,53300,USD,53300,US,On-site,United States,M
2023,Senior-level,Full-Time,Data Analyst,70000,USD,70000,US,On-site,United States,M
2023,Senior-level,Full-Time,Data Scientist,145000,USD,145000,US,On-site,United States,M
2024,Senior-level,Full-Time,Machine Learning Engineer,159000,USD,159000,US,On-site,United States,M
2023,Senior-level,Full-Time,Machine Learning Engineer,140000,USD,140000,US,Fully Remote,United States,M
2023,Senior-level,Full-Time,Data Engineer,160000,USD,160000,US,On-site,United States,M
2022,Senior-level,Full-Time,Data Scientist,141525,USD,141525,US,Fully Remote,United States,M
2024,Senior-level,Full-Time,Data Scientist,250000,USD,250000,US,Fully Remote,United States,M
2023,Senior-level,Full-Time,Data Scientist,115100,USD,115100,US,On-site,United States,L
2022,Mid-level,Full-Time,Data Scientist,135000,USD,135000,US,Fully Remote,United States,L
2023,Mid-level,Full-Time,Data Engineer,123000,USD,123000,US,On-site,United States,M
2024,Senior-level,Full-Time,Data Researcher,200800,USD,200800,US,On-site,United States,M
2022,Senior-level,Full-Time,Data Researcher,144000,USD,144000,US,Hybrid,United States,L
2022,Mid-level,Full-Time,Data Scientist,58000,EUR,60938,DE,On-site,Germany,M
2023,Senior-level,Full-Time,Data Scientist,258000,USD,258000,US,On-site,United States,M
2023,Mid-level,Full-Time,Data Engineer,130000,USD,130000,US,On-site,United States,M
2023,Senior-level,Full-Time,Machine Learning Engineer,302000,USD,302000,US,On-site,United States,M
2023,Senior-level,Full-Time,Data Engineer,133832,USD,133832,US,On-site,United States,M
2023,Senior-level,Full-Time,Data Scientist,127000,USD,127000,US,Fully Remote,United States,M
2023,Entry-level/Junior,Full-Time,Data Analyst,27000,GBP,33220,GB,On-site,United Kingdom,M
2023,Senior-level,Full-Time,Data Engineer,200000,USD,200000,US,Fully Remote,United States,M
2022,Senior-level,Full-Time,Data Analyst,171000,USD,171000,US,Fully Remote,Australia,L
2023,Senior-level,Full-Time,Data Engineer,142400,USD,142400,US,On-site,United States,M
2023,Mid-level,Full-Time,Data Management,115500,USD,115500,US,On-site,United States,M
2023,Senior-level,Full-Time,Data Engineer,150000,USD,150000,US,On-site,United States,M
2024,Senior-level,Full-Time,Data Scientist,90000,USD,90000,US,On-site,United States,M
2024,Mid-level,Full-Time,Data Scientist,198000,USD,198000,US,On-site,United States,M
2022,Entry-level/Junior,Full-Time,Data Management,45600,USD,45600,US,Fully Remote,United States,M
2021,Senior-level,Full-Time,Data Scientist,135000,USD,135000,US,On-site,United States,L
2024,Senior-level,Full-Time,Data Engineer,146000,USD,146000,US,On-site,United States,M
2022,Senior-level,Full-Time,Data Engineer,231250,USD,231250,US,Fully Remote,United States,M
2023,Senior-level,Full-Time,Data Analyst,132000,USD,132000,US,Fully Remote,United States,M
2022,Mid-level,Full-Time,Machine Learning Engineer,148500,USD,148500,US,Fully Remote,United States,L
2023,Mid-level,Full-Time,Machine Learning Engineer,180000,USD,180000,US,On-site,United States,M
2024,Senior-level,Full-Time,Data Scientist,150000,USD,150000,US,Fully Remote,United States,M
2023,Senior-level,Full-Time,Data Engineer,232000,USD,232000,US,On-site,United States,M
2024,Senior-level,Full-Time,Data Engineer,154000,USD,154000,US,On-site,United States,M
2023,Senior-level,Full-Time,Data Management,258500,USD,258500,US,Fully Remote,United States,M
2023,Senior-level,Full-Time,Machine Learning Engineer,140000,USD,140000,US,On-site,United States,M
2023,Senior-level,Full-Time,Data Scientist,120000,USD,120000,US,On-site,United States,M
2023,Mid-level,Full-Time,Machine Learning Engineer,158200,USD,158200,US,On-site,United States,M
2024,Mid-level,Full-Time,Data Engineer,126600,USD,126600,US,On-site,United States,M
2023,Senior-level,Full-Time,Data Scientist,148750,USD,148750,US,On-site,United States,M
2023,Senior-level,Full-Time,Data Engineer,72000,EUR,77737,ES,Fully Remote,Spain,M
2024,Mid-level,Full-Time,Data Engineer,80000,USD,80000,US,On-site,United States,M
2024,Senior-level,Full-Time,Machine Learning Engineer,250000,USD,250000,US,Fully Remote,United States,M
2022,Senior-level,Full-Time,Data Scientist,196000,USD,196000,US,Fully Remote,United States,M
2024,Senior-level,Full-Time,Data Scientist,112000,USD,112000,US,On-site,United States,M
2023,Senior-level,Full-Time,Data Scientist,80000,USD,80000,US,Fully Remote,United States,M
2023,Senior-level,Full-Time,Data Engineer,230000,USD,230000,US,On-site,United States,M
2024,Mid-level,Full-Time,Data Operation,54000,USD,54000,US,On-site,United States,M
2024,Senior-level,Full-Time,Data Scientist,248600,USD,248600,US,On-site,United States,M
2023,Entry-level/Junior,Full-Time,Data Analyst,55000,GBP,67672,GB,On-site,United Kingdom,M
2023,Mid-level,Full-Time,Machine Learning Engineer,250000,USD,250000,US,On-site,United States,M
2023,Senior-level,Full-Time,Data Engineer,162000,USD,162000,US,Fully Remote,United States,M
2023,Senior-level,Full-Time,Machine Learning Engineer,158000,USD,158000,US,Fully Remote,United States,M
2024,Senior-level,Full-Time,Business Intelligence,147600,USD,147600,US,On-site,United States,M
2023,Entry-level/Junior,Full-Time,Data Analyst,23000,GBP,28299,GB,On-site,United Kingdom,M
2023,Senior-level,Full-Time,Data Scientist,93300,USD,93300,US,On-site,United States,M
2023,Senior-level,Full-Time,Data Researcher,240000,USD,240000,US,On-site,United States,M
2023,Mid-level,Full-Time,Data Engineer,250000,USD,250000,US,On-site,United States,M
2023,Senior-level,Full-Time,Data Scientist,156400,USD,156400,US,On-site,United States,M
2023,Senior-level,Full-Time,Data Operation,3000000,INR,36483,IN,Hybrid,India,L
2022,Senior-level,Full-Time,Data Scientist,190000,USD,190000,US,On-site,United States,M
2024,Senior-level,Full-Time,Data Researcher,192700,USD,192700,US,On-site,United States,M
2023,Senior-level,Full-Time,Data Analyst,171000,USD,171000,US,On-site,United States,M
2024,Mid-level,Full-Time,Business Intelligence,87800,USD,87800,US,On-site,United States,M
2023,Senior-level,Full-Time,Data Engineer,108308,USD,108308,GB,Fully Remote,United Kingdom,M
2024,Mid-level,Full-Time,Data Engineer,112000,USD,112000,US,On-site,United States,M
2021,Mid-level,Full-Time,Data Scientist,50000,USD,50000,NG,Fully Remote,Nigeria,L
2023,Senior-level,Full-Time,Data Scientist,180000,USD,180000,US,Fully Remote,United States,M
2023,Senior-level,Full-Time,Machine Learning Engineer,151600,USD,151600,US,On-site,United States,M
2023,Senior-level,Full-Time,Machine Learning Engineer,220000,USD,220000,US,On-site,United States,M
2022,Mid-level,Full-Time,Data Researcher,100000,EUR,105066,GB,Hybrid,United Kingdom,S
2023,Mid-level,Full-Time,Data Scientist,85000,USD,85000,US,On-site,United States,M
2023,Senior-level,Full-Time,Data Architect,146900,USD,146900,US,Fully Remote,United States,M
2024,Mid-level,Full-Time,Data Scientist,112000,USD,112000,US,On-site,United States,M
2023,Senior-level,Full-Time,Data Scientist,159100,USD,159100,US,On-site,United States,L
2022,Mid-level,Full-Time,Data Scientist,50000,EUR,52533,FR,Fully Remote,France,M
2023,Mid-level,Full-Time,Data Researcher,120000,USD,120000,US,Fully Remote,United States,M
2023,Senior-level,Full-Time,Data Scientist,328000,USD,328000,US,On-site,United States,M
2024,Senior-level,Full-Time,Data Scientist,157500,USD,157500,US,On-site,United States,M
2022,Senior-level,Full-Time,Machine Learning Engineer,202900,USD,202900,US,Fully Remote,United States,L
2024,Entry-level/Junior,Full-Time,Data Analyst,80000,USD,80000,US,Fully Remote,United States,M
2023,Senior-level,Full-Time,Machine Learning Engineer,151600,USD,151600,US,On-site,United States,M
2024,Senior-level,Full-Time,Data Scientist,146900,USD,146900,US,On-site,United States,M
2024,Mid-level,Full-Time,Data Scientist,119200,USD,119200,US,Fully Remote,United States,M
2023,Senior-level,Full-Time,Business Intelligence,106500,USD,106500,US,On-site,United States,M
2023,Senior-level,Full-Time,Data Scientist,168000,USD,168000,US,Fully Remote,United States,M
2024,Mid-level,Full-Time,Data Scientist,212000,USD,212000,US,On-site,United States,M
2021,Senior-level,Full-Time,Data Scientist,65720,EUR,77684,FR,Hybrid,France,M
2024,Mid-level,Full-Time,Machine Learning Engineer,73100,USD,73100,US,On-site,United States,M
2022,Mid-level,Full-Time,Data Engineer,99100,USD,99100,US,On-site,United States,M
2023,Senior-level,Full-Time,Data Architect,221800,USD,221800,US,Fully Remote,United States,M
2023,Senior-level,Full-Time,Data Engineer,97750,USD,97750,US,On-site,United States,M
2024,Senior-level,Full-Time,Data Scientist,314100,USD,314100,US,On-site,United States,M
2023,Senior-level,Full-Time,Data Engineer,112700,GBP,138666,GB,On-site,United Kingdom,M
2023,Senior-level,Full-Time,Data Researcher,141100,USD,141100,US,On-site,United States,M
2023,Senior-level,Full-Time,Data Engineer,101570,USD,101570,US,Fully Remote,United States,M
2024,Mid-level,Full-Time,Data Scientist,165000,USD,165000,US,On-site,United States,M
2024,Senior-level,Full-Time,Machine Learning Engineer,120000,USD,120000,US,Fully Remote,United States,M
2023,Senior-level,Full-Time,Data Analyst,148700,USD,148700,US,On-site,United States,M
2023,Entry-level/Junior,Full-Time,Data Scientist,150000,USD,150000,US,On-site,United States,M
2024,Mid-level,Full-Time,Data Engineer,184000,USD,184000,US,On-site,United States,M
2023,Entry-level/Junior,Full-Time,Data Analyst,56500,USD,56500,US,Hybrid,United States,L
2023,Senior-level,Full-Time,Machine Learning Engineer,238000,USD,238000,US,On-site,United States,M
2024,Senior-level,Full-Time,Machine Learning Engineer,255800,USD,255800,US,On-site,United States,M
2024,Senior-level,Full-Time,Data Engineer,108500,USD,108500,US,On-site,United States,M
2022,Senior-level,Full-Time,Data Scientist,205300,USD,205300,US,On-site,United States,M
2021,Senior-level,Freelance,Data Developer,60000,USD,60000,NG,Fully Remote,Nigeria,M
2023,Senior-level,Full-Time,Data Scientist,222200,USD,222200,US,On-site,United States,L
2024,Senior-level,Full-Time,Machine Learning Engineer,189360,USD,189360,US,Fully Remote,United States,M
2023,Senior-level,Full-Time,Data Management,68000,USD,68000,US,On-site,United States,M
2023,Senior-level,Full-Time,Data Scientist,125000,USD,125000,US,Fully Remote,United States,M
2023,Senior-level,Full-Time,Data Analyst,144100,USD,144100,US,Fully Remote,United States,M
2024,Mid-level,Full-Time,Business Intelligence,100000,USD,100000,US,On-site,United States,M
2023,Entry-level/Junior,Full-Time,Data Analyst,60000,USD,60000,US,Fully Remote,United States,M
2022,Senior-level,Full-Time,Data Analyst,61300,USD,61300,CA,Fully Remote,Canada,M
2023,Mid-level,Full-Time,Business Intelligence,35000,GBP,43064,GB,On-site,United Kingdom,M
2023,Senior-level,Full-Time,Machine Learning Engineer,266500,USD,266500,US,On-site,United States,M
2024,Mid-level,Full-Time,Data Scientist,120000,USD,120000,US,Fully Remote,United States,M
2022,Senior-level,Full-Time,Data Scientist,141525,USD,141525,US,Fully Remote,United States,M
2023,Mid-level,Full-Time,Machine Learning Engineer,237400,USD,237400,US,On-site,United States,M
2023,Entry-level/Junior,Full-Time,Business Intelligence,100000,USD,100000,US,On-site,United States,M
2023,Senior-level,Full-Time,Machine Learning Engineer,235000,USD,235000,US,On-site,United States,M
2023,Senior-level,Full-Time,Data Management,105200,USD,105200,US,On-site,United States,M
2024,Mid-level,Full-Time,Data Scientist,105000,USD,105000,US,On-site,United States,M
2024,Senior-level,Full-Time,Data Researcher,337300,USD,337300,US,On-site,United States,M
2024,Mid-level,Full-Time,Data Engineer,37200,GBP,46500,GB,On-site,United Kingdom,M
2024,Mid-level,Full-Time,Data Analyst,160000,USD,160000,US,Fully Remote,United States,M
2023,Mid-level,Full-Time,Data Scientist,162000,USD,162000,US,On-site,United States,M
2024,Senior-level,Full-Time,Machine Learning Engineer,309000,USD,309000,US,On-site,United States,M
2023,Senior-level,Full-Time,Machine Learning Engineer,60000,EUR,64781,ES,Fully Remote,Spain,M
2023,Senior-level,Full-Time,Data Engineer,132300,USD,132300,US,On-site,United States,M
2023,Senior-level,Full-Time,Data Scientist,231000,USD,231000,US,Fully Remote,United States,M
2023,Senior-level,Full-Time,Data Architect,126300,USD,126300,US,On-site,United States,M
2023,Mid-level,Full-Time,Data Engineer,50000,GBP,61520,GB,Fully Remote,United Kingdom,M
2023,Mid-level,Full-Time,Data Management,127000,USD,127000,US,Fully Remote,United States,M
2024,Mid-level,Full-Time,Data Scientist,203500,USD,203500,US,Fully Remote,United States,M
2023,Senior-level,Full-Time,Data Analyst,204500,USD,204500,US,On-site,United States,M
2024,Senior-level,Full-Time,Data Scientist,138500,USD,138500,CA,Fully Remote,Canada,M
2024,Mid-level,Full-Time,Data Scientist,222200,USD,222200,US,On-site,United States,L
2023,Mid-level,Full-Time,Data Scientist,130000,CAD,96313,CA,Fully Remote,Canada,S
2023,Senior-level,Full-Time,Data Management,110000,USD,110000,US,On-site,United States,M
2024,Senior-level,Full-Time,Data Scientist,144000,USD,144000,US,On-site,United States,M
2023,Executive-level,Full-Time,Data Engineer,113000,USD,113000,US,On-site,United States,M
2023,Senior-level,Full-Time,Data Engineer,190000,USD,190000,US,On-site,United States,M
2023,Senior-level,Full-Time,Data Researcher,87400,USD,87400,US,On-site,United States,M
2024,Senior-level,Full-Time,Machine Learning Engineer,290000,USD,290000,US,On-site,United States,M
2023,Senior-level,Full-Time,Data Scientist,225000,USD,225000,US,Fully Remote,United States,M
2023,Senior-level,Full-Time,Data Scientist,159100,USD,159100,US,On-site,United States,L
2023,Senior-level,Full-Time,Data Engineer,152375,USD,152375,US,On-site,United States,M
2023,Senior-level,Full-Time,Machine Learning Engineer,200000,USD,200000,US,On-site,United States,M
2023,Senior-level,Full-Time,Data Analyst,48000,EUR,51824,ES,On-site,Spain,M
2023,Entry-level/Junior,Full-Time,Data Scientist,70000,USD,70000,US,On-site,United States,M
2022,Senior-level,Full-Time,Machine Learning Engineer,195400,USD,195400,US,Fully Remote,United States,L
2023,Senior-level,Full-Time,Machine Learning Engineer,184700,USD,184700,US,On-site,United States,M
2024,Senior-level,Full-Time,Data Scientist,139500,USD,139500,US,On-site,United States,M
2024,Mid-level,Full-Time,Data Analyst,72500,USD,72500,US,On-site,United States,M
2023,Senior-level,Full-Time,Data Analyst,140130,USD,140130,US,On-site,United States,M
2022,Entry-level/Junior,Full-Time,Data Scientist,50000,USD,50000,US,Hybrid,Germany,M
2023,Senior-level,Full-Time,Data Scientist,239748,USD,239748,US,On-site,United States,M
2023,Senior-level,Full-Time,Data Engineer,145000,USD,145000,US,On-site,United States,M
2023,Senior-level,Full-Time,Machine Learning Engineer,83900,USD,83900,US,On-site,United States,M
2023,Senior-level,Full-Time,Data Scientist,185900,USD,185900,US,On-site,United States,M
2024,Senior-level,Full-Time,Business Intelligence,79600,USD,79600,US,On-site,United States,L
2023,Senior-level,Full-Time,Data Scientist,201000,USD,201000,US,On-site,United States,M
2023,Entry-level/Junior,Full-Time,Data Engineer,125000,USD,125000,US,On-site,United States,M
2022,Senior-level,Full-Time,Data Analyst,128875,USD,128875,US,Fully Remote,United States,M
2024,Senior-level,Full-Time,Machine Learning Engineer,93300,USD,93300,US,On-site,United States,M
2023,Senior-level,Full-Time,Data Engineer,115000,USD,115000,US,On-site,United States,M
2023,Senior-level,Full-Time,Business Intelligence,118200,USD,118200,US,Fully Remote,United States,M
2024,Senior-level,Full-Time,Data Scientist,115000,USD,115000,US,On-site,United States,M
2024,Mid-level,Full-Time,Data Engineer,148000,USD,148000,US,On-site,United States,M
2023,Senior-level,Full-Time,Machine Learning Engineer,184700,USD,184700,US,On-site,United States,M
2023,Senior-level,Full-Time,Data Engineer,129000,USD,129000,US,On-site,United States,M
2023,Mid-level,Full-Time,Data Engineer,148000,USD,148000,US,On-site,United States,M
2023,Senior-level,Full-Time,Data Architect,330000,USD,330000,US,On-site,United States,M
2023,Senior-level,Full-Time,Data Analyst,168000,USD,168000,CA,On-site,Canada,M
2023,Mid-level,Full-Time,Data Management,130000,USD,130000,US,On-site,United States,M
2022,Senior-level,Full-Time,Data Engineer,100000,USD,100000,US,On-site,United States,M
2023,Senior-level,Full-Time,Data Scientist,136000,USD,136000,US,On-site,United States,L
2024,Senior-level,Full-Time,Data Engineer,198000,USD,198000,US,On-site,United States,M
2023,Senior-level,Full-Time,Data Scientist,215000,USD,215000,US,On-site,United States,M
2024,Executive-level,Full-Time,Data Engineer,191857,USD,191857,US,On-site,United States,M
2023,Senior-level,Full-Time,Data Analyst,84000,USD,84000,US,On-site,United States,M
2023,Senior-level,Full-Time,Machine Learning Engineer,65000,GBP,79976,GB,Fully Remote,United Kingdom,M
2023,Senior-level,Full-Time,Data Scientist,104000,USD,104000,US,On-site,United States,M
2024,Entry-level/Junior,Full-Time,Data Analyst,75000,USD,75000,US,On-site,United States,M
2023,Senior-level,Full-Time,Data Scientist,160000,USD,160000,US,On-site,United States,M
2023,Senior-level,Full-Time,Machine Learning Engineer,275000,USD,275000,US,On-site,United States,M
2023,Senior-level,Full-Time,Data Scientist,111967,USD,111967,US,Fully Remote,United States,M
2022,Senior-level,Full-Time,Machine Learning Engineer,200000,USD,200000,US,Fully Remote,United States,L
2022,Mid-level,Full-Time,Data Engineer,85000,USD,85000,US,Fully Remote,United States,M
2022,Senior-level,Full-Time,Data Scientist,120000,USD,120000,US,On-site,United States,M
2023,Mid-level,Full-Time,Data Engineer,100000,USD,100000,US,Fully Remote,United States,M
2022,Senior-level,Full-Time,Data Analyst,110600,USD,110600,US,On-site,United States,M
2024,Mid-level,Full-Time,Machine Learning Engineer,120000,EUR,133333,DE,On-site,Germany,M
2024,Senior-level,Full-Time,Data Researcher,440000,USD,440000,US,On-site,United States,M
2023,Entry-level/Junior,Full-Time,Data Engineer,80000,USD,80000,US,On-site,United States,M
2022,Senior-level,Full-Time,Data Engineer,150000,USD,150000,US,On-site,United States,M
2023,Senior-level,Full-Time,Business Intelligence,84600,USD,84600,US,Fully Remote,United States,M
2024,Entry-level/Junior,Full-Time,Data Analyst,64900,USD,64900,US,Fully Remote,United States,M
2024,Mid-level,Full-Time,Data Engineer,78000,USD,78000,US,On-site,United States,M
2023,Mid-level,Full-Time,Data Analyst,54000,USD,54000,US,Fully Remote,United States,M
2023,Mid-level,Full-Time,Data Scientist,35000,USD,35000,IN,On-site,India,L
2024,Mid-level,Full-Time,Data Engineer,68000,USD,68000,US,Fully Remote,United States,M
2023,Senior-level,Full-Time,Data Scientist,189100,USD,189100,US,On-site,United States,M
2023,Senior-level,Full-Time,Data Analyst,55000,USD,55000,US,On-site,United States,M
2023,Mid-level,Full-Time,Data Scientist,75000,USD,75000,US,On-site,United States,M
2023,Senior-level,Full-Time,Data Scientist,220000,USD,220000,US,On-site,United States,M
2024,Entry-level/Junior,Full-Time,Data Analyst,90000,USD,90000,US,On-site,United States,M
2023,Entry-level/Junior,Full-Time,Data Scientist,149800,USD,149800,US,On-site,United States,M
2023,Senior-level,Full-Time,Data Analyst,106800,USD,106800,US,On-site,United States,M
2023,Mid-level,Full-Time,Data Analyst,73100,USD,73100,US,On-site,United States,M
2024,Executive-level,Full-Time,Data Engineer,225000,USD,225000,US,On-site,United States,M
2024,Senior-level,Full-Time,Data Operation,121500,USD,121500,US,On-site,United States,M
2023,Senior-level,Full-Time,Data Scientist,183500,USD,183500,US,Fully Remote,United States,M
2023,Mid-level,Full-Time,Data Scientist,100000,USD,100000,US,Fully Remote,United States,M
2024,Mid-level,Full-Time,Data Engineer,170000,USD,170000,US,On-site,United States,M
2023,Senior-level,Full-Time,Data Architect,210000,USD,210000,US,Fully Remote,United States,M
2023,Senior-level,Full-Time,Data Scientist,122600,USD,122600,US,On-site,United States,M
2024,Senior-level,Full-Time,Data Scientist,244800,USD,244800,US,On-site,United States,M
2023,Mid-level,Full-Time,Data Scientist,169000,USD,169000,US,On-site,United States,M
2020,Entry-level/Junior,Full-Time,Data Scientist,300000,DKK,45896,DK,Hybrid,Denmark,S
2024,Senior-level,Full-Time,Data Researcher,94600,USD,94600,US,On-site,United States,M
2024,Mid-level,Full-Time,Data Management,130000,USD,130000,US,On-site,United States,M
2023,Senior-level,Full-Time,Data Engineer,121700,USD,121700,US,Fully Remote,United States,M
2023,Senior-level,Full-Time,Data Researcher,127300,USD,127300,US,On-site,United States,L
2023,Senior-level,Full-Time,Data Scientist,359170,USD,359170,US,On-site,United States,M
2023,Senior-level,Full-Time,Data Scientist,255000,USD,255000,US,On-site,United States,M
2023,Senior-level,Full-Time,Data Scientist,146000,USD,146000,US,Fully Remote,United States,M
2023,Entry-level/Junior,Full-Time,Data Analyst,94035,USD,94035,US,Fully Remote,United States,M
2023,Senior-level,Full-Time,Data Analyst,94000,USD,94000,US,On-site,United States,M
2023,Senior-level,Full-Time,Data Scientist,82365,USD,82365,US,On-site,United States,M
2023,Senior-level,Full-Time,Data Engineer,252000,USD,252000,US,On-site,United States,M
2022,Senior-level,Full-Time,Data Engineer,122500,USD,122500,US,Fully Remote,United States,M
2024,Senior-level,Full-Time,Data Engineer,130000,USD,130000,US,Fully Remote,United States,M
2023,Senior-level,Full-Time,Data Researcher,142200,USD,142200,US,On-site,United States,M
2023,Senior-level,Full-Time,Data Engineer,170000,USD,170000,US,On-site,United States,M
2023,Entry-level/Junior,Full-Time,Data Researcher,98000,USD,98000,US,On-site,United States,M
2024,Mid-level,Full-Time,Data Scientist,146000,USD,146000,CA,On-site,Canada,M
2024,Senior-level,Full-Time,Data Management,95300,USD,95300,US,Fully Remote,United States,M
2024,Mid-level,Full-Time,Data Scientist,170000,USD,170000,US,On-site,United States,M
2023,Senior-level,Full-Time,Data Scientist,150000,USD,150000,US,Fully Remote,United States,M
2023,Mid-level,Full-Time,Data Engineer,130000,USD,130000,US,On-site,United States,M
2024,Senior-level,Full-Time,Data Researcher,234000,USD,234000,US,On-site,United States,M
2022,Senior-level,Full-Time,Data Scientist,130240,USD,130240,US,On-site,United States,M
2023,Senior-level,Full-Time,Data Researcher,253000,USD,253000,US,Fully Remote,United States,M
2023,Senior-level,Full-Time,Data Engineer,160000,USD,160000,US,On-site,United States,M
2023,Mid-level,Full-Time,Data Analyst,65000,USD,65000,US,On-site,United States,M
2024,Senior-level,Full-Time,Data Analyst,166000,USD,166000,US,On-site,United States,M
2022,Mid-level,Full-Time,Data Analyst,100000,USD,100000,US,On-site,United States,M
2024,Mid-level,Full-Time,Data Scientist,168000,USD,168000,US,On-site,United States,M
2024,Senior-level,Full-Time,Business Intelligence,85000,GBP,106250,GB,On-site,United Kingdom,M
2023,Senior-level,Full-Time,Data Scientist,173175,USD,173175,CA,Fully Remote,Canada,M
2023,Senior-level,Full-Time,Data Analyst,74178,USD,74178,US,On-site,United States,M
2024,Senior-level,Full-Time,Data Analyst,160000,USD,160000,US,On-site,United States,M
2022,Mid-level,Full-Time,Data Analyst,65000,USD,65000,US,On-site,United States,M
2022,Senior-level,Full-Time,Machine Learning Engineer,204500,USD,204500,US,On-site,United States,M
2023,Senior-level,Full-Time,Data Management,110400,USD,110400,US,On-site,United States,M
2023,Senior-level,Full-Time,Data Engineer,123600,USD,123600,US,Fully Remote,United States,M
2023,Senior-level,Full-Time,Data Scientist,110250,USD,110250,US,On-site,United States,M
2022,Senior-level,Full-Time,Data Scientist,101570,USD,101570,US,Fully Remote,United States,M
2022,Entry-level/Junior,Full-Time,Data Management,77300,USD,77300,US,Fully Remote,United States,M
2023,Senior-level,Full-Time,Data Analyst,75000,USD,75000,US,Fully Remote,United States,M
2023,Senior-level,Full-Time,Data Analyst,160000,USD,160000,US,Fully Remote,United States,M
2024,Senior-level,Full-Time,Machine Learning Engineer,296400,USD,296400,US,On-site,United States,M
2023,Senior-level,Full-Time,Data Scientist,200000,USD,200000,US,Fully Remote,United States,M
2023,Senior-level,Full-Time,Data Engineer,231250,USD,231250,US,Fully Remote,United States,M
2023,Senior-level,Full-Time,Data Engineer,113750,USD,113750,US,On-site,United States,M
2023,Executive-level,Full-Time,Data Engineer,204500,USD,204500,US,On-site,United States,M
2023,Senior-level,Full-Time,Data Scientist,165000,USD,165000,US,On-site,United States,M
2024,Entry-level/Junior,Full-Time,Data Scientist,166000,USD,166000,US,Fully Remote,United States,M
2023,Senior-level,Full-Time,Business Intelligence,125000,USD,125000,US,On-site,United States,M
2023,Senior-level,Full-Time,Machine Learning Engineer,170000,USD,170000,US,On-site,United States,M
2023,Senior-level,Full-Time,Data Engineer,247300,USD,247300,US,Fully Remote,United States,M
2022,Senior-level,Full-Time,Machine Learning Engineer,180000,USD,180000,US,Fully Remote,United States,M
2022,Senior-level,Full-Time,Machine Learning Engineer,180000,USD,180000,US,Fully Remote,United States,M
2024,Senior-level,Full-Time,Data Architect,381500,USD,381500,US,On-site,United States,M
2023,Senior-level,Full-Time,Data Scientist,1000000,THB,29301,TH,Hybrid,Thailand,M
2023,Senior-level,Full-Time,Data Engineer,200000,USD,200000,US,Fully Remote,United States,L
2022,Senior-level,Full-Time,Data Scientist,38000,USD,38000,US,Fully Remote,United States,M
2023,Senior-level,Full-Time,Data Scientist,135000,USD,135000,US,Fully Remote,United States,M
2022,Senior-level,Full-Time,Data Architect,102100,USD,102100,US,On-site,United States,M
2023,Entry-level/Junior,Full-Time,Business Intelligence,65000,USD,65000,US,On-site,United States,M
2023,Senior-level,Full-Time,Data Researcher,170112,USD,170112,US,On-site,United States,M
2024,Mid-level,Full-Time,Data Operation,100000,USD,100000,US,On-site,United States,M
2024,Entry-level/Junior,Full-Time,Data Analyst,73756,USD,73756,US,On-site,United States,M
2024,Senior-level,Full-Time,Data Engineer,199700,USD,199700,US,On-site,United States,M
2023,Senior-level,Full-Time,Machine Learning Engineer,170000,AUD,114979,AU,Fully Remote,Australia,L
2023,Executive-level,Full-Time,Business Intelligence,172200,USD,172200,US,On-site,United States,M
2023,Senior-level,Full-Time,Machine Learning Engineer,176100,USD,176100,US,On-site,United States,L
2023,Mid-level,Full-Time,Data Developer,130000,USD,130000,US,Fully Remote,United States,M
2024,Entry-level/Junior,Full-Time,Data Scientist,82915,USD,82915,US,On-site,United States,M
2023,Senior-level,Full-Time,Data Scientist,210000,USD,210000,US,Fully Remote,United States,M
2024,Mid-level,Full-Time,Data Scientist,166000,USD,166000,US,On-site,United States,M
2023,Senior-level,Full-Time,Data Architect,306000,USD,306000,US,Fully Remote,United States,M
2023,Senior-level,Full-Time,Data Scientist,162000,USD,162000,US,On-site,United States,M
2023,Mid-level,Full-Time,Data Engineer,90000,GBP,110736,GB,Fully Remote,United Kingdom,M
2024,Senior-level,Full-Time,Machine Learning Engineer,212000,USD,212000,EG,On-site,Egypt,M
2024,Mid-level,Full-Time,Data Analyst,65000,USD,65000,US,On-site,United States,M
2024,Mid-level,Full-Time,Data Scientist,250000,USD,250000,US,On-site,United States,M
2023,Senior-level,Full-Time,Data Engineer,81500,USD,81500,US,On-site,United States,M
2024,Mid-level,Full-Time,Data Analyst,165500,USD,165500,US,Fully Remote,United States,M
2023,Senior-level,Full-Time,Machine Learning Engineer,193600,USD,193600,US,On-site,United States,M
2023,Entry-level/Junior,Full-Time,Data Scientist,101400,BRL,19910,BR,Fully Remote,Brazil,L
2023,Mid-level,Full-Time,Data Engineer,167500,USD,167500,US,On-site,United States,M
2023,Senior-level,Full-Time,Data Analyst,165000,USD,165000,US,Fully Remote,United States,M
2023,Mid-level,Full-Time,Data Researcher,193500,USD,193500,US,On-site,United States,M
2024,Mid-level,Full-Time,Business Intelligence,186846,USD,186846,US,On-site,United States,M
2023,Mid-level,Full-Time,Data Researcher,238000,USD,238000,US,On-site,United States,M
2023,Senior-level,Full-Time,Data Engineer,170000,USD,170000,US,On-site,United States,M
2023,Senior-level,Full-Time,Business Intelligence,106500,USD,106500,US,On-site,United States,M
2024,Mid-level,Full-Time,Machine Learning Engineer,125100,USD,125100,US,On-site,United States,M
2024,Senior-level,Full-Time,Machine Learning Engineer,303400,USD,303400,US,Fully Remote,United States,M
2023,Mid-level,Full-Time,Machine Learning Engineer,125000,USD,125000,US,On-site,United States,M
2024,Senior-level,Full-Time,Data Analyst,200200,USD,200200,US,On-site,United States,M
2023,Mid-level,Full-Time,Data Analyst,95000,USD,95000,US,On-site,United States,M
2024,Senior-level,Full-Time,Data Architect,99750,USD,99750,US,Fully Remote,United States,M
2024,Senior-level,Full-Time,Data Scientist,260000,USD,260000,US,On-site,United States,L
2024,Mid-level,Full-Time,Data Scientist,123800,USD,123800,US,Fully Remote,United States,M
2022,Senior-level,Full-Time,Data Engineer,250000,USD,250000,US,On-site,United States,M
2023,Senior-level,Full-Time,Data Scientist,170000,USD,170000,US,Fully Remote,United States,M
2023,Senior-level,Full-Time,Data Researcher,145900,USD,145900,US,On-site,United States,M
2024,Senior-level,Full-Time,Business Intelligence,172800,USD,172800,US,On-site,United States,M
2023,Senior-level,Full-Time,Data Scientist,86700,USD,86700,US,On-site,United States,L
2023,Senior-level,Full-Time,Data Scientist,122900,USD,122900,US,On-site,United States,L
2022,Senior-level,Full-Time,Data Developer,146200,USD,146200,US,Fully Remote,United States,M
2024,Entry-level/Junior,Full-Time,Data Analyst,140000,USD,140000,US,On-site,United States,M
2023,Senior-level,Full-Time,Data Engineer,120000,USD,120000,US,On-site,United States,M
2023,Senior-level,Full-Time,Data Scientist,180000,USD,180000,US,On-site,United States,M
2023,Entry-level/Junior,Full-Time,Data Analyst,50000,USD,50000,US,On-site,United States,M
2024,Senior-level,Full-Time,Data Engineer,131414,USD,131414,US,Fully Remote,United States,M
2022,Senior-level,Full-Time,Machine Learning Engineer,185000,USD,185000,MX,Fully Remote,Mexico,M
2023,Entry-level/Junior,Full-Time,Data Analyst,86000,USD,86000,US,On-site,United States,M
2024,Senior-level,Full-Time,Data Scientist,212000,USD,212000,US,On-site,United States,M
2024,Mid-level,Full-Time,Machine Learning Engineer,114800,USD,114800,US,On-site,United States,M
2023,Senior-level,Full-Time,Data Scientist,159375,USD,159375,US,Fully Remote,United States,M
2024,Senior-level,Full-Time,Machine Learning Engineer,180000,USD,180000,US,On-site,United States,M
2024,Senior-level,Full-Time,Data Analyst,115000,USD,115000,US,On-site,United States,M
2023,Senior-level,Full-Time,Business Intelligence,225000,USD,225000,US,On-site,United States,M
2024,Senior-level,Full-Time,Data Analyst,120000,USD,120000,US,On-site,United States,M
2022,Senior-level,Full-Time,Data Scientist,51000,USD,51000,US,Fully Remote,United States,M
2023,Senior-level,Full-Time,Business Intelligence,112655,USD,112655,US,Fully Remote,United States,M
2021,Mid-level,Full-Time,Data Scientist,76760,EUR,90734,DE,Hybrid,Germany,L
2022,Mid-level,Full-Time,Data Engineer,260000,USD,260000,US,On-site,United States,M
2024,Mid-level,Full-Time,Data Scientist,86000,USD,86000,US,On-site,United States,M
2023,Senior-level,Full-Time,Machine Learning Engineer,184590,USD,184590,US,On-site,United States,M
2024,Mid-level,Full-Time,Data Engineer,308000,USD,308000,US,On-site,United States,M
2023,Mid-level,Full-Time,Data Engineer,155000,USD,155000,US,On-site,United States,M
2023,Senior-level,Full-Time,Data Engineer,190100,USD,190100,US,Fully Remote,United States,M
2023,Senior-level,Full-Time,Data Scientist,191000,USD,191000,US,Fully Remote,United States,M
2023,Senior-level,Full-Time,Data Researcher,374000,USD,374000,US,On-site,United States,M
2023,Senior-level,Full-Time,Data Scientist,228000,USD,228000,US,On-site,United States,M
2023,Entry-level/Junior,Full-Time,Data Analyst,86000,USD,86000,US,On-site,United States,M
2023,Senior-level,Full-Time,Business Intelligence,135000,USD,135000,US,Fully Remote,United States,M
2024,Senior-level,Full-Time,Machine Learning Engineer,95325,USD,95325,US,On-site,United States,M
2023,Senior-level,Full-Time,Data Analyst,106000,USD,106000,US,On-site,United States,M
2023,Senior-level,Full-Time,Data Scientist,183500,USD,183500,US,Fully Remote,United States,M
2023,Senior-level,Full-Time,Data Analyst,150000,USD,150000,US,On-site,United States,M
2023,Mid-level,Full-Time,Business Intelligence,68274,USD,68274,US,On-site,United States,M
2023,Senior-level,Full-Time,Data Engineer,150000,USD,150000,US,Fully Remote,United States,M
2023,Senior-level,Full-Time,Data Engineer,72000,USD,72000,US,Fully Remote,United States,M
2022,Senior-level,Full-Time,Data Engineer,154000,USD,154000,US,Fully Remote,United States,M
2023,Senior-level,Full-Time,Data Researcher,345000,USD,345000,US,On-site,United States,M
2023,Senior-level,Full-Time,Data Engineer,83900,USD,83900,US,On-site,United States,M
2024,Senior-level,Full-Time,Data Researcher,164000,USD,164000,US,Fully Remote,United States,M
2021,Mid-level,Full-Time,Machine Learning Engineer,81000,EUR,95746,DE,Fully Remote,United States,S
2023,Senior-level,Full-Time,Data Engineer,136600,USD,136600,US,Fully Remote,United States,M
2023,Senior-level,Full-Time,Data Analyst,74400,USD,74400,US,On-site,United States,M
2023,Senior-level,Full-Time,Data Analyst,122000,USD,122000,US,Fully Remote,United States,M
2023,Senior-level,Full-Time,Data Scientist,235000,USD,235000,US,Fully Remote,United States,M
2020,Senior-level,Full-Time,Data Scientist,80000,EUR,91237,AT,On-site,Austria,S
2023,Senior-level,Full-Time,Data Researcher,156400,USD,156400,US,Fully Remote,United States,M
2023,Mid-level,Full-Time,Machine Learning Engineer,219000,USD,219000,US,Hybrid,United States,L
2024,Senior-level,Full-Time,Data Analyst,83576,USD,83576,US,On-site,United States,M
2023,Senior-level,Full-Time,Data Analyst,104300,USD,104300,US,On-site,United States,L
2024,Senior-level,Full-Time,Machine Learning Engineer,92000,USD,92000,AR,Fully Remote,Argentina,M
2023,Senior-level,Full-Time,Data Scientist,189750,USD,189750,US,On-site,United States,M
2023,Senior-level,Full-Time,Data Engineer,112200,USD,112200,US,On-site,United States,M
2023,Senior-level,Full-Time,Data Engineer,143000,USD,143000,US,Fully Remote,United States,M
2023,Mid-level,Full-Time,Data Engineer,129300,USD,129300,US,On-site,United States,M
2023,Mid-level,Full-Time,Data Management,115500,USD,115500,US,On-site,United States,M
2024,Mid-level,Full-Time,Data Engineer,118400,USD,118400,US,On-site,United States,M
2023,Senior-level,Full-Time,Machine Learning Engineer,212800,USD,212800,US,On-site,United States,M
2023,Mid-level,Full-Time,Machine Learning Engineer,180000,USD,180000,US,On-site,United States,M
2024,Mid-level,Full-Time,Data Scientist,42507,GBP,53133,GB,On-site,United Kingdom,M
2023,Senior-level,Full-Time,Data Scientist,140000,GBP,172256,GB,Fully Remote,United Kingdom,M
2023,Mid-level,Full-Time,Machine Learning Engineer,120000,USD,120000,US,On-site,United States,M
2023,Senior-level,Full-Time,Machine Learning Engineer,157250,USD,157250,US,Fully Remote,United States,M
2024,Entry-level/Junior,Full-Time,Machine Learning Engineer,162240,USD,162240,US,On-site,United States,M
2023,Senior-level,Full-Time,Data Scientist,180000,USD,180000,US,Fully Remote,United States,M
2024,Senior-level,Full-Time,Data Analyst,140000,USD,140000,US,On-site,United States,M
2023,Senior-level,Full-Time,Data Scientist,153000,USD,153000,US,Fully Remote,United States,M
2023,Entry-level/Junior,Full-Time,Data Analyst,75065,USD,75065,US,Fully Remote,United States,M
2023,Senior-level,Full-Time,Data Engineer,179820,USD,179820,US,On-site,United States,M
2023,Executive-level,Full-Time,Data Engineer,220000,USD,220000,US,On-site,United States,M
2024,Senior-level,Full-Time,Data Scientist,55000,GBP,68750,US,On-site,United States,M
2022,Mid-level,Full-Time,Data Engineer,80000,EUR,84053,ES,Fully Remote,Spain,M
2024,Senior-level,Full-Time,Data Scientist,146900,USD,146900,US,On-site,United States,M
2024,Senior-level,Full-Time,Data Scientist,130000,USD,130000,US,On-site,United States,M
2024,Senior-level,Full-Time,Data Scientist,225000,USD,225000,US,On-site,United States,M
2023,Executive-level,Full-Time,Data Scientist,353200,USD,353200,US,On-site,United States,M
2022,Senior-level,Full-Time,Data Engineer,132100,USD,132100,US,Fully Remote,United States,L
2023,Senior-level,Full-Time,Data Scientist,168800,USD,168800,US,Fully Remote,United States,M
2023,Mid-level,Full-Time,Data Engineer,114000,USD,114000,US,On-site,United States,M
2023,Senior-level,Full-Time,Data Scientist,129300,USD,129300,US,On-site,United States,M
2024,Mid-level,Full-Time,Data Scientist,170000,USD,170000,US,On-site,United States,M
2023,Senior-level,Full-Time,Data Analyst,125000,USD,125000,US,On-site,United States,M
2023,Senior-level,Full-Time,Machine Learning Engineer,280000,USD,280000,US,On-site,United States,M
2023,Senior-level,Full-Time,Machine Learning Engineer,204500,USD,204500,US,On-site,United States,M
2023,Senior-level,Full-Time,Data Researcher,155850,USD,155850,US,On-site,United States,M
2023,Senior-level,Full-Time,Machine Learning Engineer,157250,USD,157250,US,On-site,United States,M
2022,Senior-level,Full-Time,Data Engineer,132320,USD,132320,US,Fully Remote,United States,M
2024,Mid-level,Full-Time,Data Engineer,100000,USD,100000,US,On-site,United States,M
2024,Mid-level,Full-Time,Data Engineer,36620,GBP,45775,GB,On-site,United Kingdom,M
2023,Senior-level,Full-Time,Machine Learning Engineer,109400,USD,109400,US,On-site,United States,M
2024,Mid-level,Full-Time,Data Engineer,235000,USD,235000,US,On-site,United States,M
2021,Entry-level/Junior,Full-Time,Machine Learning Engineer,20000,USD,20000,IN,Fully Remote,India,S
2023,Senior-level,Full-Time,Data Engineer,160000,USD,160000,US,Fully Remote,United States,M
2024,Mid-level,Full-Time,Data Engineer,148100,USD,148100,US,Fully Remote,United States,M
2023,Senior-level,Full-Time,Data Engineer,123906,USD,123906,US,On-site,United States,M
2024,Senior-level,Full-Time,Machine Learning Engineer,167200,USD,167200,US,On-site,United States,M
2023,Mid-level,Full-Time,Machine Learning Engineer,110000,USD,110000,US,Fully Remote,United States,L
2022,Senior-level,Full-Time,Data Scientist,215300,USD,215300,US,On-site,United States,L
2024,Mid-level,Full-Time,Data Engineer,116200,USD,116200,US,On-site,United States,M
2023,Senior-level,Full-Time,Data Engineer,65000,USD,65000,US,Fully Remote,United States,M
2024,Senior-level,Full-Time,Machine Learning Engineer,190400,USD,190400,US,On-site,United States,M
2023,Senior-level,Full-Time,Machine Learning Engineer,247300,USD,247300,US,On-site,United States,M
2023,Senior-level,Full-Time,Data Engineer,133300,USD,133300,US,On-site,United States,M
2023,Mid-level,Full-Time,Data Researcher,200000,USD,200000,US,On-site,United States,M
2023,Senior-level,Full-Time,Data Scientist,145000,USD,145000,US,Fully Remote,United States,M
2023,Senior-level,Full-Time,Data Researcher,136000,USD,136000,US,On-site,United States,M
2023,Senior-level,Full-Time,Machine Learning Engineer,205318,USD,205318,US,Fully Remote,United States,M
2023,Senior-level,Full-Time,Machine Learning Engineer,170000,USD,170000,US,On-site,United States,M
2023,Senior-level,Full-Time,Data Scientist,185900,USD,185900,US,On-site,United States,M
2020,Senior-level,Full-Time,Data Scientist,120000,USD,120000,US,Hybrid,United States,L
2024,Senior-level,Full-Time,Data Architect,81800,USD,81800,US,On-site,United States,M
2023,Senior-level,Full-Time,Machine Learning Engineer,140100,USD,140100,US,On-site,United States,M
2024,Senior-level,Full-Time,Data Scientist,133200,USD,133200,US,On-site,United States,M
2024,Senior-level,Full-Time,Data Scientist,122000,USD,122000,US,On-site,United States,M
2023,Mid-level,Full-Time,Data Scientist,108560,USD,108560,US,On-site,United States,M
2024,Mid-level,Full-Time,Data Analyst,81200,USD,81200,US,On-site,United States,M
2022,Senior-level,Full-Time,Data Analyst,70000,GBP,86193,GB,On-site,United Kingdom,M
2023,Mid-level,Full-Time,Business Intelligence,153800,USD,153800,US,Fully Remote,United States,M
2023,Senior-level,Full-Time,Data Scientist,136000,USD,136000,US,On-site,United States,L
2023,Senior-level,Full-Time,Machine Learning Engineer,280000,USD,280000,US,On-site,United States,M
2021,Senior-level,Full-Time,Data Researcher,50000,USD,50000,FR,Fully Remote,United States,S
2023,Entry-level/Junior,Full-Time,Data Engineer,35000,GBP,43064,GB,Fully Remote,United Kingdom,M
2024,Senior-level,Full-Time,Data Scientist,273500,USD,273500,US,On-site,United States,M
2023,Mid-level,Full-Time,Data Engineer,146000,USD,146000,US,On-site,United States,M
2023,Senior-level,Full-Time,Data Analyst,85500,USD,85500,US,On-site,United States,M
2023,Mid-level,Full-Time,Machine Learning Engineer,180000,USD,180000,US,Fully Remote,United States,M
2024,Senior-level,Full-Time,Data Analyst,82000,USD,82000,US,On-site,United States,M
2024,Senior-level,Full-Time,Business Intelligence,147500,USD,147500,US,Fully Remote,United States,M
2023,Mid-level,Full-Time,Data Researcher,102000,USD,102000,US,On-site,United States,M
2023,Executive-level,Full-Time,Data Management,329500,USD,329500,US,On-site,United States,M
2023,Senior-level,Full-Time,Machine Learning Engineer,218000,USD,218000,US,Fully Remote,United States,M
2024,Senior-level,Full-Time,Business Intelligence,134900,USD,134900,US,On-site,United States,M
2022,Mid-level,Full-Time,Data Analyst,1440000,INR,18314,IN,Hybrid,India,L
2022,Senior-level,Full-Time,Data Scientist,180000,USD,180000,US,Fully Remote,United States,M
2020,Mid-level,Full-Time,Data Scientist,115000,USD,115000,AE,On-site,United Arab Emirates,L
2023,Executive-level,Full-Time,Data Engineer,135000,USD,135000,US,On-site,United States,M
2024,Senior-level,Full-Time,Data Developer,71000,USD,71000,CA,On-site,Canada,M
2020,Mid-level,Full-Time,Data Researcher,450000,USD,450000,US,On-site,United States,M
2023,Executive-level,Full-Time,Data Scientist,200000,USD,200000,US,On-site,United States,M
2022,Senior-level,Full-Time,Data Analyst,68400,USD,68400,US,Fully Remote,United States,M
2022,Senior-level,Full-Time,Data Analyst,95000,USD,95000,US,On-site,United States,M
2023,Mid-level,Full-Time,Data Scientist,54000,USD,54000,KR,On-site,South Korea,S
2024,Senior-level,Full-Time,Data Engineer,168600,USD,168600,US,Fully Remote,United States,M
2024,Executive-level,Full-Time,Data Engineer,160000,USD,160000,US,On-site,United States,M
2023,Senior-level,Full-Time,Data Analyst,160000,USD,160000,US,Fully Remote,United States,M
2024,Senior-level,Full-Time,Data Researcher,144600,USD,144600,US,On-site,United States,M
2021,Entry-level/Junior,Full-Time,Data Scientist,2200000,INR,29751,IN,Hybrid,India,L
2022,Mid-level,Full-Time,Data Engineer,75000,USD,75000,US,Fully Remote,United States,M
2022,Senior-level,Full-Time,Data Engineer,145000,USD,145000,US,On-site,United States,M
2024,Executive-level,Full-Time,Data Engineer,314000,USD,314000,CA,Fully Remote,Canada,M
2023,Senior-level,Full-Time,Data Engineer,124500,USD,124500,US,On-site,United States,M
2023,Mid-level,Full-Time,Data Engineer,175000,USD,175000,US,On-site,United States,M
2024,Mid-level,Full-Time,Data Scientist,179000,USD,179000,US,On-site,United States,M
2023,Senior-level,Full-Time,Data Scientist,187000,USD,187000,US,On-site,United States,M
2023,Mid-level,Full-Time,Data Engineer,123500,USD,123500,US,On-site,United States,M
2023,Senior-level,Full-Time,Data Scientist,198200,USD,198200,US,Fully Remote,United States,M
2023,Senior-level,Full-Time,Data Scientist,143250,USD,143250,US,On-site,United States,M
2023,Mid-level,Full-Time,Data Analyst,150000,USD,150000,US,On-site,United States,M
2024,Senior-level,Full-Time,Data Engineer,194500,USD,194500,US,On-site,United States,M
2024,Mid-level,Full-Time,Data Researcher,73000,USD,73000,US,On-site,United States,M
2023,Mid-level,Full-Time,Data Engineer,169000,USD,169000,US,On-site,United States,M
2022,Senior-level,Full-Time,Data Scientist,136000,USD,136000,US,Fully Remote,United States,M
2021,Senior-level,Full-Time,Data Analyst,45000,GBP,61896,GB,Hybrid,United Kingdom,L
2023,Senior-level,Full-Time,Machine Learning Engineer,331640,USD,331640,US,On-site,United States,M
2023,Mid-level,Full-Time,Business Intelligence,80000,USD,80000,US,Fully Remote,United States,M
2023,Senior-level,Full-Time,Data Researcher,132500,USD,132500,US,On-site,United States,M
2023,Senior-level,Full-Time,Data Scientist,203649,USD,203649,US,Fully Remote,United States,M
2023,Senior-level,Full-Time,Data Researcher,125000,USD,125000,US,On-site,United States,M
2023,Senior-level,Full-Time,Data Engineer,145000,USD,145000,US,On-site,United States,M
2023,Senior-level,Full-Time,Data Management,350000,USD,350000,US,On-site,United States,M
2023,Senior-level,Full-Time,Data Scientist,153600,USD,153600,US,On-site,United States,M
2024,Senior-level,Full-Time,Machine Learning Engineer,220600,USD,220600,US,On-site,United States,M
2023,Senior-level,Full-Time,Business Intelligence,165600,USD,165600,US,On-site,United States,L
2023,Mid-level,Full-Time,Data Scientist,72700,USD,72700,US,On-site,United States,M
2024,Senior-level,Full-Time,Data Scientist,180000,USD,180000,US,On-site,United States,M
2023,Senior-level,Full-Time,Data Scientist,145900,USD,145900,US,On-site,United States,M
2023,Senior-level,Full-Time,Data Engineer,160000,USD,160000,US,Fully Remote,United States,M
2023,Senior-level,Full-Time,Business Intelligence,66825,USD,66825,US,On-site,United States,M
2024,Senior-level,Full-Time,Data Researcher,321000,USD,321000,US,Fully Remote,United States,M
2023,Senior-level,Full-Time,Data Engineer,172900,USD,172900,US,On-site,United States,M
2024,Mid-level,Full-Time,Data Analyst,154000,USD,154000,US,On-site,United States,M
2024,Senior-level,Full-Time,Data Engineer,95000,USD,95000,US,Fully Remote,United States,M
2023,Senior-level,Full-Time,Machine Learning Engineer,202353,USD,202353,US,On-site,United States,M
2022,Senior-level,Full-Time,Data Engineer,209100,USD,209100,US,Fully Remote,United States,L
2024,Senior-level,Full-Time,Machine Learning Engineer,145400,USD,145400,US,On-site,United States,M
2020,Entry-level/Junior,Full-Time,Data Scientist,43200,EUR,49268,DE,On-site,Germany,S
2024,Mid-level,Full-Time,Data Scientist,46203,GBP,57753,GB,On-site,United Kingdom,M
2023,Senior-level,Full-Time,Business Intelligence,225000,USD,225000,US,On-site,United States,M
2023,Entry-level/Junior,Full-Time,Data Engineer,160000,USD,160000,US,On-site,United States,M
2024,Mid-level,Full-Time,Data Engineer,148000,USD,148000,US,Fully Remote,United States,M
2022,Senior-level,Full-Time,Data Scientist,125000,USD,125000,CO,Fully Remote,Colombia,L
2023,Executive-level,Full-Time,Data Engineer,234000,USD,234000,US,On-site,United States,M
2024,Entry-level/Junior,Full-Time,Data Analyst,47500,USD,47500,US,On-site,United States,M
2023,Executive-level,Full-Time,Data Engineer,174500,USD,174500,US,Fully Remote,United States,M
2023,Senior-level,Full-Time,Data Researcher,145900,USD,145900,US,On-site,United States,M
2023,Senior-level,Full-Time,Data Analyst,94400,USD,94400,US,Fully Remote,United States,M
2023,Senior-level,Full-Time,Data Architect,159500,USD,159500,US,On-site,United States,M
2024,Entry-level/Junior,Full-Time,Data Analyst,87400,USD,87400,US,On-site,United States,M
2023,Senior-level,Full-Time,Data Engineer,253200,USD,253200,US,On-site,United States,M
2022,Mid-level,Full-Time,Data Researcher,120000,EUR,126080,DE,On-site,Germany,S
2023,Senior-level,Full-Time,Business Intelligence,138000,USD,138000,US,On-site,United States,M
2023,Mid-level,Full-Time,Machine Learning Engineer,235000,USD,235000,US,On-site,United States,M
2022,Senior-level,Full-Time,Data Analyst,89200,USD,89200,US,Fully Remote,United States,M
2022,Senior-level,Full-Time,Data Engineer,161000,USD,161000,US,Fully Remote,United States,M
2024,Entry-level/Junior,Full-Time,Data Engineer,135000,USD,135000,US,Fully Remote,United States,M
2023,Senior-level,Full-Time,Data Engineer,168400,USD,168400,US,On-site,United States,M
2023,Senior-level,Full-Time,Data Architect,185000,USD,185000,US,On-site,United States,M
2023,Senior-level,Full-Time,Data Analyst,150000,USD,150000,US,Fully Remote,United States,M
2023,Senior-level,Full-Time,Data Analyst,72000,USD,72000,US,Fully Remote,United States,M
2024,Senior-level,Full-Time,Data Developer,130000,USD,130000,US,Fully Remote,United States,M
2023,Senior-level,Full-Time,Machine Learning Engineer,152022,USD,152022,US,On-site,United States,M
2023,Mid-level,Full-Time,Machine Learning Engineer,60000,GBP,73824,GB,On-site,United Kingdom,L
2023,Senior-level,Full-Time,Data Engineer,140000,USD,140000,US,On-site,United States,M
2023,Senior-level,Full-Time,Data Analyst,94770,USD,94770,US,Fully Remote,United States,M
2023,Senior-level,Full-Time,Data Researcher,168000,USD,168000,US,On-site,United States,M
2023,Senior-level,Full-Time,Data Analyst,82000,USD,82000,US,On-site,United States,M
2024,Mid-level,Full-Time,Data Scientist,80000,USD,80000,US,Fully Remote,United States,M
2023,Senior-level,Full-Time,Data Engineer,245000,USD,245000,US,Fully Remote,United States,M
2023,Senior-level,Full-Time,Data Engineer,199000,USD,199000,US,On-site,United States,M
2023,Mid-level,Full-Time,Data Developer,95000,USD,95000,US,On-site,United States,M
2023,Senior-level,Full-Time,Data Scientist,203000,USD,203000,US,Fully Remote,United States,M
2023,Senior-level,Full-Time,Data Scientist,172000,USD,172000,US,Fully Remote,United States,M
2024,Senior-level,Full-Time,Data Scientist,71250,USD,71250,US,On-site,United States,M
2022,Senior-level,Full-Time,Data Analyst,35000,EUR,36773,ES,On-site,Spain,M
2023,Mid-level,Full-Time,Data Analyst,120000,USD,120000,US,Fully Remote,United States,M
2022,Senior-level,Full-Time,Data Scientist,175000,USD,175000,US,On-site,United States,M
2024,Senior-level,Full-Time,Data Scientist,234700,USD,234700,US,On-site,United States,M
2024,Senior-level,Full-Time,Data Scientist,160000,USD,160000,US,On-site,United States,M
2023,Senior-level,Full-Time,Data Scientist,130000,USD,130000,US,Fully Remote,United States,M
2023,Senior-level,Full-Time,Data Scientist,101500,USD,101500,US,On-site,United States,M
2022,Senior-level,Full-Time,Data Scientist,208000,USD,208000,US,Fully Remote,United States,M
2024,Senior-level,Full-Time,Machine Learning Engineer,250900,USD,250900,US,On-site,United States,M
2023,Senior-level,Full-Time,Data Scientist,222200,USD,222200,US,On-site,United States,L
2023,Senior-level,Full-Time,Data Engineer,153600,USD,153600,US,On-site,United States,M
2024,Senior-level,Full-Time,Data Analyst,86146,EUR,95717,NL,Fully Remote,Netherlands,M
2023,Senior-level,Full-Time,Data Scientist,240000,USD,240000,US,Fully Remote,United States,M
2022,Senior-level,Full-Time,Data Scientist,141525,USD,141525,US,Fully Remote,United States,M
2024,Senior-level,Full-Time,Data Scientist,54000,GBP,67500,US,On-site,United States,M
2022,Senior-level,Full-Time,Data Engineer,110000,USD,110000,US,On-site,United States,M
2023,Senior-level,Full-Time,Data Scientist,172100,USD,172100,US,On-site,United States,M
2024,Senior-level,Full-Time,Data Researcher,300000,USD,300000,GB,On-site,United Kingdom,M
2024,Mid-level,Full-Time,Business Intelligence,106100,USD,106100,US,On-site,United States,M
2023,Senior-level,Full-Time,Data Scientist,183500,USD,183500,US,Fully Remote,United States,M
2024,Senior-level,Full-Time,Data Scientist,157850,USD,157850,US,Fully Remote,United States,M
2023,Mid-level,Full-Time,Data Analyst,80000,USD,80000,US,Fully Remote,United States,M
2023,Mid-level,Full-Time,Machine Learning Engineer,130000,USD,130000,US,On-site,United States,M
2024,Mid-level,Full-Time,Data Engineer,140900,USD,140900,US,Fully Remote,United States,M
2023,Senior-level,Full-Time,Machine Learning Engineer,145000,USD,145000,US,Fully Remote,United States,M
2024,Mid-level,Full-Time,Machine Learning Engineer,160000,USD,160000,US,Fully Remote,United States,M
2024,Senior-level,Full-Time,Data Engineer,165000,USD,165000,US,Fully Remote,United States,M
2024,Mid-level,Full-Time,Data Engineer,116550,USD,116550,US,On-site,United States,M
2024,Senior-level,Full-Time,Data Engineer,95000,USD,95000,US,On-site,United States,M
2024,Mid-level,Full-Time,Data Analyst,80000,USD,80000,US,On-site,United States,M
2024,Mid-level,Full-Time,Data Engineer,117400,USD,117400,US,On-site,United States,M
2023,Mid-level,Full-Time,Machine Learning Engineer,204500,USD,204500,US,On-site,United States,M
2020,Mid-level,Full-Time,Machine Learning Engineer,44000,EUR,50180,PT,On-site,Portugal,M
2024,Entry-level/Junior,Full-Time,Business Intelligence,99000,USD,99000,US,On-site,United States,M
2023,Senior-level,Full-Time,Data Engineer,175308,USD,175308,US,On-site,United States,M
2023,Senior-level,Full-Time,Machine Learning Engineer,142200,USD,142200,CA,On-site,Canada,M
2024,Mid-level,Full-Time,Data Scientist,93300,USD,93300,EG,On-site,Egypt,M
2022,Senior-level,Full-Time,Data Engineer,175000,USD,175000,US,Fully Remote,United States,M
2022,Senior-level,Full-Time,Data Engineer,130000,USD,130000,US,On-site,United States,M
2022,Entry-level/Junior,Full-Time,Data Analyst,48000,USD,48000,US,Hybrid,United States,L
2024,Senior-level,Full-Time,Data Scientist,109400,USD,109400,US,On-site,United States,M
2023,Senior-level,Full-Time,Machine Learning Engineer,119250,USD,119250,US,On-site,United States,M
2023,Senior-level,Full-Time,Data Scientist,140100,USD,140100,US,On-site,United States,L
2024,Senior-level,Full-Time,Data Researcher,70000,GBP,87500,GB,On-site,United Kingdom,M
2023,Senior-level,Full-Time,Machine Learning Engineer,247250,USD,247250,US,On-site,United States,M
2023,Senior-level,Full-Time,Data Scientist,216100,USD,216100,US,On-site,United States,M
2023,Senior-level,Full-Time,Machine Learning Engineer,180000,USD,180000,US,On-site,United States,M
2023,Entry-level/Junior,Full-Time,Data Operation,82800,USD,82800,US,On-site,United States,M
2023,Senior-level,Full-Time,Data Engineer,170000,USD,170000,US,On-site,United States,M
2023,Senior-level,Full-Time,Machine Learning Engineer,188800,USD,188800,US,Fully Remote,United States,M
2024,Senior-level,Full-Time,Machine Learning Engineer,240000,USD,240000,US,Fully Remote,United States,M
2023,Senior-level,Full-Time,Data Engineer,154000,USD,154000,US,On-site,United States,M
2024,Senior-level,Full-Time,Data Scientist,238400,USD,238400,US,On-site,United States,M
2023,Senior-level,Full-Time,Data Researcher,323300,USD,323300,US,On-site,United States,M
2022,Mid-level,Full-Time,Data Analyst,150000,USD,150000,US,Fully Remote,United States,L
2023,Senior-level,Full-Time,Machine Learning Engineer,290000,USD,290000,US,Fully Remote,United States,M
2023,Senior-level,Full-Time,Data Engineer,120000,USD,120000,US,Fully Remote,United States,M
2023,Senior-level,Full-Time,Data Engineer,180000,USD,180000,US,Fully Remote,United States,M
2022,Mid-level,Full-Time,Data Researcher,100000,USD,100000,US,Fully Remote,United States,M
2024,Senior-level,Full-Time,Machine Learning Engineer,177300,USD,177300,US,Fully Remote,United States,M
2023,Senior-level,Full-Time,Data Scientist,140000,USD,140000,US,Fully Remote,United States,M
2024,Entry-level/Junior,Full-Time,Data Operation,51375,USD,51375,US,On-site,United States,M
2023,Mid-level,Full-Time,Data Analyst,110000,USD,110000,US,On-site,United States,M
2024,Entry-level/Junior,Full-Time,Machine Learning Engineer,105000,CAD,80769,CA,Hybrid,Canada,M
2024,Executive-level,Full-Time,Machine Learning Engineer,290000,USD,290000,US,On-site,United States,M
2023,Senior-level,Full-Time,Data Engineer,139400,USD,139400,US,On-site,United States,M
2023,Senior-level,Full-Time,Data Scientist,168000,USD,168000,US,Fully Remote,United States,M
2023,Entry-level/Junior,Full-Time,Data Engineer,48000,USD,48000,US,Fully Remote,United States,M
2023,Senior-level,Full-Time,Business Intelligence,115600,USD,115600,US,On-site,United States,M
2024,Mid-level,Full-Time,Data Engineer,140000,USD,140000,US,On-site,United States,M
2023,Senior-level,Full-Time,Data Scientist,359170,USD,359170,US,On-site,United States,M
2023,Senior-level,Full-Time,Data Scientist,125000,USD,125000,US,On-site,United States,M
2023,Mid-level,Full-Time,Data Scientist,222200,USD,222200,US,On-site,United States,L
2023,Senior-level,Full-Time,Data Engineer,135000,USD,135000,US,On-site,United States,M
2023,Mid-level,Full-Time,Data Engineer,120000,USD,120000,US,On-site,United States,M
2023,Senior-level,Full-Time,Data Scientist,179000,USD,179000,US,On-site,United States,M
2024,Mid-level,Full-Time,Data Scientist,88995,USD,88995,AU,On-site,Australia,M
2023,Senior-level,Full-Time,Data Engineer,170200,USD,170200,US,On-site,United States,M
2022,Senior-level,Full-Time,Data Scientist,191475,USD,191475,US,Fully Remote,United States,M
2024,Mid-level,Full-Time,Data Management,47700,USD,47700,US,On-site,United States,M
2022,Mid-level,Full-Time,Data Analyst,100000,USD,100000,US,On-site,United States,M
2024,Executive-level,Full-Time,Data Analyst,175000,USD,175000,US,On-site,United States,M
2022,Senior-level,Full-Time,Data Scientist,230000,USD,230000,US,Fully Remote,United States,M
2023,Senior-level,Full-Time,Data Researcher,107100,USD,107100,US,On-site,United States,M
2023,Senior-level,Full-Time,Data Architect,280100,USD,280100,US,Fully Remote,United States,M
2022,Senior-level,Full-Time,Data Analyst,99750,USD,99750,US,Fully Remote,United States,M
2023,Senior-level,Full-Time,Business Intelligence,225000,USD,225000,US,On-site,United States,M
2023,Senior-level,Full-Time,Data Analyst,75000,USD,75000,US,On-site,United States,M
2024,Senior-level,Full-Time,Data Scientist,218000,USD,218000,US,On-site,United States,M
2021,Mid-level,Full-Time,Data Analyst,100000,USD,100000,US,Fully Remote,United States,M
2023,Senior-level,Full-Time,Data Engineer,185900,USD,185900,US,On-site,United States,M
2024,Senior-level,Full-Time,Data Scientist,172000,USD,172000,US,On-site,United States,M
2022,Senior-level,Full-Time,Data Architect,180000,USD,180000,US,Fully Remote,United States,M
2023,Senior-level,Full-Time,Data Scientist,215625,USD,215625,US,Fully Remote,United States,M
2023,Entry-level/Junior,Full-Time,Data Analyst,41419,USD,41419,US,Fully Remote,United States,M
2023,Executive-level,Full-Time,Data Management,230000,USD,230000,US,On-site,United States,M
2023,Mid-level,Full-Time,Data Analyst,105000,USD,105000,US,Fully Remote,United States,M
2023,Mid-level,Full-Time,Data Analyst,80000,GBP,98432,GB,On-site,United Kingdom,M
2024,Senior-level,Full-Time,Data Scientist,161900,USD,161900,US,On-site,United States,M
2024,Mid-level,Full-Time,Data Analyst,65000,USD,65000,US,On-site,United States,M
2023,Senior-level,Full-Time,Data Engineer,215000,USD,215000,US,On-site,United States,M
2023,Senior-level,Full-Time,Data Analyst,120350,USD,120350,US,Fully Remote,United States,M
2023,Senior-level,Full-Time,Data Analyst,110000,USD,110000,US,On-site,United States,M
2023,Senior-level,Full-Time,Data Analyst,150000,USD,150000,US,Fully Remote,United States,M
2022,Senior-level,Full-Time,Data Engineer,50000,USD,50000,US,Fully Remote,United States,M
2023,Senior-level,Full-Time,Data Scientist,359170,USD,359170,US,On-site,United States,M
2023,Senior-level,Full-Time,Data Scientist,45000,EUR,48585,ES,On-site,Spain,M
2023,Senior-level,Full-Time,Data Engineer,225300,USD,225300,US,On-site,United States,M
2023,Senior-level,Full-Time,Business Intelligence,360000,TRY,18381,TR,Fully Remote,Turkey,L
2023,Senior-level,Full-Time,Data Architect,110000,USD,110000,US,Fully Remote,United States,M
2024,Executive-level,Full-Time,Data Management,210000,USD,210000,US,On-site,United States,M
2022,Senior-level,Full-Time,Data Analyst,123648,USD,123648,US,On-site,United States,M
2022,Senior-level,Full-Time,Data Engineer,160000,USD,160000,US,On-site,United States,M
2023,Senior-level,Full-Time,Machine Learning Engineer,105500,USD,105500,US,On-site,United States,M
2023,Senior-level,Full-Time,Data Analyst,120350,USD,120350,US,Fully Remote,United States,M
2022,Mid-level,Full-Time,Data Engineer,80000,EUR,84053,GR,Fully Remote,Greece,M
2023,Senior-level,Full-Time,Data Engineer,129300,USD,129300,US,On-site,United States,M
2024,Senior-level,Full-Time,Data Scientist,245000,USD,245000,US,On-site,United States,M
2023,Senior-level,Full-Time,Business Intelligence,78800,USD,78800,US,On-site,United States,M
2023,Senior-level,Full-Time,Data Developer,129100,USD,129100,US,On-site,United States,M
2023,Entry-level/Junior,Full-Time,Data Engineer,52500,USD,52500,US,On-site,United States,M
2023,Senior-level,Full-Time,Machine Learning Engineer,190000,USD,190000,US,On-site,United States,M
2023,Senior-level,Full-Time,Machine Learning Engineer,115000,USD,115000,MD,Fully Remote,Israel,S
2023,Senior-level,Full-Time,Data Architect,215000,USD,215000,US,Fully Remote,United States,M
2022,Senior-level,Full-Time,Data Scientist,80000,USD,80000,US,On-site,United States,M
2023,Mid-level,Full-Time,Data Scientist,90000,GBP,110736,GB,On-site,United Kingdom,M
2024,Senior-level,Full-Time,Data Scientist,80000,USD,80000,US,On-site,United States,M
2024,Mid-level,Full-Time,Data Researcher,195200,USD,195200,US,On-site,United States,L
2024,Senior-level,Full-Time,Data Architect,135000,CAD,103846,CA,Fully Remote,Canada,M
2023,Senior-level,Full-Time,Data Researcher,156400,USD,156400,US,Fully Remote,United States,M
2023,Mid-level,Full-Time,Business Intelligence,65800,USD,65800,US,On-site,United States,L
2023,Mid-level,Full-Time,Data Scientist,223600,USD,223600,US,On-site,United States,L
2023,Senior-level,Full-Time,Machine Learning Engineer,108308,USD,108308,US,Fully Remote,United States,M
2024,Executive-level,Full-Time,Machine Learning Engineer,232000,USD,232000,US,On-site,United States,M
2023,Executive-level,Full-Time,Data Engineer,145000,USD,145000,US,On-site,United States,M
2023,Senior-level,Full-Time,Data Scientist,204500,USD,204500,US,On-site,United States,M
2024,Mid-level,Full-Time,Business Intelligence,80420,USD,80420,US,On-site,United States,M
2023,Senior-level,Full-Time,Data Scientist,187200,USD,187200,US,Fully Remote,United States,M
2023,Senior-level,Full-Time,Data Scientist,185900,USD,185900,US,On-site,United States,M
2024,Mid-level,Full-Time,Data Researcher,96800,USD,96800,US,On-site,United States,M
2023,Mid-level,Full-Time,Data Engineer,154000,USD,154000,US,On-site,United States,M
2024,Entry-level/Junior,Full-Time,Data Analyst,70000,USD,70000,US,On-site,United States,M
2024,Executive-level,Full-Time,Data Engineer,136000,USD,136000,US,Fully Remote,United States,M
2023,Executive-level,Full-Time,Data Scientist,228856,USD,228856,GB,Fully Remote,United Kingdom,M
2024,Entry-level/Junior,Full-Time,Data Analyst,195500,USD,195500,US,On-site,United States,M
2022,Senior-level,Full-Time,Data Scientist,140000,USD,140000,US,Fully Remote,United States,M
2023,Mid-level,Full-Time,Data Scientist,135000,USD,135000,US,On-site,United States,M
2023,Senior-level,Full-Time,Machine Learning Engineer,175000,USD,175000,US,Fully Remote,United States,M
2022,Entry-level/Junior,Full-Time,Machine Learning Engineer,140250,USD,140250,US,On-site,United States,M
2023,Senior-level,Full-Time,Data Analyst,85000,USD,85000,US,On-site,United States,M
2023,Senior-level,Full-Time,Data Scientist,309400,USD,309400,US,On-site,United States,L
2023,Entry-level/Junior,Full-Time,Data Analyst,25000,USD,25000,UA,Fully Remote,Netherlands,M
2023,Senior-level,Full-Time,Data Scientist,189750,USD,189750,US,Fully Remote,United States,M
2023,Mid-level,Full-Time,Data Developer,100000,USD,100000,US,On-site,United States,M
2023,Senior-level,Full-Time,Data Engineer,135000,USD,135000,US,Fully Remote,United States,M
2023,Senior-level,Full-Time,Data Scientist,122000,USD,122000,US,On-site,United States,M
2023,Senior-level,Full-Time,Machine Learning Engineer,165750,USD,165750,US,Fully Remote,United States,M
2023,Mid-level,Full-Time,Data Engineer,186600,USD,186600,US,Fully Remote,United States,M
2024,Mid-level,Full-Time,Data Scientist,150000,USD,150000,US,On-site,United States,M
2023,Senior-level,Full-Time,Data Analyst,134000,USD,134000,US,Fully Remote,United States,M
2023,Senior-level,Full-Time,Machine Learning Engineer,240000,USD,240000,US,On-site,United States,M
2023,Senior-level,Full-Time,Data Analyst,175000,USD,175000,CA,Fully Remote,Canada,M
2024,Mid-level,Full-Time,Data Scientist,73100,USD,73100,US,On-site,United States,M
2024,Mid-level,Full-Time,Data Scientist,68088,USD,68088,US,On-site,United States,M
2023,Senior-level,Full-Time,Machine Learning Engineer,216000,USD,216000,US,Fully Remote,United States,M
2023,Mid-level,Full-Time,Data Scientist,165000,USD,165000,US,On-site,United States,M
2020,Mid-level,Full-Time,Data Scientist,55000,EUR,62726,FR,Hybrid,Luxembourg,S
2023,Senior-level,Full-Time,Machine Learning Engineer,153090,USD,153090,US,On-site,United States,M
2024,Senior-level,Full-Time,Data Scientist,146800,USD,146800,US,On-site,United States,M
2024,Senior-level,Full-Time,Data Scientist,110000,USD,110000,CA,On-site,Canada,M
2023,Mid-level,Full-Time,Data Researcher,280000,USD,280000,GB,Hybrid,United Kingdom,L
2023,Senior-level,Full-Time,Data Researcher,197500,USD,197500,US,On-site,United States,M
2023,Mid-level,Full-Time,Business Intelligence,109238,USD,109238,US,On-site,United States,M
2022,Entry-level/Junior,Full-Time,Data Developer,40000,USD,40000,PK,Fully Remote,Australia,M
2024,Senior-level,Full-Time,Data Engineer,172200,USD,172200,US,Fully Remote,United States,M
2024,Mid-level,Full-Time,Data Engineer,103977,USD,103977,US,On-site,United States,M
2024,Mid-level,Full-Time,Data Scientist,85000,USD,85000,US,On-site,United States,M
2022,Senior-level,Full-Time,Data Engineer,154600,USD,154600,US,Fully Remote,United States,L
2024,Senior-level,Full-Time,Data Architect,123000,USD,123000,US,On-site,United States,M
2023,Senior-level,Full-Time,Data Engineer,147100,USD,147100,US,On-site,United States,M
2023,Senior-level,Full-Time,Data Analyst,98000,USD,98000,US,Fully Remote,United States,M
2023,Senior-level,Full-Time,Machine Learning Engineer,210600,USD,210600,GB,Fully Remote,United Kingdom,M
2024,Mid-level,Full-Time,Data Scientist,116000,USD,116000,US,On-site,United States,M
2024,Senior-level,Full-Time,Data Scientist,160700,USD,160700,US,Fully Remote,United States,M
2023,Senior-level,Full-Time,Machine Learning Engineer,220000,USD,220000,US,Fully Remote,United States,M
2023,Senior-level,Full-Time,Data Engineer,185000,USD,185000,US,On-site,United States,M
2024,Mid-level,Full-Time,Business Intelligence,140000,USD,140000,US,Fully Remote,United States,M
2024,Senior-level,Full-Time,Data Engineer,111648,USD,111648,US,Fully Remote,United States,M
2023,Senior-level,Full-Time,Data Engineer,196000,USD,196000,US,On-site,United States,M
2024,Senior-level,Full-Time,Data Architect,186000,USD,186000,US,On-site,United States,M
2023,Senior-level,Full-Time,Data Researcher,203000,USD,203000,US,On-site,United States,M
2023,Mid-level,Full-Time,Data Researcher,185000,USD,185000,US,On-site,United States,M
2023,Senior-level,Full-Time,Machine Learning Engineer,226600,USD,226600,US,On-site,United States,M
2024,Senior-level,Full-Time,Machine Learning Engineer,234300,USD,234300,US,On-site,United States,M
2023,Senior-level,Full-Time,Data Engineer,129300,USD,129300,US,On-site,United States,M
2024,Senior-level,Full-Time,Machine Learning Engineer,276000,USD,276000,US,On-site,United States,M
2022,Entry-level/Junior,Full-Time,Data Engineer,160000,USD,160000,US,On-site,United States,M
2023,Senior-level,Full-Time,Data Engineer,140000,USD,140000,US,On-site,United States,M
2024,Mid-level,Full-Time,Data Scientist,111600,USD,111600,US,On-site,United States,L
2024,Mid-level,Full-Time,Data Scientist,222200,USD,222200,US,On-site,United States,L
2024,Senior-level,Full-Time,Data Engineer,180000,USD,180000,US,On-site,United States,M
2023,Mid-level,Full-Time,Data Engineer,150000,USD,150000,US,Fully Remote,United States,M
2022,Senior-level,Full-Time,Data Analyst,119000,USD,119000,US,On-site,United States,M
2023,Mid-level,Full-Time,Data Architect,150000,USD,150000,US,Fully Remote,United States,M
2023,Executive-level,Full-Time,Data Engineer,125000,USD,125000,US,On-site,United States,M
2023,Mid-level,Full-Time,Data Analyst,90000,USD,90000,US,On-site,United States,M
2023,Senior-level,Full-Time,Data Analyst,180180,USD,180180,US,On-site,United States,M
2024,Mid-level,Full-Time,Data Engineer,92000,GBP,115000,GB,Fully Remote,United Kingdom,M
2023,Entry-level/Junior,Full-Time,Data Scientist,80000,USD,80000,US,On-site,United States,M
2024,Entry-level/Junior,Full-Time,Data Analyst,40000,USD,40000,BR,On-site,Brazil,M
2023,Entry-level/Junior,Full-Time,Data Analyst,85000,USD,85000,US,Fully Remote,United States,M
2024,Entry-level/Junior,Full-Time,Data Analyst,88800,USD,88800,US,On-site,United States,M
2024,Mid-level,Full-Time,Data Developer,120000,USD,120000,US,On-site,United States,M
2023,Senior-level,Full-Time,Data Engineer,184000,USD,184000,US,On-site,United States,M
2024,Mid-level,Full-Time,Data Engineer,97300,USD,97300,US,On-site,United States,M
2023,Senior-level,Full-Time,Data Architect,175000,USD,175000,US,On-site,United States,M
2023,Senior-level,Full-Time,Data Scientist,278700,USD,278700,US,On-site,United States,M
2021,Mid-level,Full-Time,Data Engineer,120000,SGD,89294,SG,Hybrid,Singapore,L
2024,Senior-level,Full-Time,Data Researcher,337300,USD,337300,US,On-site,United States,M
2024,Mid-level,Full-Time,Business Intelligence,226844,USD,226844,US,On-site,United States,M
2023,Senior-level,Full-Time,Data Engineer,68400,USD,68400,US,On-site,United States,M
2023,Mid-level,Full-Time,Data Engineer,220000,USD,220000,CA,Fully Remote,Canada,M
2023,Senior-level,Full-Time,Data Engineer,255000,USD,255000,US,On-site,United States,M
2024,Senior-level,Full-Time,Data Engineer,132000,USD,132000,US,Fully Remote,United States,M
2024,Entry-level/Junior,Full-Time,Data Analyst,150000,USD,150000,US,Fully Remote,United States,M
2023,Senior-level,Full-Time,Data Analyst,77000,USD,77000,GB,On-site,United Kingdom,M
2023,Senior-level,Full-Time,Data Analyst,175000,USD,175000,US,On-site,United States,M
2023,Senior-level,Full-Time,Machine Learning Engineer,241300,USD,241300,US,On-site,United States,M
2023,Senior-level,Full-Time,Data Analyst,85500,USD,85500,US,On-site,United States,M
2023,Mid-level,Full-Time,Data Researcher,150000,USD,150000,US,On-site,United States,M
2024,Senior-level,Full-Time,Business Intelligence,74000,GBP,92500,GB,On-site,United Kingdom,M
2024,Senior-level,Full-Time,Data Scientist,220000,USD,220000,US,Fully Remote,United States,M
2024,Mid-level,Full-Time,Business Intelligence,92000,USD,92000,US,On-site,United States,M
2023,Senior-level,Full-Time,Data Engineer,226700,USD,226700,US,On-site,United States,M
2024,Senior-level,Full-Time,Machine Learning Engineer,216700,USD,216700,US,On-site,United States,M
2024,Mid-level,Full-Time,Data Management,81500,USD,81500,US,On-site,United States,M
2024,Senior-level,Full-Time,Data Scientist,136000,USD,136000,US,On-site,United States,L
2023,Senior-level,Full-Time,Data Engineer,181500,USD,181500,US,On-site,United States,M
2022,Mid-level,Full-Time,Machine Learning Engineer,121000,AUD,83864,AU,Fully Remote,Australia,L
2023,Senior-level,Full-Time,Data Analyst,51962,USD,51962,US,On-site,United States,M
2024,Mid-level,Full-Time,Data Scientist,212000,USD,212000,US,On-site,United States,M
2023,Mid-level,Full-Time,Machine Learning Engineer,125000,USD,125000,US,On-site,United States,M
2023,Senior-level,Full-Time,Machine Learning Engineer,200000,USD,200000,US,Fully Remote,United States,M
2024,Mid-level,Full-Time,Data Scientist,153700,USD,153700,US,Fully Remote,United States,M
2023,Senior-level,Full-Time,Data Engineer,130000,USD,130000,US,On-site,United States,M
2023,Mid-level,Full-Time,Data Engineer,198900,USD,198900,US,On-site,United States,M
2024,Mid-level,Full-Time,Data Engineer,220000,USD,220000,US,Fully Remote,United States,M
2023,Senior-level,Full-Time,Machine Learning Engineer,140000,USD,140000,US,Fully Remote,United States,M
2023,Mid-level,Full-Time,Data Developer,72409,USD,72409,US,Fully Remote,United States,M
2023,Senior-level,Full-Time,Data Analyst,130000,USD,130000,US,Fully Remote,United States,M
2024,Senior-level,Full-Time,Data Scientist,106875,USD,106875,US,On-site,United States,M
2024,Senior-level,Full-Time,Data Scientist,170000,USD,170000,US,On-site,United States,M
2024,Senior-level,Full-Time,Machine Learning Engineer,230797,USD,230797,US,Fully Remote,United States,M
2023,Mid-level,Full-Time,Data Scientist,204500,USD,204500,US,On-site,United States,M
2023,Senior-level,Full-Time,Machine Learning Engineer,184000,USD,184000,US,Fully Remote,United States,M
2024,Senior-level,Full-Time,Data Scientist,101763,USD,101763,CA,On-site,Canada,M
2024,Senior-level,Full-Time,Data Scientist,119700,USD,119700,US,On-site,United States,M
2024,Mid-level,Full-Time,Data Scientist,110000,USD,110000,US,Fully Remote,United States,M
2022,Senior-level,Full-Time,Data Scientist,230000,USD,230000,US,Fully Remote,United States,M
2023,Senior-level,Full-Time,Machine Learning Engineer,163000,USD,163000,US,On-site,United States,M
2024,Senior-level,Full-Time,Data Scientist,71000,USD,71000,US,On-site,United States,M
2024,Senior-level,Full-Time,Data Researcher,62000,USD,62000,US,On-site,United States,M
2023,Executive-level,Full-Time,Data Management,110000,GBP,135344,GB,Fully Remote,United Kingdom,M
2020,Mid-level,Full-Time,Data Engineer,61500,EUR,70139,FR,Hybrid,France,L
2022,Senior-level,Full-Time,Data Engineer,100000,USD,100000,US,On-site,United States,M
2023,Senior-level,Full-Time,Data Engineer,103000,USD,103000,US,On-site,United States,M
2023,Mid-level,Full-Time,Data Engineer,75000,USD,75000,US,On-site,United States,M
2023,Mid-level,Full-Time,Data Engineer,97000,USD,97000,US,On-site,United States,M
2023,Senior-level,Full-Time,Data Scientist,145000,USD,145000,US,Fully Remote,United States,M
2022,Senior-level,Full-Time,Data Engineer,130500,USD,130500,US,On-site,United States,M
2023,Senior-level,Full-Time,Machine Learning Engineer,142200,USD,142200,US,On-site,United States,M
2023,Senior-level,Full-Time,Data Engineer,156400,USD,156400,US,Fully Remote,United States,M
2024,Senior-level,Full-Time,Data Engineer,177961,USD,177961,US,On-site,United States,M
2022,Senior-level,Full-Time,Data Analyst,90320,USD,90320,US,Fully Remote,United States,M
2022,Entry-level/Junior,Full-Time,Data Engineer,130000,USD,130000,US,Hybrid,United States,L
2024,Senior-level,Full-Time,Data Engineer,175000,USD,175000,US,Fully Remote,United States,M
2023,Mid-level,Full-Time,Data Engineer,190000,USD,190000,CA,Fully Remote,Canada,M
2024,Mid-level,Full-Time,Data Engineer,93000,USD,93000,US,On-site,United States,M
2023,Mid-level,Full-Time,Data Analyst,85000,USD,85000,US,On-site,United States,M
2023,Senior-level,Full-Time,Data Scientist,198300,USD,198300,US,Fully Remote,United States,M
2023,Mid-level,Full-Time,Machine Learning Engineer,140000,USD,140000,US,Fully Remote,United States,M
2023,Entry-level/Junior,Full-Time,Data Engineer,60000,USD,60000,US,On-site,United States,M
2023,Senior-level,Full-Time,Data Scientist,185000,USD,185000,US,On-site,United States,M
2024,Senior-level,Full-Time,Machine Learning Engineer,195000,USD,195000,US,Fully Remote,United States,M
2023,Senior-level,Full-Time,Data Engineer,160000,USD,160000,US,On-site,United States,M
2024,Senior-level,Full-Time,Data Analyst,100000,USD,100000,US,On-site,United States,M
2023,Senior-level,Full-Time,Data Engineer,214000,USD,214000,GB,On-site,United Kingdom,M
2023,Senior-level,Full-Time,Data Scientist,186000,USD,186000,US,On-site,United States,M
2023,Senior-level,Full-Time,Data Operation,72000,USD,72000,US,On-site,United States,M
2023,Senior-level,Full-Time,Machine Learning Engineer,240000,USD,240000,US,On-site,United States,M
2023,Mid-level,Full-Time,Data Analyst,70000,USD,70000,US,On-site,United States,M
2024,Mid-level,Full-Time,Data Researcher,239600,USD,239600,US,Fully Remote,United States,M
2023,Senior-level,Full-Time,Data Scientist,136000,USD,136000,US,On-site,United States,L
2024,Senior-level,Full-Time,Machine Learning Engineer,182000,USD,182000,US,On-site,United States,M
2024,Senior-level,Full-Time,Machine Learning Engineer,159000,USD,159000,US,On-site,United States,M
2023,Senior-level,Full-Time,Machine Learning Engineer,245700,USD,245700,US,On-site,United States,M
2024,Mid-level,Full-Time,Data Scientist,86000,USD,86000,US,On-site,United States,M
2024,Senior-level,Full-Time,Data Scientist,165100,USD,165100,US,On-site,United States,M
2023,Senior-level,Full-Time,Data Engineer,289800,USD,289800,GB,On-site,United Kingdom,M
2023,Entry-level/Junior,Full-Time,Data Researcher,100000,USD,100000,US,On-site,United States,M
2024,Senior-level,Full-Time,Business Intelligence,108500,USD,108500,US,Fully Remote,United States,M
2023,Executive-level,Full-Time,Data Engineer,80000,GBP,98432,GB,On-site,United Kingdom,M
2024,Senior-level,Full-Time,Data Engineer,190000,USD,190000,AU,On-site,Australia,M
2023,Senior-level,Full-Time,Data Scientist,206000,USD,206000,US,On-site,United States,M
2023,Executive-level,Full-Time,Data Engineer,200000,USD,200000,US,Fully Remote,United States,M
2022,Mid-level,Full-Time,Data Operation,135000,USD,135000,US,On-site,United States,M
2023,Senior-level,Full-Time,Data Engineer,145000,USD,145000,US,On-site,United States,M
2024,Senior-level,Full-Time,Data Engineer,250000,USD,250000,US,On-site,United States,M
2023,Senior-level,Full-Time,Machine Learning Engineer,204500,USD,204500,US,Fully Remote,United States,M
2024,Mid-level,Full-Time,Data Analyst,138000,USD,138000,US,On-site,United States,M
2022,Senior-level,Full-Time,Data Scientist,165000,USD,165000,US,Fully Remote,United States,M
2023,Senior-level,Full-Time,Data Engineer,285000,USD,285000,US,On-site,United States,M
2023,Mid-level,Full-Time,Data Researcher,150000,USD,150000,US,Fully Remote,United States,M
2023,Mid-level,Full-Time,Data Engineer,110000,USD,110000,US,On-site,United States,M
2023,Senior-level,Full-Time,Business Intelligence,185000,USD,185000,US,On-site,United States,L
2023,Senior-level,Full-Time,Data Scientist,36000,EUR,38868,ES,On-site,Spain,M
2024,Senior-level,Full-Time,Data Scientist,93300,USD,93300,US,On-site,United States,M
2023,Senior-level,Full-Time,Data Engineer,155000,USD,155000,US,On-site,United States,M
2023,Senior-level,Full-Time,Data Analyst,93919,USD,93919,US,Fully Remote,United States,M
2023,Senior-level,Full-Time,Data Analyst,126500,USD,126500,US,Fully Remote,United States,M
2023,Senior-level,Full-Time,Data Analyst,192500,USD,192500,US,Fully Remote,United States,M
2023,Senior-level,Full-Time,Data Analyst,85700,USD,85700,US,On-site,United States,M
2024,Mid-level,Full-Time,Data Engineer,93500,USD,93500,US,On-site,United States,M
2023,Mid-level,Full-Time,Data Scientist,180000,USD,180000,US,On-site,United States,M
2024,Executive-level,Full-Time,Data Scientist,212000,USD,212000,US,On-site,United States,M
2023,Mid-level,Full-Time,Machine Learning Engineer,120000,GBP,147648,GB,On-site,United Kingdom,M
2021,Entry-level/Junior,Full-Time,Data Scientist,65000,EUR,76833,DE,On-site,Germany,L
2023,Senior-level,Full-Time,Data Engineer,204000,USD,204000,US,On-site,United States,M
2023,Executive-level,Full-Time,Data Engineer,286000,USD,286000,US,Fully Remote,United States,M
2023,Senior-level,Full-Time,Data Analyst,128000,USD,128000,US,On-site,United States,M
2023,Senior-level,Full-Time,Data Researcher,205500,USD,205500,US,On-site,United States,M
2022,Senior-level,Full-Time,Data Engineer,160000,USD,160000,US,On-site,United States,M
2023,Senior-level,Full-Time,Data Scientist,317070,USD,317070,US,On-site,United States,M
2022,Entry-level/Junior,Full-Time,Data Scientist,168000,USD,168000,US,Fully Remote,United States,M
2023,Senior-level,Full-Time,Machine Learning Engineer,276000,USD,276000,US,On-site,United States,M
2023,Senior-level,Full-Time,Data Engineer,141600,USD,141600,US,On-site,United States,M
2023,Entry-level/Junior,Full-Time,Data Analyst,90000,USD,90000,US,On-site,United States,M
2024,Senior-level,Full-Time,Data Researcher,192700,USD,192700,US,On-site,United States,M
2022,Mid-level,Full-Time,Data Scientist,120000,AUD,83171,AU,On-site,Australia,L
2023,Entry-level/Junior,Full-Time,Data Management,149800,USD,149800,US,On-site,United States,M
2023,Senior-level,Full-Time,Data Scientist,139500,USD,139500,US,On-site,United States,M
2024,Executive-level,Full-Time,Data Scientist,220000,USD,220000,US,Fully Remote,United States,M
2023,Senior-level,Full-Time,Machine Learning Engineer,245700,USD,245700,US,On-site,United States,M
2022,Senior-level,Full-Time,Data Developer,124270,USD,124270,US,Fully Remote,United States,M
2023,Mid-level,Full-Time,Data Engineer,190000,USD,190000,CA,Fully Remote,Canada,M
2024,Senior-level,Full-Time,Machine Learning Engineer,90000,USD,90000,US,On-site,United States,M
2023,Senior-level,Full-Time,Data Analyst,100000,USD,100000,US,Fully Remote,United States,M
2023,Senior-level,Full-Time,Machine Learning Engineer,113400,USD,113400,US,Fully Remote,United States,M
2024,Senior-level,Full-Time,Data Scientist,191027,USD,191027,US,On-site,United States,M
2023,Senior-level,Full-Time,Business Intelligence,132320,USD,132320,US,Fully Remote,United States,M
2023,Senior-level,Full-Time,Data Scientist,172500,USD,172500,US,On-site,United States,M
2023,Senior-level,Full-Time,Machine Learning Engineer,247500,USD,247500,US,On-site,United States,M
2023,Mid-level,Full-Time,Data Analyst,50000,USD,50000,US,On-site,United States,M
2024,Senior-level,Full-Time,Data Analyst,205400,USD,205400,US,On-site,United States,M
2024,Senior-level,Full-Time,Data Engineer,180000,USD,180000,US,On-site,United States,M
2024,Senior-level,Full-Time,Data Scientist,100000,USD,100000,US,On-site,United States,M
2024,Senior-level,Full-Time,Data Architect,139800,USD,139800,US,On-site,United States,M
2023,Senior-level,Full-Time,Data Engineer,134500,USD,134500,US,On-site,United States,M
2024,Mid-level,Full-Time,Data Scientist,94400,USD,94400,US,On-site,United States,M
2024,Mid-level,Full-Time,Data Engineer,70000,GBP,87500,GB,On-site,United Kingdom,M
2024,Mid-level,Full-Time,Business Intelligence,181280,USD,181280,US,On-site,United States,M
2024,Mid-level,Full-Time,Data Engineer,105000,USD,105000,US,On-site,United States,M
2023,Senior-level,Full-Time,Machine Learning Engineer,242000,USD,242000,US,On-site,United States,M
2024,Entry-level/Junior,Full-Time,Data Analyst,93000,USD,93000,US,On-site,United States,M
2024,Entry-level/Junior,Full-Time,Data Analyst,77000,USD,77000,US,Fully Remote,United States,M
2022,Senior-level,Full-Time,Data Scientist,215300,USD,215300,US,Fully Remote,United States,L
2023,Senior-level,Full-Time,Data Scientist,235000,USD,235000,US,Fully Remote,United States,M
2024,Mid-level,Full-Time,Data Developer,117000,USD,117000,US,On-site,United States,L
2024,Entry-level/Junior,Full-Time,Data Analyst,90000,USD,90000,US,On-site,United States,M
2023,Senior-level,Full-Time,Data Scientist,139500,USD,139500,US,On-site,United States,M
2023,Senior-level,Full-Time,Business Intelligence,156400,USD,156400,US,On-site,United States,M
2023,Mid-level,Full-Time,Data Researcher,162170,USD,162170,US,Fully Remote,United States,M
2023,Senior-level,Full-Time,Data Researcher,80000,EUR,86374,DE,Fully Remote,Germany,S
2024,Senior-level,Full-Time,Data Scientist,215000,CAD,165384,CA,On-site,Canada,M
2023,Senior-level,Full-Time,Machine Learning Engineer,234000,USD,234000,US,Fully Remote,United States,M
2024,Senior-level,Full-Time,Data Scientist,253430,USD,253430,US,On-site,United States,M
2024,Mid-level,Full-Time,Data Scientist,81500,USD,81500,US,On-site,United States,M
2022,Senior-level,Full-Time,Data Analyst,175000,USD,175000,US,Fully Remote,United States,M
2023,Mid-level,Full-Time,Data Engineer,120000,USD,120000,US,On-site,United States,M
2022,Senior-level,Full-Time,Data Scientist,93800,USD,93800,US,On-site,United States,M
2023,Mid-level,Full-Time,Data Engineer,91260,USD,91260,US,On-site,United States,M
2023,Mid-level,Full-Time,Data Scientist,110000,GBP,135344,GB,On-site,United Kingdom,M
2022,Senior-level,Full-Time,Data Engineer,165400,USD,165400,US,Fully Remote,United States,M
2024,Mid-level,Full-Time,Data Engineer,80800,USD,80800,US,On-site,United States,M
2024,Senior-level,Full-Time,Machine Learning Engineer,146100,USD,146100,US,Fully Remote,United States,M
2023,Senior-level,Full-Time,Data Scientist,45000,EUR,48585,ES,On-site,Spain,M
2023,Senior-level,Full-Time,Data Scientist,195000,USD,195000,US,On-site,United States,M
2022,Senior-level,Full-Time,Data Engineer,160000,USD,160000,US,Fully Remote,United States,M
2023,Mid-level,Full-Time,Data Researcher,85445,USD,85445,US,On-site,United States,M
2023,Senior-level,Full-Time,Data Engineer,210000,USD,210000,CA,Fully Remote,Canada,M
2022,Senior-level,Full-Time,Data Engineer,175000,USD,175000,US,Fully Remote,United States,M
2023,Senior-level,Full-Time,Data Scientist,156400,USD,156400,US,On-site,United States,M
2023,Mid-level,Full-Time,Data Analyst,46500,USD,46500,US,On-site,United States,M
2023,Senior-level,Full-Time,Machine Learning Engineer,180500,USD,180500,US,Fully Remote,United States,M
2024,Mid-level,Full-Time,Data Engineer,120000,USD,120000,US,On-site,United States,M
2024,Senior-level,Full-Time,Data Analyst,84870,USD,84870,US,On-site,United States,M
2023,Mid-level,Full-Time,Data Scientist,138510,USD,138510,US,On-site,United States,M
2024,Mid-level,Full-Time,Data Scientist,120000,USD,120000,US,Fully Remote,United States,M
2024,Senior-level,Full-Time,Data Analyst,140000,USD,140000,US,On-site,United States,M
2023,Entry-level/Junior,Full-Time,Data Analyst,81500,USD,81500,US,Fully Remote,United States,M
2021,Mid-level,Full-Time,Data Researcher,80000,CAD,63810,CA,Fully Remote,Canada,M
2022,Mid-level,Full-Time,Data Engineer,118000,USD,118000,US,Fully Remote,United States,M
2024,Senior-level,Full-Time,Business Intelligence,145000,USD,145000,US,On-site,United States,M
2024,Executive-level,Full-Time,Data Engineer,179000,USD,179000,US,On-site,United States,M
2023,Senior-level,Full-Time,Data Analyst,86000,USD,86000,US,On-site,United States,M
2023,Senior-level,Full-Time,Data Architect,184000,USD,184000,US,On-site,United States,M
2022,Senior-level,Full-Time,Data Scientist,141525,USD,141525,US,Fully Remote,United States,M
2023,Entry-level/Junior,Full-Time,Data Engineer,73900,USD,73900,US,On-site,United States,M
2023,Senior-level,Full-Time,Data Engineer,100000,USD,100000,US,On-site,United States,M
2024,Senior-level,Full-Time,Data Scientist,45000,GBP,56250,GB,On-site,United Kingdom,M
2022,Senior-level,Full-Time,Data Scientist,205000,USD,205000,US,Fully Remote,United States,M
2024,Senior-level,Full-Time,Data Scientist,206000,USD,206000,US,Fully Remote,United States,M
2024,Senior-level,Full-Time,Business Intelligence,144300,USD,144300,US,Fully Remote,United States,M
2023,Senior-level,Full-Time,Data Engineer,150600,USD,150600,US,Fully Remote,United States,M
2023,Mid-level,Full-Time,Data Scientist,310000,USD,310000,US,On-site,United States,M
2023,Senior-level,Full-Time,Data Engineer,126000,USD,126000,US,On-site,United States,M
2023,Senior-level,Full-Time,Data Researcher,177700,USD,177700,US,On-site,United States,M
2024,Senior-level,Full-Time,Data Architect,146000,USD,146000,US,On-site,United States,M
2023,Senior-level,Full-Time,Data Engineer,123700,USD,123700,US,On-site,United States,L
2024,Mid-level,Full-Time,Data Engineer,106000,USD,106000,US,On-site,United States,M
2023,Executive-level,Full-Time,Data Scientist,225000,USD,225000,US,Fully Remote,United States,M
2024,Executive-level,Full-Time,Business Intelligence,176900,USD,176900,US,On-site,United States,M
2024,Mid-level,Full-Time,Data Engineer,82000,USD,82000,US,Fully Remote,United States,M
2023,Senior-level,Full-Time,Data Engineer,186000,USD,186000,US,On-site,United States,M
2023,Mid-level,Full-Time,Data Analyst,75000,USD,75000,US,Fully Remote,United States,M
2023,Entry-level/Junior,Full-Time,Data Scientist,20000,USD,20000,TR,Fully Remote,Turkey,S
2021,Mid-level,Full-Time,Data Scientist,38400,USD,38400,VN,Fully Remote,United States,M
2023,Senior-level,Full-Time,Data Engineer,146000,USD,146000,US,On-site,United States,M
2023,Senior-level,Full-Time,Data Scientist,210000,USD,210000,US,Fully Remote,United States,M
2023,Senior-level,Full-Time,Data Engineer,145000,USD,145000,US,On-site,United States,M
2023,Senior-level,Full-Time,Data Scientist,153600,USD,153600,US,On-site,United States,M
2023,Senior-level,Full-Time,Machine Learning Engineer,331640,USD,331640,US,On-site,United States,M
2024,Mid-level,Full-Time,Data Scientist,130000,USD,130000,US,On-site,United States,M
2024,Senior-level,Full-Time,Data Scientist,180000,USD,180000,US,On-site,United States,M
2024,Senior-level,Full-Time,Data Scientist,127300,USD,127300,US,On-site,United States,L
2024,Mid-level,Full-Time,Data Analyst,68000,USD,68000,US,On-site,United States,M
2023,Entry-level/Junior,Full-Time,Data Management,85600,USD,85600,US,On-site,United States,M
2023,Mid-level,Full-Time,Machine Learning Engineer,300000,USD,300000,AU,On-site,Australia,M
2023,Mid-level,Full-Time,Data Engineer,102000,USD,102000,US,On-site,United States,M
2024,Senior-level,Full-Time,Data Researcher,152400,USD,152400,US,Fully Remote,United States,M
2024,Mid-level,Full-Time,Machine Learning Engineer,250900,USD,250900,US,On-site,United States,M
2023,Senior-level,Full-Time,Data Scientist,156400,USD,156400,US,On-site,United States,M
2023,Senior-level,Full-Time,Machine Learning Engineer,172800,USD,172800,US,On-site,United States,M
2023,Senior-level,Full-Time,Data Engineer,208500,USD,208500,US,On-site,United States,M
2022,Mid-level,Full-Time,Data Analyst,35000,GBP,43096,GB,On-site,United Kingdom,M
2022,Executive-level,Full-Time,Machine Learning Engineer,6000000,INR,76309,IN,Hybrid,India,L
2024,Mid-level,Full-Time,Machine Learning Engineer,166000,USD,166000,US,On-site,United States,M
2024,Mid-level,Full-Time,Data Engineer,80000,USD,80000,US,Fully Remote,United States,M
2024,Senior-level,Full-Time,Data Scientist,155000,USD,155000,US,On-site,United States,M
2024,Senior-level,Full-Time,Machine Learning Engineer,132000,USD,132000,US,On-site,United States,M
2023,Senior-level,Full-Time,Business Intelligence,79700,USD,79700,US,On-site,United States,M
2024,Mid-level,Full-Time,Business Intelligence,70650,USD,70650,US,On-site,United States,M
2023,Senior-level,Full-Time,Machine Learning Engineer,300000,USD,300000,US,On-site,United States,M
2023,Senior-level,Full-Time,Data Analyst,120000,USD,120000,US,On-site,United States,M
2022,Senior-level,Full-Time,Data Scientist,185900,USD,185900,US,On-site,United States,M
2023,Entry-level/Junior,Full-Time,Data Analyst,65000,USD,65000,US,On-site,United States,M
2021,Entry-level/Junior,Full-Time,Data Developer,100000,USD,100000,IQ,Hybrid,Iraq,S
2024,Senior-level,Full-Time,Machine Learning Engineer,255800,USD,255800,US,On-site,United States,M
2024,Senior-level,Full-Time,Data Architect,119250,USD,119250,US,Fully Remote,United States,M
2024,Mid-level,Full-Time,Data Engineer,123000,USD,123000,US,On-site,United States,M
2023,Senior-level,Full-Time,Machine Learning Engineer,240000,USD,240000,GB,On-site,United Kingdom,M
2024,Senior-level,Full-Time,Data Management,170000,USD,170000,US,On-site,United States,M
2023,Senior-level,Full-Time,Data Analyst,51962,USD,51962,US,Fully Remote,United States,M
2023,Mid-level,Full-Time,Machine Learning Engineer,33063,GBP,40680,GB,On-site,United Kingdom,M
2023,Senior-level,Full-Time,Data Engineer,185900,USD,185900,US,On-site,United States,M
2024,Mid-level,Full-Time,Data Researcher,81500,USD,81500,US,Fully Remote,United States,M
2022,Senior-level,Full-Time,Data Scientist,50000,USD,50000,US,Fully Remote,United States,M
2023,Mid-level,Full-Time,Machine Learning Engineer,48000,USD,48000,VN,Fully Remote,Vietnam,M
2023,Executive-level,Full-Time,Machine Learning Engineer,330000,USD,330000,US,On-site,United States,M
2024,Senior-level,Full-Time,Data Engineer,259900,USD,259900,CA,Fully Remote,Canada,M
2024,Senior-level,Full-Time,Data Scientist,720000,USD,720000,US,On-site,United States,M
2024,Mid-level,Full-Time,Data Analyst,150000,USD,150000,US,On-site,United States,M
2023,Senior-level,Full-Time,Data Analyst,93919,USD,93919,US,Fully Remote,United States,M
2023,Senior-level,Full-Time,Data Engineer,75000,USD,75000,US,On-site,United States,M
2023,Senior-level,Full-Time,Business Intelligence,139000,USD,139000,US,On-site,United States,M
2024,Senior-level,Full-Time,Data Scientist,139000,USD,139000,US,On-site,United States,M
2023,Senior-level,Full-Time,Data Scientist,164000,USD,164000,US,On-site,United States,M
2024,Mid-level,Full-Time,Data Engineer,135000,USD,135000,US,Fully Remote,United States,M
2023,Senior-level,Full-Time,Data Scientist,167000,USD,167000,US,On-site,United States,M
2023,Senior-level,Full-Time,Data Engineer,121000,USD,121000,US,On-site,United States,M
2024,Executive-level,Full-Time,Machine Learning Engineer,150000,USD,150000,US,On-site,United States,M
2024,Senior-level,Full-Time,Data Architect,110000,USD,110000,US,On-site,United States,M
2023,Senior-level,Full-Time,Data Analyst,146200,USD,146200,US,On-site,United States,M
2024,Mid-level,Full-Time,Data Analyst,94625,USD,94625,US,Fully Remote,United States,M
2023,Senior-level,Full-Time,Data Engineer,245000,USD,245000,US,On-site,United States,M
2023,Mid-level,Full-Time,Data Engineer,143000,USD,143000,US,On-site,United States,M
2022,Senior-level,Full-Time,Data Scientist,206000,USD,206000,US,Fully Remote,United States,M
2022,Senior-level,Full-Time,Data Analyst,135000,USD,135000,US,Fully Remote,United States,M
2023,Executive-level,Full-Time,Data Management,72000,USD,72000,MX,Fully Remote,Mexico,S
2024,Executive-level,Full-Time,Data Engineer,204500,USD,204500,US,On-site,United States,M
2024,Senior-level,Full-Time,Data Scientist,240000,USD,240000,US,Fully Remote,United States,M
2023,Senior-level,Full-Time,Data Engineer,110000,USD,110000,US,On-site,United States,M
2024,Senior-level,Full-Time,Data Engineer,240000,USD,240000,US,On-site,United States,M
2022,Executive-level,Full-Time,Data Engineer,187200,USD,187200,US,Fully Remote,United States,M
2023,Senior-level,Full-Time,Data Scientist,223800,USD,223800,US,On-site,United States,M
2023,Senior-level,Full-Time,Data Researcher,124100,USD,124100,US,On-site,United States,L
2024,Mid-level,Full-Time,Data Researcher,124100,USD,124100,US,On-site,United States,L
2023,Senior-level,Full-Time,Data Engineer,115000,USD,115000,US,On-site,United States,M
2024,Senior-level,Full-Time,Data Researcher,240000,USD,240000,US,On-site,United States,M
2023,Senior-level,Full-Time,Data Scientist,146600,USD,146600,US,On-site,United States,M
2023,Senior-level,Full-Time,Data Analyst,133000,USD,133000,US,Fully Remote,United States,M
2024,Mid-level,Full-Time,Data Scientist,240000,USD,240000,US,On-site,United States,M
2023,Mid-level,Full-Time,Data Analyst,140000,USD,140000,US,On-site,United States,M
2023,Senior-level,Full-Time,Data Analyst,115000,USD,115000,US,Fully Remote,United States,M
2023,Senior-level,Full-Time,Data Analyst,103200,USD,103200,US,On-site,United States,M
2024,Senior-level,Full-Time,Data Researcher,360000,USD,360000,US,On-site,United States,M
2024,Mid-level,Full-Time,Data Scientist,130000,USD,130000,US,On-site,United States,M
2023,Senior-level,Full-Time,Data Engineer,275300,USD,275300,US,Fully Remote,United States,M
2021,Mid-level,Full-Time,Data Scientist,109000,USD,109000,US,Hybrid,United States,L
2023,Senior-level,Full-Time,Data Management,82500,USD,82500,US,Fully Remote,United States,M
2023,Senior-level,Full-Time,Machine Learning Engineer,192000,USD,192000,US,Fully Remote,United States,M
2024,Mid-level,Full-Time,Data Operation,88000,USD,88000,US,On-site,United States,M
2024,Senior-level,Full-Time,Data Engineer,194500,USD,194500,US,On-site,United States,M
2023,Senior-level,Full-Time,Machine Learning Engineer,192000,USD,192000,US,Fully Remote,United States,M
2023,Senior-level,Full-Time,Data Engineer,100000,USD,100000,US,On-site,United States,M
2024,Senior-level,Full-Time,Data Analyst,107000,USD,107000,CA,On-site,Canada,M
2024,Mid-level,Full-Time,Data Scientist,90000,USD,90000,US,Fully Remote,United States,M
2023,Senior-level,Full-Time,Machine Learning Engineer,234000,USD,234000,US,Fully Remote,United States,M
2023,Senior-level,Full-Time,Data Analyst,74400,USD,74400,US,Fully Remote,United States,M
2023,Mid-level,Full-Time,Data Engineer,136000,USD,136000,US,Fully Remote,United States,M
2023,Senior-level,Full-Time,Machine Learning Engineer,235000,USD,235000,US,On-site,United States,M
2023,Senior-level,Full-Time,Data Engineer,150000,USD,150000,US,Fully Remote,United States,M
2023,Senior-level,Full-Time,Data Engineer,160000,USD,160000,US,On-site,United States,M
2023,Senior-level,Full-Time,Data Analyst,74400,USD,74400,US,Fully Remote,United States,M
2024,Senior-level,Full-Time,Machine Learning Engineer,195000,USD,195000,US,Fully Remote,United States,M
2023,Senior-level,Full-Time,Machine Learning Engineer,145000,USD,145000,US,On-site,United States,M
2023,Mid-level,Full-Time,Data Analyst,80000,USD,80000,US,On-site,United States,M
2022,Executive-level,Full-Time,Data Scientist,250000,CAD,192037,CA,Hybrid,Canada,L
2024,Senior-level,Full-Time,Data Researcher,202350,USD,202350,US,On-site,United States,M
2022,Senior-level,Full-Time,Data Engineer,154600,USD,154600,US,Fully Remote,United States,M
2024,Mid-level,Full-Time,Data Management,83300,USD,83300,US,On-site,United States,M
2024,Executive-level,Full-Time,Data Scientist,326000,USD,326000,US,Fully Remote,United States,M
2023,Mid-level,Full-Time,Business Intelligence,62500,USD,62500,US,Fully Remote,United States,M
2023,Senior-level,Full-Time,Data Scientist,165000,USD,165000,US,On-site,United States,M
2023,Senior-level,Full-Time,Data Scientist,124600,USD,124600,US,On-site,United States,M
2023,Senior-level,Full-Time,Machine Learning Engineer,135000,USD,135000,US,On-site,United States,M
2024,Mid-level,Full-Time,Machine Learning Engineer,220000,USD,220000,US,On-site,United States,M
2024,Mid-level,Full-Time,Data Scientist,103000,USD,103000,US,Fully Remote,United States,M
2023,Senior-level,Full-Time,Machine Learning Engineer,336300,USD,336300,US,On-site,United States,M
2024,Senior-level,Full-Time,Data Analyst,59923,USD,59923,US,On-site,United States,M
2023,Senior-level,Full-Time,Data Scientist,187415,USD,187415,US,On-site,United States,M
2024,Senior-level,Full-Time,Machine Learning Engineer,233840,USD,233840,US,On-site,United States,M
2022,Senior-level,Full-Time,Data Scientist,185900,USD,185900,US,On-site,United States,M
2024,Entry-level/Junior,Full-Time,Data Analyst,92700,USD,92700,US,Fully Remote,United States,M
2024,Mid-level,Full-Time,Machine Learning Engineer,185800,USD,185800,US,Fully Remote,United States,M
2023,Entry-level/Junior,Full-Time,Machine Learning Engineer,47840,USD,47840,US,On-site,United States,M
2023,Executive-level,Full-Time,Data Engineer,145000,USD,145000,US,On-site,United States,M
2024,Senior-level,Full-Time,Data Scientist,146000,USD,146000,US,On-site,United States,M
2023,Senior-level,Full-Time,Data Scientist,115000,USD,115000,CA,Fully Remote,Canada,M
2023,Senior-level,Full-Time,Data Analyst,125000,USD,125000,US,Fully Remote,United States,M
2023,Senior-level,Full-Time,Data Engineer,140000,USD,140000,US,On-site,United States,M
2023,Mid-level,Full-Time,Data Engineer,205600,USD,205600,US,On-site,United States,L
2023,Senior-level,Full-Time,Machine Learning Engineer,242921,USD,242921,US,On-site,United States,M
2023,Senior-level,Full-Time,Data Scientist,126100,USD,126100,US,On-site,United States,L
2023,Senior-level,Full-Time,Data Engineer,106500,USD,106500,US,On-site,United States,M
2022,Executive-level,Full-Time,Data Engineer,260000,USD,260000,US,Fully Remote,United States,M
2023,Senior-level,Full-Time,Machine Learning Engineer,142200,USD,142200,US,On-site,United States,M
2023,Executive-level,Full-Time,Data Analyst,125000,USD,125000,US,Fully Remote,United States,M
2023,Senior-level,Full-Time,Data Engineer,130000,USD,130000,US,Fully Remote,United States,M
2023,Mid-level,Full-Time,Data Engineer,90000,GBP,110736,GB,On-site,United Kingdom,M
2024,Senior-level,Full-Time,Data Engineer,104000,USD,104000,US,On-site,United States,M
2023,Senior-level,Full-Time,Data Analyst,95000,USD,95000,US,On-site,United States,M
2023,Senior-level,Full-Time,Data Engineer,108320,USD,108320,US,Fully Remote,United States,M
2022,Mid-level,Full-Time,Data Engineer,170000,USD,170000,US,On-site,United States,M
2023,Senior-level,Full-Time,Data Architect,134000,USD,134000,US,On-site,United States,M
2023,Senior-level,Full-Time,Business Intelligence,247500,USD,247500,US,On-site,United States,M
2023,Senior-level,Full-Time,Data Scientist,142436,USD,142436,GB,On-site,United Kingdom,M
2023,Senior-level,Full-Time,Data Architect,160000,USD,160000,US,Fully Remote,United States,M
2023,Senior-level,Full-Time,Data Researcher,165000,USD,165000,US,On-site,United States,M
2024,Senior-level,Full-Time,Data Scientist,240000,USD,240000,FR,On-site,France,M
2024,Senior-level,Full-Time,Data Scientist,125000,USD,125000,US,Fully Remote,United States,M
2023,Senior-level,Full-Time,Data Engineer,252000,USD,252000,US,On-site,United States,M
2023,Mid-level,Full-Time,Machine Learning Engineer,95000,USD,95000,PT,Fully Remote,Portugal,M
2024,Entry-level/Junior,Full-Time,Data Scientist,154800,USD,154800,US,On-site,United States,M
2024,Entry-level/Junior,Part-Time,Data Scientist,151260,USD,151260,US,On-site,United States,L
2023,Senior-level,Full-Time,Data Scientist,190000,USD,190000,US,On-site,United States,M
2023,Executive-level,Full-Time,Data Engineer,136000,USD,136000,US,Fully Remote,United States,M
2023,Senior-level,Full-Time,Machine Learning Engineer,165400,USD,165400,GB,On-site,United Kingdom,M
2020,Entry-level/Junior,Full-Time,Data Analyst,20000,EUR,22809,PT,Fully Remote,Portugal,M
2022,Senior-level,Full-Time,Data Analyst,110600,USD,110600,US,On-site,United States,M
2023,Senior-level,Full-Time,Data Engineer,260000,USD,260000,US,On-site,United States,M
2023,Senior-level,Full-Time,Machine Learning Engineer,275000,USD,275000,US,On-site,United States,M
2022,Mid-level,Full-Time,Data Scientist,90000,EUR,94560,FR,Fully Remote,France,M
2023,Entry-level/Junior,Full-Time,Machine Learning Engineer,2000000,INR,24322,IN,Fully Remote,Switzerland,L
2023,Senior-level,Full-Time,Data Engineer,130000,USD,130000,US,On-site,United States,M
2021,Senior-level,Full-Time,Data Researcher,120500,CAD,96113,CA,Hybrid,Canada,L
2023,Senior-level,Full-Time,Data Engineer,147100,USD,147100,US,On-site,United States,M
2024,Executive-level,Full-Time,Data Engineer,258500,USD,258500,US,On-site,United States,M
2024,Mid-level,Full-Time,Data Engineer,62000,USD,62000,US,On-site,United States,M
2023,Mid-level,Full-Time,Data Scientist,115000,USD,115000,US,Fully Remote,United States,M
2023,Senior-level,Full-Time,Data Analyst,120000,USD,120000,US,Fully Remote,United States,M
2023,Senior-level,Full-Time,Machine Learning Engineer,119250,USD,119250,US,On-site,United States,M
2024,Mid-level,Full-Time,Machine Learning Engineer,140000,USD,140000,US,On-site,United States,M
2023,Senior-level,Full-Time,Machine Learning Engineer,221000,USD,221000,US,On-site,United States,M
2024,Senior-level,Full-Time,Data Engineer,65000,GBP,81250,GB,On-site,United Kingdom,M
2022,Senior-level,Full-Time,Data Scientist,129300,USD,129300,US,On-site,United States,M
2024,Senior-level,Full-Time,Data Engineer,215000,USD,215000,US,On-site,United States,M
2022,Senior-level,Full-Time,Data Analyst,99450,USD,99450,US,Fully Remote,United States,M
2024,Senior-level,Full-Time,Data Engineer,103000,USD,103000,US,On-site,United States,M
2023,Senior-level,Full-Time,Data Scientist,160000,USD,160000,US,On-site,United States,M
2023,Entry-level/Junior,Full-Time,Data Scientist,130000,USD,130000,US,On-site,United States,M
2024,Senior-level,Full-Time,Data Researcher,180000,USD,180000,US,Fully Remote,United States,M
2024,Senior-level,Full-Time,Data Scientist,136500,USD,136500,US,Fully Remote,United States,M
2023,Senior-level,Full-Time,Machine Learning Engineer,142200,USD,142200,US,On-site,United States,M
2024,Senior-level,Full-Time,Data Scientist,130000,USD,130000,US,Fully Remote,United States,M
2023,Mid-level,Full-Time,Data Scientist,110000,USD,110000,US,On-site,United States,M
2023,Senior-level,Full-Time,Data Engineer,109400,USD,109400,US,On-site,United States,M
2023,Mid-level,Full-Time,Data Scientist,145000,USD,145000,US,Fully Remote,United States,M
2023,Senior-level,Full-Time,Business Intelligence,169000,USD,169000,US,On-site,United States,M
2023,Senior-level,Full-Time,Data Analyst,110000,USD,110000,US,Fully Remote,United States,M
2022,Senior-level,Full-Time,Data Scientist,380000,USD,380000,US,Fully Remote,United States,L
2023,Senior-level,Full-Time,Machine Learning Engineer,284310,USD,284310,US,On-site,United States,M
2024,Mid-level,Full-Time,Business Intelligence,43626,GBP,54532,GB,On-site,United Kingdom,M
2022,Mid-level,Full-Time,Data Analyst,40000,EUR,42026,ES,Fully Remote,Spain,M
2023,Senior-level,Full-Time,Data Scientist,260000,USD,260000,US,On-site,United States,L
2023,Senior-level,Full-Time,Data Scientist,187259,USD,187259,US,On-site,United States,M
2024,Mid-level,Full-Time,Data Analyst,134500,USD,134500,US,On-site,United States,M
2023,Senior-level,Full-Time,Data Analyst,165000,USD,165000,US,Fully Remote,United States,M
2023,Mid-level,Full-Time,Data Analyst,90000,USD,90000,US,Fully Remote,United States,M
2023,Senior-level,Full-Time,Machine Learning Engineer,90000,USD,90000,CO,On-site,Colombia,M
2023,Senior-level,Full-Time,Data Scientist,225000,USD,225000,US,On-site,United States,M
2023,Senior-level,Full-Time,Data Engineer,124935,USD,124935,ZA,On-site,South Africa,M
2024,Senior-level,Full-Time,Data Researcher,164300,USD,164300,US,On-site,United States,M
2022,Entry-level/Junior,Full-Time,Machine Learning Engineer,80000,USD,80000,CA,Hybrid,United States,S
2023,Senior-level,Full-Time,Data Analyst,115934,USD,115934,US,Fully Remote,United States,M
2024,Mid-level,Full-Time,Data Scientist,190000,USD,190000,US,On-site,United States,M
2024,Senior-level,Full-Time,Data Engineer,140000,USD,140000,US,On-site,United States,M
2023,Senior-level,Full-Time,Data Scientist,122000,USD,122000,US,On-site,United States,M
2023,Senior-level,Full-Time,Data Scientist,60000,EUR,64781,ES,On-site,Spain,M
2024,Entry-level/Junior,Full-Time,Data Analyst,55000,USD,55000,US,On-site,United States,M
2023,Senior-level,Full-Time,Data Analyst,142000,USD,142000,US,On-site,United States,M
2022,Mid-level,Full-Time,Data Scientist,70000,EUR,73546,NL,Hybrid,Netherlands,L
2023,Mid-level,Full-Time,Data Researcher,300000,USD,300000,US,On-site,United States,M
2023,Senior-level,Full-Time,Business Intelligence,180000,USD,180000,US,On-site,United States,M
2023,Mid-level,Full-Time,Data Analyst,109000,USD,109000,US,On-site,United States,M
2024,Senior-level,Full-Time,Data Engineer,175000,USD,175000,US,On-site,United States,M
2023,Senior-level,Full-Time,Data Analyst,85000,USD,85000,US,Fully Remote,United States,M
2024,Senior-level,Full-Time,Data Engineer,130000,USD,130000,US,Fully Remote,United States,M
2023,Senior-level,Full-Time,Data Researcher,278700,USD,278700,US,On-site,United States,M
2022,Senior-level,Full-Time,Data Engineer,136000,USD,136000,US,On-site,United States,M
2023,Senior-level,Full-Time,Machine Learning Engineer,204500,USD,204500,CA,On-site,Canada,M
2024,Entry-level/Junior,Full-Time,Data Engineer,110000,USD,110000,US,On-site,United States,M
2023,Senior-level,Full-Time,Data Scientist,297300,USD,297300,US,Fully Remote,United States,M
2023,Senior-level,Full-Time,Data Scientist,167560,USD,167560,US,Fully Remote,United States,M
2023,Senior-level,Full-Time,Data Scientist,130000,USD,130000,US,On-site,United States,M
2023,Mid-level,Full-Time,Data Scientist,145000,USD,145000,US,On-site,United States,M
2023,Senior-level,Full-Time,Data Engineer,168400,USD,168400,US,On-site,United States,M
2024,Executive-level,Full-Time,Data Scientist,300000,USD,300000,US,Fully Remote,United States,M
2023,Senior-level,Full-Time,Data Engineer,100000,USD,100000,US,Fully Remote,United States,M
2023,Senior-level,Full-Time,Data Analyst,122000,USD,122000,US,On-site,United States,M
2023,Mid-level,Full-Time,Data Analyst,100000,USD,100000,US,On-site,United States,M
2023,Mid-level,Full-Time,Data Analyst,126000,USD,126000,US,On-site,United States,M
2023,Senior-level,Full-Time,Data Scientist,228000,USD,228000,US,On-site,United States,M
2023,Senior-level,Full-Time,Machine Learning Engineer,212000,USD,212000,US,On-site,United States,M
2023,Senior-level,Full-Time,Data Engineer,162000,USD,162000,US,Fully Remote,United States,M
2024,Mid-level,Full-Time,Data Analyst,79645,USD,79645,US,Fully Remote,United States,M
2023,Mid-level,Full-Time,Data Analyst,150000,USD,150000,US,On-site,United States,M
2024,Senior-level,Full-Time,Data Management,116500,USD,116500,US,On-site,United States,M
2023,Senior-level,Full-Time,Data Scientist,239000,USD,239000,US,On-site,United States,L
2024,Mid-level,Full-Time,Data Scientist,172200,USD,172200,US,Fully Remote,United States,M
2023,Senior-level,Full-Time,Data Analyst,36000,EUR,38868,EE,On-site,Estonia,M
2024,Senior-level,Full-Time,Machine Learning Engineer,220067,USD,220067,US,Fully Remote,United States,M
2023,Senior-level,Full-Time,Machine Learning Engineer,208450,USD,208450,US,On-site,United States,M
2023,Mid-level,Full-Time,Business Intelligence,119000,USD,119000,US,On-site,United States,M
2023,Senior-level,Full-Time,Data Analyst,105000,USD,105000,US,Fully Remote,United States,M
2023,Senior-level,Full-Time,Machine Learning Engineer,311000,USD,311000,US,On-site,United States,M
2023,Mid-level,Full-Time,Data Analyst,85000,GBP,104584,GB,On-site,United Kingdom,M
2023,Senior-level,Full-Time,Data Analyst,142000,USD,142000,US,Fully Remote,United States,M
2023,Senior-level,Full-Time,Data Engineer,192000,USD,192000,US,On-site,United States,M
2023,Mid-level,Full-Time,Data Analyst,115500,USD,115500,US,On-site,United States,M
2021,Senior-level,Full-Time,Data Analyst,67000,EUR,79197,DE,Fully Remote,Germany,L
2023,Senior-level,Full-Time,Data Scientist,38000,EUR,41027,ES,On-site,Spain,M
2023,Senior-level,Full-Time,Data Engineer,190000,USD,190000,US,Fully Remote,United States,M
2023,Mid-level,Full-Time,Data Engineer,150000,USD,150000,US,On-site,United States,M
2024,Senior-level,Full-Time,Machine Learning Engineer,257000,USD,257000,US,On-site,United States,M
2023,Senior-level,Full-Time,Data Scientist,170000,USD,170000,US,On-site,United States,M
2023,Senior-level,Full-Time,Data Scientist,207500,USD,207500,US,Fully Remote,United States,M
2021,Mid-level,Full-Time,Data Analyst,93000,USD,93000,US,Fully Remote,United States,L
2023,Senior-level,Full-Time,Data Scientist,201450,USD,201450,US,Fully Remote,United States,M
2024,Senior-level,Full-Time,Data Scientist,206000,USD,206000,US,On-site,United States,M
2024,Mid-level,Full-Time,Data Scientist,243500,USD,243500,US,On-site,United States,M
2023,Senior-level,Full-Time,Data Engineer,165000,USD,165000,US,Fully Remote,United States,M
2024,Senior-level,Full-Time,Data Engineer,100000,USD,100000,US,On-site,United States,M
2024,Senior-level,Full-Time,Data Scientist,50000,EUR,55555,FR,Fully Remote,France,M
2024,Mid-level,Full-Time,Data Management,47500,USD,47500,US,On-site,United States,M
2022,Mid-level,Full-Time,Data Engineer,100000,USD,100000,US,Fully Remote,United States,M
2023,Senior-level,Full-Time,Business Intelligence,180000,USD,180000,US,On-site,United States,M
2023,Mid-level,Full-Time,Data Engineer,85300,USD,85300,CA,On-site,Canada,M
2023,Mid-level,Full-Time,Data Engineer,75000,USD,75000,US,On-site,United States,M
2023,Mid-level,Contract,Data Analyst,35000,USD,35000,PH,Fully Remote,United States,M
2024,Senior-level,Full-Time,Machine Learning Engineer,84500,USD,84500,US,On-site,United States,M
2023,Senior-level,Full-Time,Data Scientist,134000,USD,134000,US,On-site,United States,M
2024,Executive-level,Full-Time,Data Management,290000,USD,290000,US,Fully Remote,United States,M
2022,Senior-level,Full-Time,Data Scientist,177000,USD,177000,US,Fully Remote,United States,L
2023,Senior-level,Full-Time,Data Engineer,90000,USD,90000,US,On-site,United States,M
2023,Senior-level,Full-Time,Data Scientist,220000,USD,220000,US,On-site,United States,M
2023,Senior-level,Full-Time,Machine Learning Engineer,230000,USD,230000,US,On-site,United States,M
2023,Entry-level/Junior,Full-Time,Data Scientist,50000,USD,50000,IN,Fully Remote,United States,M
2023,Senior-level,Full-Time,Business Intelligence,185000,USD,185000,US,On-site,United States,L
2023,Entry-level/Junior,Full-Time,Data Analyst,48000,USD,48000,US,On-site,United States,M
2023,Senior-level,Full-Time,Data Researcher,196000,USD,196000,US,On-site,United States,M
2022,Senior-level,Full-Time,Data Engineer,136994,USD,136994,US,Fully Remote,United States,M
2024,Senior-level,Full-Time,Machine Learning Engineer,215000,CAD,165384,CA,On-site,Canada,M
2023,Senior-level,Full-Time,Data Analyst,75000,GBP,92280,GB,On-site,United Kingdom,M
2024,Senior-level,Full-Time,Data Researcher,214000,USD,214000,US,Fully Remote,United States,M
2024,Senior-level,Full-Time,Data Engineer,185800,USD,185800,US,Fully Remote,United States,M
2022,Senior-level,Full-Time,Data Engineer,153600,USD,153600,US,On-site,United States,M
2023,Senior-level,Full-Time,Data Architect,94000,USD,94000,US,On-site,United States,M
2023,Mid-level,Full-Time,Machine Learning Engineer,149094,USD,149094,US,On-site,United States,M
2023,Senior-level,Full-Time,Machine Learning Engineer,152000,USD,152000,US,On-site,United States,M
2024,Mid-level,Full-Time,Machine Learning Engineer,151000,USD,151000,US,On-site,United States,M
2023,Senior-level,Full-Time,Machine Learning Engineer,70000,EUR,75577,FR,Fully Remote,France,M
2022,Senior-level,Full-Time,Data Engineer,145000,USD,145000,US,On-site,United States,M
2024,Senior-level,Full-Time,Machine Learning Engineer,153000,USD,153000,US,On-site,United States,M
2022,Entry-level/Junior,Full-Time,Data Scientist,30000,EUR,31520,PT,Fully Remote,Spain,M
2023,Senior-level,Full-Time,Machine Learning Engineer,176000,USD,176000,US,On-site,United States,M
